case,equilibrium,mode,amplitude,dt_s,duration_s,predicted_re_per_s,predicted_im_rad_s,measured_sigma,measured_omega,t_s,d_alpha_rad,d_beta_rad,d_p_rad_s,d_q_rad_s,d_r_rad_s,d_theta_rad,d_phi_rad,d_V_ft_s,modal_re,modal_im
A20-A,table_vii_20,A+,0.0001,0.01,8,-1.4114271001332619,0.99973820985176942,-1.4113208026974993,0.99977013375566071,0,1.000000000E-004,-6.315340567E-046,-8.819573856E-044,-3.813727522E-005,-1.141028995E-044,7.366544611E-005,1.108772667E-043,4.708250072E-003,2.354125036E-003,1.524533737E-016
A20-A,table_vii_20,A+,0.0001,0.01,8,-1.4114271001332619,0.99973820985176942,-1.4113208026974993,0.99977013375566071,0.06,9.522209499E-005,-7.432961083E-046,-8.819573856E-044,-4.415392069E-005,-1.141028995E-044,7.118939636E-005,1.054005725E-043,4.318159544E-003,2.159077573E-003,1.296721204E-004
A20-A,table_vii_20,A+,0.0001,0.01,8,-1.4114271001332619,0.99973820985176942,-1.4113208026974993,0.99977013375566071,0.12,9.024610332E-005,-8.871239596E-046,-8.819573856E-044,-4.879594003E-005,-1.141028997E-044,6.839446134E-005,9.992387831E-044,3.946108930E-003,1.973050689E-003,2.378544111E-004
A20-A,table_vii_20,A+,0.0001,0.01,8,-1.4114271001332619,0.99973820985176942,-1.4113208026974993,0.99977013375566071,0.18,8.515215252E-005,-1.063017609E-045,-8.819573856E-044,-5.223158134E-005,-1.141028999E-044,6.535800196E-005,9.444718409E-044,3.592970007E-003,1.796480339E-003,3.268245792E-004
A20-A,table_vii_20,A+,0.0001,0.01,8,-1.4114271001332619,0.99973820985176942,-1.4113208026974993,0.99977013375566071,0.24,8.000900956E-005,-1.270977057E-045,-8.819573857E-044,-5.461501353E-005,-1.141029002E-044,6.214770501E-005,8.897048986E-044,3.259287217E-003,1.629637722E-003,3.986991072E-004
A20-A,table_vii_20,A+,0.0001,0.01,8,-1.4114271001332619,0.99973820985176942,-1.4113208026974993,0.99977013375566071,0.3,7.487522196E-005,-1.511002300E-045,-8.819573858E-044,-5.608649982E-005,-1.141029006E-044,5.882243120E-005,8.349379563E-044,2.945331693E-003,1.472658854E-003,4.554289117E-004
A20-A,table_vii_20,A+,0.0001,0.01,8,-1.4114271001332619,0.99973820985176942,-1.4113208026974993,0.99977013375566071,0.36,6.980016579E-005,-1.783093339E-045,-8.819573859E-044,-5.677345488E-005,-1.141029010E-044,5.543300890E-005,7.801710140E-044,2.651139288E-003,1.325562334E-003,4.988102188E-004
A20-A,table_vii_20,A+,0.0001,0.01,8,-1.4114271001332619,0.99973820985176942,-1.4113208026974993,0.99977013375566071,0.42,6.482494082E-005,-2.087250174E-045,-8.819573860E-044,-5.679145462E-005,-1.141029014E-044,5.202298757E-005,7.254040718E-044,2.376542259E-003,1.188263409E-003,5.304956355E-004
A20-A,table_vii_20,A+,0.0001,0.01,8,-1.4114271001332619,0.99973820985176942,-1.4113208026974993,0.99977013375566071,0.48,5.998318979E-005,-2.423472802E-045,-8.819573861E-044,-5.624467535E-005,-1.141029018E-044,4.862932330E-005,6.706371295E-044,2.121201428E-003,1.060591894E-003,5.519962412E-004
A20-A,table_vii_20,A+,0.0001,0.01,8,-1.4114271001332619,0.99973820985176942,-1.4113208026974993,0.99977013375566071,0.54,5.530205964E-005,-2.791761225E-045,-8.819573862E-044,-5.522640634E-005,-1.141029023E-044,4.528305223E-005,6.158701873E-044,1.884647464E-003,9.423132584E-004,5.646839910E-004
A20-A,table_vii_20,A+,0.0001,0.01,8,-1.4114271001332619,0.99973820985176942,-1.4113208026974993,0.99977013375566071,0.6,5.080287840E-005,-3.192115443E-045,-8.819573863E-044,-5.382009612E-005,-1.141029027E-044,4.200991123E-005,5.611032451E-044,1.666295488E-003,8.331362451E-004,5.698047546E-004
A20-A,table_vii_20,A+,0.0001,0.01,8,-1.4114271001332619,0.99973820985176942,-1.4113208026974993,0.99977013375566071,0.66,4.650186897E-005,-3.624535456E-045,-8.819573864E-044,-5.209973934E-005,-1.141029031E-044,3.883091848E-005,5.063363029E-044,1.465476454E-003,7.327284773E-004,5.684802183E-004
A20-A,table_vii_20,A+,0.0001,0.01,8,-1.4114271001332619,0.99973820985176942,-1.4113208026974993,0.99977013375566071,0.72,4.241064030E-005,-4.089021265E-045,-8.819573865E-044,-5.013211894E-005,-1.141029034E-044,3.576287774E-005,4.515693607E-044,1.281432643E-003,6.407065054E-004,5.617419156E-004
A20-A,table_vii_20,A+,0.0001,0.01,8,-1.4114271001332619,0.99973820985176942,-1.4113208026974993,0.99977013375566071,0.78,3.853703851E-005,-4.585572869E-045,-8.819573866E-044,-4.797489502E-005,-1.141029038E-044,3.281885106E-005,3.968024186E-044,1.113379616E-003,5.566791773E-004,5.504941718E-004
A20-A,table_vii_20,A+,0.0001,0.01,8,-1.4114271001332619,0.99973820985176942,-1.4113208026974993,0.99977013375566071,0.84,3.488559882E-005,-5.114190270E-045,-8.819573867E-044,-4.567851808E-005,-1.141029040E-044,3.000867476E-005,3.420354765E-044,9.604988934E-004,4.802400084E-004,5.355429243E-004
A20-A,table_vii_20,A+,0.0001,0.01,8,-1.4114271001332619,0.99973820985176942,-1.4113208026974993,0.99977013375566071,0.9,3.145778327E-005,-5.674873468E-045,-8.819573868E-044,-4.328780741E-005,-1.141029043E-044,2.733931620E-005,2.872685343E-044,8.219309578E-004,4.109572264E-004,5.176203792E-004
A20-A,table_vii_20,A+,0.0001,0.01,8,-1.4114271001332619,0.99973820985176942,-1.4113208026974993,0.99977013375566071,0.96,2.825258281E-005,-6.267622463E-045,-8.819573869E-044,-4.084151967E-005,-1.141029045E-044,2.481524193E-005,2.325015922E-044,6.968092549E-004,3.483948326E-004,4.973740479E-004
A20-A,table_vii_20,A+,0.0001,0.01,8,-1.4114271001332619,0.99973820985176942,-1.4113208026974993,0.99977013375566071,1.02,2.526713775E-005,-6.892437255E-045,-8.819573870E-044,-3.837198699E-005,-1.141029046E-044,2.243879473E-005,1.777346502E-044,5.842875487E-004,2.921333812E-004,4.753567927E-004
A20-A,table_vii_20,A+,0.0001,0.01,8,-1.4114271001332619,0.99973820985176942,-1.4113208026974993,0.99977013375566071,1.08,2.249671178E-005,-7.549317846E-045,-8.819573871E-044,-3.590735806E-005,-1.141029047E-044,2.021050781E-005,1.229677081E-044,4.835114578E-004,2.417458448E-004,4.520641424E-004
A20-A,table_vii_20,A+,0.0001,0.01,8,-1.4114271001332619,0.99973820985176942,-1.4113208026974993,0.99977013375566071,1.1400000000000001,1.993531173E-005,-8.238264236E-045,-8.819573872E-044,-3.347115899E-005,-1.141029047E-044,1.812934430E-005,6.820076600E-045,3.936577103E-004,1.968192695E-004,4.279230843E-004
A20-A,table_vii_20,A+,0.0001,0.01,8,-1.4114271001332619,0.99973820985176942,-1.4113208026974993,0.99977013375566071,1.2,1.757564396E-005,-8.959276425E-045,-8.819573872E-044,-3.108332027E-005,-1.141029048E-044,1.619299409E-005,1.343382393E-045,3.139040764E-004,1.569427173E-004,4.033093337E-004
A20-A,table_vii_20,A+,0.0001,0.01,8,-1.4114271001332619,0.99973820985176942,-1.4113208026974993,0.99977013375566071,1.26,1.540967644E-005,-9.726590606E-045,-8.821949948E-044,-2.875970719E-005,-1.080486647E-044,1.439805900E-005,-4.129937453E-045,2.434713869E-004,1.217277015E-004,3.785360035E-004
A20-A,table_vii_20,A+,0.0001,0.01,8,-1.4114271001332619,0.99973820985176942,-1.4113208026974993,0.99977013375566071,1.32,1.342858758E-005,-1.056518799E-044,-8.823670555E-044,-2.651371289E-005,-1.036645598E-044,1.274026877E-005,-9.593953703E-045,1.815962038E-004,9.079008202E-005,3.538803186E-004
A20-A,table_vii_20,A+,0.0001,0.01,8,-1.4114271001332619,0.99973820985176942,-1.4113208026974993,0.99977013375566071,1.3800000000000001,1.162324981E-005,-1.144329619E-044,-8.823670555E-044,-2.435502299E-005,-1.036645597E-044,1.121466461E-005,-1.505618636E-044,1.275652169E-004,6.377623933E-005,3.295600642E-004
A20-A,table_vii_20,A+,0.0001,0.01,8,-1.4114271001332619,0.99973820985176942,-1.4113208026974993,0.99977013375566071,1.44,9.984122272E-006,-1.235338552E-044,-8.823670555E-044,-2.229187648E-005,-1.036645596E-044,9.815753953E-006,-2.051841902E-044,8.068721797E-005,4.033652817E-005,3.057717479E-004
A20-A,table_vii_20,A+,0.0001,0.01,8,-1.4114271001332619,0.99973820985176942,-1.4113208026974993,0.99977013375566071,1.5,8.501636022E-006,-1.329545598E-044,-8.823670556E-044,-2.032922982E-005,-1.036645594E-044,8.537636158E-006,-2.598065168E-044,4.032313271E-005,2.015496928E-005,2.826577025E-004
A20-A,table_vii_20,A+,0.0001,0.01,8,-1.4114271001332619,0.99973820985176942,-1.4113208026974993,0.99977013375566071,1.56,7.165943183E-006,-1.426950758E-044,-8.823670556E-044,-1.847129595E-005,-1.036645592E-044,7.374146307E-006,-3.144288434E-044,5.845512590E-006,2.915833937E-006,2.603497676E-004
A20-A,table_vii_20,A+,0.0001,0.01,8,-1.4114271001332619,0.99973820985176942,-1.4113208026974993,0.99977013375566071,1.62,5.967416874E-006,-1.527554030E-044,-8.823670556E-044,-1.672002371E-005,-1.036645590E-044,6.318942156E-006,-3.690511700E-044,-2.331891272E-005,-1.166672231E-005,2.389409101E-004
A20-A,table_vii_20,A+,0.0001,0.01,8,-1.4114271001332619,0.99973820985176942,-1.4113208026974993,0.99977013375566071,1.68,4.896495960E-006,-1.631355415E-044,-8.823670556E-044,-1.507636865E-005,-1.036645588E-044,5.365586881E-006,-4.236734966E-044,-4.771408791E-005,-2.386622583E-005,2.185072666E-004
A20-A,table_vii_20,A+,0.0001,0.01,8,-1.4114271001332619,0.99973820985176942,-1.4113208026974993,0.99977013375566071,1.74,3.944022475E-006,-1.738354913E-044,-8.823670556E-044,-1.353926803E-005,-1.036645586E-044,4.507651881E-006,-4.782958232E-044,-6.782924530E-005,-3.392392482E-005,1.990890064E-004
A20-A,table_vii_20,A+,0.0001,0.01,8,-1.4114271001332619,0.99973820985176942,-1.4113208026974993,0.99977013375566071,1.8,3.100869670E-006,-1.848552525E-044,-8.823670556E-044,-1.210773158E-005,-1.036645584E-044,3.738759750E-006,-5.329181498E-044,-8.414136718E-005,-4.208085819E-005,1.807273484E-004
A20-A,table_vii_20,A+,0.0001,0.01,8,-1.4114271001332619,0.99973820985176942,-1.4113208026974993,0.99977013375566071,1.86,2.358444950E-006,-1.961948249E-044,-8.823670556E-044,-1.077904613E-005,-1.036645582E-044,3.052663239E-006,-5.875404765E-044,-9.707388242E-005,-4.854530851E-005,1.634315945E-004
A20-A,table_vii_20,A+,0.0001,0.01,8,-1.4114271001332619,0.99973820985176942,-1.4113208026974993,0.99977013375566071,1.92,1.708318268E-006,-2.078542086E-044,-8.823670556E-044,-9.550899909E-006,-1.036645580E-044,2.443259523E-006,-6.421628031E-044,-1.070347097E-004,-5.352517164E-005,1.472167139E-004
A20-A,table_vii_20,A+,0.0001,0.01,8,-1.4114271001332619,0.99973820985176942,-1.4113208026974993,0.99977013375566071,1.98,1.142595084E-006,-2.198334037E-044,-8.823670556E-044,-8.419532616E-006,-1.036645578E-044,1.904625887E-006,-6.967851297E-044,-1.143823737E-004,-5.719842420E-005,1.320702965E-004
A20-A,table_vii_20,A+,0.0001,0.01,8,-1.4114271001332619,0.99973820985176942,-1.4113208026974993,0.99977013375566071,2.04,6.537290209E-007,-2.321324100E-044,-8.823670556E-044,-7.381107182E-006,-1.036645576E-044,1.431060265E-006,-7.514074563E-044,-1.194503070E-004,-5.973260111E-005,1.179764807E-004
A20-A,table_vii_20,A+,0.0001,0.01,8,-1.4114271001332619,0.99973820985176942,-1.4113208026974993,0.99977013375566071,2.1,2.345108586E-007,-2.447512277E-044,-8.823670556E-044,-6.431477415E-006,-1.036645574E-044,1.017111557E-006,-8.060297829E-044,-1.225517821E-004,-6.128272910E-005,1.049121551E-004
A20-A,table_vii_20,A+,0.0001,0.01,8,-1.4114271001332619,0.99973820985176942,-1.4113208026974993,0.99977013375566071,2.16,-1.218886427E-007,-2.576898566E-044,-8.823670555E-044,-5.567067831E-006,-1.036645572E-044,6.575636686E-007,-8.606521095E-044,-1.239728303E-004,-6.199921672E-005,9.286130442E-005
A20-A,table_vii_20,A+,0.0001,0.01,8,-1.4114271001332619,0.99973820985176942,-1.4113208026974993,0.99977013375566071,2.22,-4.214382334E-007,-2.709482968E-044,-8.823670555E-044,-4.781368386E-006,-1.036645570E-044,3.475037149E-007,-9.152744362E-044,-1.239306517E-004,-6.197820744E-005,8.175380623E-005
A20-A,table_vii_20,A+,0.0001,0.01,8,-1.4114271001332619,0.99973820985176942,-1.4113208026974993,0.99977013375566071,2.2800000000000002,-6.701733349E-007,-2.845265484E-044,-8.823670555E-044,-4.070750245E-006,-1.036645568E-044,8.230355256E-008,-9.698967628E-044,-1.226678857E-004,-6.134768040E-005,7.156775681E-005
A20-A,table_vii_20,A+,0.0001,0.01,8,-1.4114271001332619,0.99973820985176942,-1.4113208026974993,0.99977013375566071,2.34,-8.734928282E-007,-2.984246112E-044,-8.823670555E-044,-3.430407152E-006,-1.036645567E-044,-1.423943377E-007,-1.024519089E-043,-1.203873707E-004,-6.020585470E-005,6.225768354E-005
A20-A,table_vii_20,A+,0.0001,0.01,8,-1.4114271001332619,0.99973820985176942,-1.4113208026974993,0.99977013375566071,2.4,-1.036478750E-006,-3.126424853E-044,-8.823670555E-044,-2.855915954E-006,-1.036645565E-044,-3.306629440E-007,-1.079141416E-043,-1.172685985E-004,-5.864612418E-005,5.378250651E-005
A20-A,table_vii_20,A+,0.0001,0.01,8,-1.4114271001332619,0.99973820985176942,-1.4113208026974993,0.99977013375566071,2.46,-1.163858390E-006,-3.271801708E-044,-8.823670555E-044,-2.342833233E-006,-1.036645563E-044,-4.863318041E-007,-1.133763743E-043,-1.134772492E-004,-5.675194905E-005,4.609855010E-005
A20-A,table_vii_20,A+,0.0001,0.01,8,-1.4114271001332619,0.99973820985176942,-1.4113208026974993,0.99977013375566071,2.52,-1.259855356E-006,-3.420376675E-044,-8.823670554E-044,-1.886451520E-006,-1.036645562E-044,-6.129400350E-007,-1.188386069E-043,-1.091517168E-004,-5.459018441E-005,3.915456762E-005
A20-A,table_vii_20,A+,0.0001,0.01,8,-1.4114271001332619,0.99973820985176942,-1.4113208026974993,0.99977013375566071,2.58,-1.328492021E-006,-3.572149755E-044,-8.823670554E-044,-1.482614102E-006,-1.036645560E-044,-7.137570037E-007,-1.243008396E-043,-1.044277064E-004,-5.222790642E-005,3.290717436E-005
A20-A,table_vii_20,A+,0.0001,0.01,8,-1.4114271001332619,0.99973820985176942,-1.4113208026974993,0.99977013375566071,2.64,-1.373175269E-006,-3.727120948E-044,-8.823670554E-044,-1.126648004E-006,-1.036645558E-044,-7.918031196E-007,-1.297630722E-043,-9.939599161E-005,-4.970979973E-005,2.730054710E-005
A20-A,table_vii_20,A+,0.0001,0.01,8,-1.4114271001332619,0.99973820985176942,-1.4113208026974993,0.99977013375566071,2.7,-1.397321310E-006,-3.885290254E-044,-8.823670554E-044,-8.149879941E-007,-1.036645557E-044,-8.498519647E-007,-1.352253049E-043,-9.416555773E-005,-4.709241313E-005,2.229728306E-005
A20-A,table_vii_20,A+,0.0001,0.01,8,-1.4114271001332619,0.99973820985176942,-1.4113208026974993,0.99977013375566071,2.7600000000000002,-1.403972886E-006,-4.046657673E-044,-8.823670554E-044,-5.441599122E-007,-1.036645555E-044,-8.904294823E-007,-1.406875376E-043,-8.882918220E-005,-4.442298686E-005,1.785911758E-005
A20-A,table_vii_20,A+,0.0001,0.01,8,-1.4114271001332619,0.99973820985176942,-1.4113208026974993,0.99977013375566071,2.82,-1.395694612E-006,-4.211223204E-044,-8.823670554E-044,-3.099986490E-007,-1.036645554E-044,-9.158839716E-007,-1.461497702E-043,-8.344381237E-005,-4.172835839E-005,1.393331204E-005
A20-A,table_vii_20,A+,0.0001,0.01,8,-1.4114271001332619,0.99973820985176942,-1.4113208026974993,0.99977013375566071,2.88,-1.374812932E-006,-4.378986849E-044,-8.823670553E-044,-1.092143816E-007,-1.036645553E-044,-9.282868356E-007,-1.516120029E-043,-7.806642137E-005,-3.903797338E-005,1.048012369E-005
A20-A,table_vii_20,A+,0.0001,0.01,8,-1.4114271001332619,0.99973820985176942,-1.4113208026974993,0.99977013375566071,2.94,-1.343551734E-006,-4.549948607E-044,-8.823670553E-044,6.135531652E-008,-1.036645551E-044,-9.295729408E-007,-1.570742356E-043,-7.275224687E-005,-3.637979982E-005,7.461273067E-006
A20-A,table_vii_20,A+,0.0001,0.01,8,-1.4114271001332619,0.99973820985176942,-1.4113208026974993,0.99977013375566071,3,-1.303918158E-006,-4.724108477E-044,-8.823670553E-044,2.048439097E-007,-1.036645550E-044,-9.214551577E-007,-1.625364682E-043,-6.755130300E-005,-3.377618709E-005,4.837580267E-006
A20-A,table_vii_20,A+,0.0001,0.01,8,-1.4114271001332619,0.99973820985176942,-1.4113208026974993,0.99977013375566071,3.06,-1.257522029E-006,-4.901466460E-044,-8.823670553E-044,3.238625025E-007,-1.036645549E-044,-9.054727833E-007,-1.679987009E-043,-6.248813042E-005,-3.124391962E-005,2.576028383E-006
A20-A,table_vii_20,A+,0.0001,0.01,8,-1.4114271001332619,0.99973820985176942,-1.4113208026974993,0.99977013375566071,3.12,-1.205863823E-006,-5.082022557E-044,-8.823670553E-044,4.212776926E-007,-1.036645548E-044,-8.830182254E-007,-1.734609335E-043,-5.759058365E-005,-2.879420197E-005,6.386456457E-007
A20-A,table_vii_20,A+,0.0001,0.01,8,-1.4114271001332619,0.99973820985176942,-1.4113208026974993,0.99977013375566071,3.18,-1.150395634E-006,-5.267200385E-044,-8.826046628E-044,4.991535973E-007,-9.761031465E-045,-8.553211335E-007,-1.789197918E-043,-5.289052720E-005,-2.644526274E-005,-9.995286724E-007
A20-A,table_vii_20,A+,0.0001,0.01,8,-1.4114271001332619,0.99973820985176942,-1.4113208026974993,0.99977013375566071,3.24,-1.092193376E-006,-5.459884543E-044,-8.828996239E-044,5.597449822E-007,-9.009470622E-045,-8.234795850E-007,-1.843684306E-043,-4.840073896E-005,-2.420301638E-005,-2.369018626E-006
A20-A,table_vii_20,A+,0.0001,0.01,8,-1.4114271001332619,0.99973820985176942,-1.4113208026974993,0.99977013375566071,3.3000000000000003,-1.032276903E-006,-5.660150322E-044,-8.831945849E-044,6.055850123E-007,-8.257909779E-045,-7.884542723E-007,-1.898066571E-043,-4.413268721E-005,-2.206895732E-005,-3.505315058E-006
A20-A,table_vii_20,A+,0.0001,0.01,8,-1.4114271001332619,0.99973820985176942,-1.4113208026974993,0.99977013375566071,3.36,-9.714698566E-007,-5.867991625E-044,-8.834895460E-044,6.381084022E-007,-7.506348937E-045,-7.510892901E-007,-1.952344713E-043,-4.009263060E-005,-2.005059799E-005,-4.426935604E-006
A20-A,table_vii_20,A+,0.0001,0.01,8,-1.4114271001332619,0.99973820985176942,-1.4113208026974993,0.99977013375566071,3.42,-9.105444393E-007,-6.083402355E-044,-8.837845071E-044,6.593988511E-007,-6.754788096E-045,-7.121180702E-007,-2.006518731E-043,-3.628655395E-005,-1.814733065E-005,-5.163493826E-006
A20-A,table_vii_20,A+,0.0001,0.01,8,-1.4114271001332619,0.99973820985176942,-1.4113208026974993,0.99977013375566071,3.48,-8.500477897E-007,-6.306376418E-044,-8.840794681E-044,6.709266691E-007,-6.003227254E-045,-6.721678299E-007,-2.060588627E-043,-3.271024789E-005,-1.635872032E-005,-5.735856220E-006
A20-A,table_vii_20,A+,0.0001,0.01,8,-1.4114271001332619,0.99973820985176942,-1.4113208026974993,0.99977013375566071,3.54,-7.906190112E-007,-6.536907716E-044,-8.843744292E-044,6.739258857E-007,-5.251666412E-045,-6.317895277E-007,-2.114554399E-043,-2.937333329E-005,-1.468937996E-005,-6.160398158E-006
A20-A,table_vii_20,A+,0.0001,0.01,8,-1.4114271001332619,0.99973820985176942,-1.4113208026974993,0.99977013375566071,3.6,-7.325855844E-007,-6.774990152E-044,-8.846693903E-044,6.698348407E-007,-4.500105571E-045,-5.914506454E-007,-2.168416048E-043,-2.626269472E-005,-1.313318055E-005,-6.458851699E-006
A20-A,table_vii_20,A+,0.0001,0.01,8,-1.4114271001332619,0.99973820985176942,-1.4113208026974993,0.99977013375566071,3.66,-6.763870207E-007,-7.020617631E-044,-8.849643514E-044,6.597046196E-007,-3.748544731E-045,-5.515422397E-007,-2.222173574E-043,-2.338178092E-005,-1.169117068E-005,-6.645828894E-006
A20-A,table_vii_20,A+,0.0001,0.01,8,-1.4114271001332619,0.99973820985176942,-1.4113208026974993,0.99977013375566071,3.72,-6.221836811E-007,-7.273784056E-044,-8.852593124E-044,6.447625433E-007,-2.996983890E-045,-5.123814307E-007,-2.275826977E-043,-2.071044801E-005,-1.035481717E-005,-6.740615832E-006
A20-A,table_vii_20,A+,0.0001,0.01,8,-1.4114271001332619,0.99973820985176942,-1.4113208026974993,0.99977013375566071,3.7800000000000002,-5.703422034E-007,-7.534483331E-044,-8.855542735E-044,6.256846677E-007,-2.245423050E-045,-4.742472505E-007,-2.329376257E-043,-1.825682833E-005,-9.127116849E-006,-6.752081577E-006
A20-A,table_vii_20,A+,0.0001,0.01,8,-1.4114271001332619,0.99973820985176942,-1.4113208026974993,0.99977013375566071,3.84,-5.208737542E-007,-7.802709359E-044,-8.858492346E-044,6.035637297E-007,-1.493862210E-045,-4.373590224E-007,-2.382821413E-043,-1.599630318E-005,-7.996853010E-006,-6.698233914E-006
A20-A,table_vii_20,A+,0.0001,0.01,8,-1.4114271001332619,0.99973820985176942,-1.4113208026974993,0.99977013375566071,3.9,-4.739403296E-007,-8.078456043E-044,-8.861441957E-044,5.786513011E-007,-7.423013691E-046,-4.018835518E-007,-2.436162446E-043,-1.392978692E-005,-6.965817330E-006,-6.582205720E-006
A20-A,table_vii_20,A+,0.0001,0.01,8,-1.4114271001332619,0.99973820985176942,-1.4113208026974993,0.99977013375566071,3.96,-4.296912326E-007,-8.361717289E-044,-8.864391568E-044,5.520342269E-007,9.259470889E-048,-3.679539023E-007,-2.489399357E-043,-1.205264860E-005,-6.026757381E-006,-6.421053955E-006
A20-A,table_vii_20,A+,0.0001,0.01,8,-1.4114271001332619,0.99973820985176942,-1.4113208026974993,0.99977013375566071,4.0200000000000005,-3.880577994E-007,-8.652486999E-044,-8.867341178E-044,5.239070195E-007,7.608203102E-046,-3.356714711E-007,-2.542532144E-043,-1.034718923E-005,-5.175653563E-006,-6.218411665E-006
A20-A,table_vii_20,A+,0.0001,0.01,8,-1.4114271001332619,0.99973820985176942,-1.4113208026974993,0.99977013375566071,4.08,-3.489677968E-007,-8.950759076E-044,-8.870290789E-044,4.953159398E-007,1.512381149E-045,-3.050891915E-007,-2.595560807E-043,-8.795339966E-006,-4.399563785E-006,-5.992066063E-006
A20-A,table_vii_20,A+,0.0001,0.01,8,-1.4114271001332619,0.99973820985176942,-1.4113208026974993,0.99977013375566071,4.14,-3.125149006E-007,-9.256527425E-044,-8.873240400E-044,4.663018928E-007,2.263941988E-045,-2.762451422E-007,-2.648485348E-043,-7.398937498E-006,-3.700613337E-006,-5.742088896E-006
A20-A,table_vii_20,A+,0.0001,0.01,8,-1.4114271001332619,0.99973820985176942,-1.4113208026974993,0.99977013375566071,4.2,-2.787623154E-007,-9.569785949E-044,-8.876190011E-044,4.369581302E-007,3.015502827E-045,-2.491568312E-007,-2.701305766E-043,-6.158456756E-006,-3.079548746E-006,-5.469614345E-006
A20-A,table_vii_20,A+,0.0001,0.01,8,-1.4114271001332619,0.99973820985176942,-1.4113208026974993,0.99977013375566071,4.26,-2.473927285E-007,-9.890528553E-044,-8.879139622E-044,4.079268955E-007,3.767063665E-045,-2.238158597E-007,-2.754022060E-043,-5.040651843E-006,-2.520851309E-006,-5.187278970E-006
A20-A,table_vii_20,A+,0.0001,0.01,8,-1.4114271001332619,0.99973820985176942,-1.4113208026974993,0.99977013375566071,4.32,-2.185088451E-007,-1.021874914E-043,-8.882089232E-044,3.794115552E-007,4.518624503E-045,-2.002009080E-007,-2.806634231E-043,-4.052002282E-006,-2.025245016E-006,-4.897799892E-006
A20-A,table_vii_20,A+,0.0001,0.01,8,-1.4114271001332619,0.99973820985176942,-1.4113208026974993,0.99977013375566071,4.38,-1.919895954E-007,-1.055444161E-043,-8.885038843E-044,3.516435501E-007,5.270185341E-045,-1.782811424E-007,-2.859142279E-043,-3.180037311E-006,-1.586949039E-006,-4.605769307E-006
A20-A,table_vii_20,A+,0.0001,0.01,8,-1.4114271001332619,0.99973820985176942,-1.4113208026974993,0.99977013375566071,4.44,-1.676576989E-007,-1.089759987E-043,-8.887988454E-044,3.245233923E-007,6.021746179E-045,-1.580158538E-007,-2.911546204E-043,-2.409599631E-006,-1.202066031E-006,-4.310646398E-006
A20-A,table_vii_20,A+,0.0001,0.01,8,-1.4114271001332619,0.99973820985176942,-1.4113208026974993,0.99977013375566071,4.5,-1.455411854E-007,-1.124821782E-043,-8.890938065E-044,2.981956597E-007,6.773307018E-045,-1.393383881E-007,-2.963846006E-043,-1.744587394E-006,-8.698852440E-007,-4.014650073E-006
A20-A,table_vii_20,A+,0.0001,0.01,8,-1.4114271001332619,0.99973820985176942,-1.4113208026974993,0.99977013375566071,4.5600000000000005,-1.254117769E-007,-1.160628938E-043,-8.893887676E-044,2.733196068E-007,7.524867856E-045,-1.221844711E-007,-3.016041685E-043,-1.164150973E-006,-5.772232249E-007,-3.730147626E-006
A20-A,table_vii_20,A+,0.0001,0.01,8,-1.4114271001332619,0.99973820985176942,-1.4113208026974993,0.99977013375566071,4.62,-1.071745238E-007,-1.197180843E-043,-8.896837286E-044,2.499737894E-007,8.276428694E-045,-1.065026391E-007,-3.068133240E-043,-6.607564558E-007,-3.206302440E-007,-3.459035663E-006
A20-A,table_vii_20,A+,0.0001,0.01,8,-1.4114271001332619,0.99973820985176942,-1.4113208026974993,0.99977013375566071,4.68,-9.080687588E-008,-1.234476888E-043,-8.899786897E-044,2.269142450E-007,9.027989532E-045,-9.219966962E-008,-3.120120672E-043,-2.422594036E-007,-1.124398540E-007,-3.180828278E-006
A20-A,table_vii_20,A+,0.0001,0.01,8,-1.4114271001332619,0.99973820985176942,-1.4113208026974993,0.99977013375566071,4.74,-7.584470829E-008,-1.272516465E-043,-8.902736508E-044,2.063856324E-007,9.779550369E-045,-7.921402895E-008,-3.172003982E-043,1.395040385E-007,8.356070126E-008,-2.935670674E-006
A20-A,table_vii_20,A+,0.0001,0.01,8,-1.4114271001332619,0.99973820985176942,-1.4113208026974993,0.99977013375566071,4.8,-6.276970260E-008,-1.311290664E-043,-8.829106848E-044,1.855857389E-007,1.052701452E-044,-6.746147851E-008,-3.223752580E-043,4.261861193E-007,2.248326119E-007,-2.674061596E-006
A20-A,table_vii_20,A+,0.0001,0.01,8,-1.4114271001332619,0.99973820985176942,-1.4113208026974993,0.99977013375566071,4.86,-5.095385561E-008,-1.350238669E-043,-8.280685711E-044,1.672890245E-007,1.124907925E-044,-5.688853721E-008,-3.273317110E-043,6.829367010E-007,3.576516326E-007,-2.445963730E-006
A20-A,table_vii_20,A+,0.0001,0.01,8,-1.4114271001332619,0.99973820985176942,-1.4113208026974993,0.99977013375566071,4.92,-4.039305640E-008,-1.389010952E-043,-7.732264573E-044,1.499889648E-007,1.197114398E-044,-4.735722292E-008,-3.319474073E-043,8.963156120E-007,4.664212211E-007,-2.226424480E-006
A20-A,table_vii_20,A+,0.0001,0.01,8,-1.4114271001332619,0.99973820985176942,-1.4113208026974993,0.99977013375566071,4.98,-3.122639852E-008,-1.427604166E-043,-7.291054415E-044,1.330967357E-007,1.269894407E-044,-3.887693573E-008,-3.362284644E-043,1.055847832E-006,5.411941684E-007,-2.004789072E-006
A20-A,table_vii_20,A+,0.0001,0.01,8,-1.4114271001332619,0.99973820985176942,-1.4113208026974993,0.99977013375566071,5.04,-2.300817187E-008,-1.466592416E-043,-7.294004025E-044,1.184921888E-007,1.345050490E-044,-3.133988813E-008,-3.403920531E-043,1.199535802E-006,6.138206671E-007,-1.815055627E-006
A20-A,table_vii_20,A+,0.0001,0.01,8,-1.4114271001332619,0.99973820985176942,-1.4113208026974993,0.99977013375566071,5.1000000000000005,-1.566134483E-008,-1.506234386E-043,-7.266321928E-044,1.056121114E-007,1.420042707E-044,-2.461938614E-008,-3.445345240E-043,1.323623422E-006,6.805261979E-007,-1.648379119E-006
A20-A,table_vii_20,A+,0.0001,0.01,8,-1.4114271001332619,0.99973820985176942,-1.4113208026974993,0.99977013375566071,5.16,-9.651985239E-009,-1.546536965E-043,-7.269271539E-044,9.190143471E-008,1.495198790E-044,-1.869129984E-008,-3.486589357E-043,1.375937217E-006,7.018030307E-007,-1.459450478E-006
A20-A,table_vii_20,A+,0.0001,0.01,8,-1.4114271001332619,0.99973820985176942,-1.4113208026974993,0.99977013375566071,5.22,-4.570530898E-009,-1.587520172E-043,-7.272221150E-044,7.945900485E-008,1.570354874E-044,-1.355954210E-008,-3.527729350E-043,1.403216260E-006,7.108625196E-007,-1.285648529E-006
A20-A,table_vii_20,A+,0.0001,0.01,8,-1.4114271001332619,0.99973820985176942,-1.4113208026974993,0.99977013375566071,5.28,-1.845177899E-010,-1.629183400E-043,-7.275170761E-044,6.870124075E-008,1.645510958E-044,-9.122559402E-009,-3.568765221E-043,1.421215416E-006,7.184438599E-007,-1.135350376E-006
A20-A,table_vii_20,A+,0.0001,0.01,8,-1.4114271001332619,0.99973820985176942,-1.4113208026974993,0.99977013375566071,5.34,3.600426290E-009,-1.671526037E-043,-7.278120372E-044,5.940037690E-008,1.720667042E-044,-5.286269672E-009,-3.609696968E-043,1.431205874E-006,7.247564837E-007,-1.005380548E-006
A20-A,table_vii_20,A+,0.0001,0.01,8,-1.4114271001332619,0.99973820985176942,-1.4113208026974993,0.99977013375566071,5.4,6.865863628E-009,-1.714541223E-043,-7.273412055E-044,5.135808070E-008,1.795782158E-044,-1.969360980E-009,-3.650501651E-043,1.434286844E-006,7.299660403E-007,-8.929699794E-007
A20-A,table_vii_20,A+,0.0001,0.01,8,-1.4114271001332619,0.99973820985176942,-1.4113208026974993,0.99977013375566071,5.46,9.682304153E-009,-1.758228146E-043,-7.276361666E-044,4.440481855E-008,1.870938242E-044,8.984606947E-010,-3.691179271E-043,1.431408634E-006,7.342356456E-007,-7.957567623E-007
A20-A,table_vii_20,A+,0.0001,0.01,8,-1.4114271001332619,0.99973820985176942,-1.4113208026974993,0.99977013375566071,5.5200000000000005,1.211074788E-008,-1.802592382E-043,-7.279311277E-044,3.839242965E-008,1.946094326E-044,3.378009289E-009,-3.731752768E-043,1.423393030E-006,7.376909567E-007,-7.116727679E-007
A20-A,table_vii_20,A+,0.0001,0.01,8,-1.4114271001332619,0.99973820985176942,-1.4113208026974993,0.99977013375566071,5.58,1.385417406E-008,-1.847633320E-043,-7.282260888E-044,3.170978511E-008,2.021250410E-044,5.482730214E-009,-3.772222141E-043,1.376961649E-006,7.153316240E-007,-6.121287508E-007
A20-A,table_vii_20,A+,0.0001,0.01,8,-1.4114271001332619,0.99973820985176942,-1.4113208026974993,0.99977013375566071,5.64,1.516285855E-008,-1.893350352E-043,-7.285210499E-044,2.570883792E-008,2.096406493E-044,7.200925439E-009,-3.812587391E-043,1.321499923E-006,6.881775445E-007,-5.211164172E-007
A20-A,table_vii_20,A+,0.0001,0.01,8,-1.4114271001332619,0.99973820985176942,-1.4113208026974993,0.99977013375566071,5.7,1.613855324E-008,-1.939789315E-043,-7.266743067E-044,2.052090749E-008,2.211105386E-044,8.584044781E-009,-3.852780529E-043,1.263205235E-006,6.603961221E-007,-4.414582332E-007
A20-A,table_vii_20,A+,0.0001,0.01,8,-1.4114271001332619,0.99973820985176942,-1.4113208026974993,0.99977013375566071,5.76,1.655050008E-008,-1.987269991E-043,-7.272642288E-044,1.482376177E-008,2.361417552E-044,9.651836330E-009,-3.892692874E-043,1.175264060E-006,6.118262223E-007,-3.497742614E-007
A20-A,table_vii_20,A+,0.0001,0.01,8,-1.4114271001332619,0.99973820985176942,-1.4113208026974993,0.99977013375566071,5.82,1.651067194E-008,-2.035862645E-043,-7.278541510E-044,9.402513227E-009,2.511729718E-044,1.037468761E-008,-3.932396972E-043,1.073782101E-006,5.537630786E-007,-2.597832885E-007
A20-A,table_vii_20,A+,0.0001,0.01,8,-1.4114271001332619,0.99973820985176942,-1.4113208026974993,0.99977013375566071,5.88,1.620241169E-008,-2.085538900E-043,-7.261466950E-044,4.867203133E-009,2.661918984E-044,1.079533182E-008,-3.971793415E-043,9.747719503E-007,4.976215815E-007,-1.827595180E-007
A20-A,table_vii_20,A+,0.0001,0.01,8,-1.4114271001332619,0.99973820985176942,-1.4113208026974993,0.99977013375566071,5.94,1.587641374E-008,-2.136313560E-043,-7.267366171E-044,1.887457261E-009,2.812231150E-044,1.099435798E-008,-4.010943378E-043,8.973827050E-007,4.572835948E-007,-1.313945796E-007
A20-A,table_vii_20,A+,0.0001,0.01,8,-1.4114271001332619,0.99973820985176942,-1.4113208026974993,0.99977013375566071,6,1.549181267E-008,-2.188195734E-043,-7.273265393E-044,-2.662248060E-010,2.962543316E-044,1.104187183E-008,-4.049885094E-043,8.298394789E-007,4.239922604E-007,-9.334119250E-008
A20-A,table_vii_20,A+,0.0001,0.01,8,-1.4114271001332619,0.99973820985176942,-1.4113208026974993,0.99977013375566071,6.0600000000000005,1.499991129E-008,-2.241184204E-043,-7.279164614E-044,-2.078725348E-009,3.112855481E-044,1.096963761E-008,-4.088618564E-043,7.636023440E-007,3.913379457E-007,-6.025479545E-008
A20-A,table_vii_20,A+,0.0001,0.01,8,-1.4114271001332619,0.99973820985176942,-1.4113208026974993,0.99977013375566071,6.12,1.474468880E-008,-2.294781375E-043,-6.807732415E-044,-2.201277842E-009,3.195909965E-044,1.083107076E-008,-4.125958854E-043,7.306808527E-007,3.828667498E-007,-5.667464881E-008
A20-A,table_vii_20,A+,0.0001,0.01,8,-1.4114271001332619,0.99973820985176942,-1.4113208026974993,0.99977013375566071,6.18,1.459628529E-008,-2.348164119E-043,-6.260212547E-044,-1.903784295E-009,3.291080796E-044,1.070812713E-008,-4.159916380E-043,7.079644888E-007,3.817223061E-007,-6.073400732E-008
A20-A,table_vii_20,A+,0.0001,0.01,8,-1.4114271001332619,0.99973820985176942,-1.4113208026974993,0.99977013375566071,6.24,1.446531830E-008,-2.401613229E-043,-5.714741020E-044,-1.646401842E-009,3.438443351E-044,1.060181443E-008,-4.190387283E-043,6.855295567E-007,3.806373269E-007,-6.423932637E-008
A20-A,table_vii_20,A+,0.0001,0.01,8,-1.4114271001332619,0.99973820985176942,-1.4113208026974993,0.99977013375566071,6.3,1.434951599E-008,-2.455213972E-043,-5.169269493E-044,-1.423968429E-009,3.585805907E-044,1.050986992E-008,-4.217346497E-043,6.633454461E-007,3.796034471E-007,-6.726172079E-008
A20-A,table_vii_20,A+,0.0001,0.01,8,-1.4114271001332619,0.99973820985176942,-1.4113208026974993,0.99977013375566071,6.36,1.424691284E-008,-2.508945786E-043,-4.623797966E-044,-1.231684247E-009,3.733168462E-044,1.043033615E-008,-4.240794021E-043,6.413857818E-007,3.786168867E-007,-6.986825710E-008
A20-A,table_vii_20,A+,0.0001,0.01,8,-1.4114271001332619,0.99973820985176942,-1.4113208026974993,0.99977013375566071,6.42,1.415586187E-008,-2.562788111E-043,-4.078326440E-044,-1.064658916E-009,3.880531018E-044,1.036157349E-008,-4.260729855E-043,6.196276843E-007,3.776834618E-007,-7.212955200E-008
A20-A,table_vii_20,A+,0.0001,0.01,8,-1.4114271001332619,0.99973820985176942,-1.4113208026974993,0.99977013375566071,6.48,1.407491537E-008,-2.616720386E-043,-3.532854913E-044,-9.202661487E-010,4.027893574E-044,1.030214070E-008,-4.277153999E-043,5.980511730E-007,3.767909718E-007,-7.407991542E-008
A20-A,table_vii_20,A+,0.0001,0.01,8,-1.4114271001332619,0.99973820985176942,-1.4113208026974993,0.99977013375566071,6.54,1.400277821E-008,-2.670744892E-043,-3.109910219E-044,-7.958796528E-010,4.175911599E-044,1.025074864E-008,-4.290150569E-043,5.766391098E-007,3.759313744E-007,-7.575463341E-008
A20-A,table_vii_20,A+,0.0001,0.01,8,-1.4114271001332619,0.99973820985176942,-1.4113208026974993,0.99977013375566071,6.6000000000000005,1.393834065E-008,-2.725447925E-043,-3.115809441E-044,-6.885108720E-010,4.326223766E-044,1.020629301E-008,-4.301937154E-043,5.553766300E-007,3.751054191E-007,-7.719619595E-008
A20-A,table_vii_20,A+,0.0001,0.01,8,-1.4114271001332619,0.99973820985176942,-1.4113208026974993,0.99977013375566071,6.66,1.388066545E-008,-2.781083690E-043,-3.098734881E-044,-5.954429372E-010,4.476413032E-044,1.016784137E-008,-4.313461965E-043,5.342508587E-007,3.743157337E-007,-7.844369113E-008
A20-A,table_vii_20,A+,0.0001,0.01,8,-1.4114271001332619,0.99973820985176942,-1.4113208026974993,0.99977013375566071,6.72,1.382893530E-008,-2.837642086E-043,-3.104634103E-044,-5.148646166E-010,4.626725199E-044,1.013458098E-008,-4.324694414E-043,5.132506544E-007,3.735588328E-007,-7.952194209E-008
A20-A,table_vii_20,A+,0.0001,0.01,8,-1.4114271001332619,0.99973820985176942,-1.4113208026974993,0.99977013375566071,6.78,1.378246181E-008,-2.895144541E-043,-3.110533325E-044,-4.452363665E-010,4.777037366E-044,1.010582770E-008,-4.335718617E-043,4.923663539E-007,3.728319236E-007,-8.045209000E-008
A20-A,table_vii_20,A+,0.0001,0.01,8,-1.4114271001332619,0.99973820985176942,-1.4113208026974993,0.99977013375566071,6.84,1.374061132E-008,-2.953556352E-043,-3.093458765E-044,-3.853808964E-010,4.927226632E-044,1.008095171E-008,-4.346412224E-043,4.715896580E-007,3.721299574E-007,-8.124961141E-008
A20-A,table_vii_20,A+,0.0001,0.01,8,-1.4114271001332619,0.99973820985176942,-1.4113208026974993,0.99977013375566071,6.9,1.370286803E-008,-3.012904840E-043,-3.099357987E-044,-3.328530145E-010,5.077538799E-044,1.005944089E-008,-4.356882291E-043,4.509132054E-007,3.714642135E-007,-8.195178911E-008
A20-A,table_vii_20,A+,0.0001,0.01,8,-1.4114271001332619,0.99973820985176942,-1.4113208026974993,0.99977013375566071,6.96,1.366878710E-008,-3.073184624E-043,-3.028677939E-044,-2.879244513E-010,5.227441298E-044,1.004085373E-008,-4.367113524E-043,4.303307435E-007,3.708197734E-007,-8.255125864E-008
A20-A,table_vii_20,A+,0.0001,0.01,8,-1.4114271001332619,0.99973820985176942,-1.4113208026974993,0.99977013375566071,7.0200000000000005,1.363795024E-008,-3.133834279E-043,-2.483206412E-044,-2.491462158E-010,5.374803854E-044,1.002477507E-008,-4.375056564E-043,4.098367867E-007,3.702002603E-007,-8.306938913E-008
A20-A,table_vii_20,A+,0.0001,0.01,8,-1.4114271001332619,0.99973820985176942,-1.4113208026974993,0.99977013375566071,7.08,1.361000895E-008,-3.194503666E-043,-1.937734885E-044,-2.153410077E-010,5.522166410E-044,1.001085945E-008,-4.379487915E-043,3.894265319E-007,3.696083809E-007,-8.352348819E-008
A20-A,table_vii_20,A+,0.0001,0.01,8,-1.4114271001332619,0.99973820985176942,-1.4113208026974993,0.99977013375566071,7.1400000000000006,1.358467178E-008,-3.255172225E-043,-1.392263359E-044,-1.865088587E-010,5.669528967E-044,9.998818412E-009,-4.380407577E-043,3.690959716E-007,3.690362046E-007,-8.391168521E-008
A20-A,table_vii_20,A+,0.0001,0.01,8,-1.4114271001332619,0.99973820985176942,-1.4113208026974993,0.99977013375566071,7.2,1.356167034E-008,-3.315867187E-043,-1.022924155E-044,-1.615630295E-010,5.817833760E-044,9.988386174E-009,-4.377991426E-043,3.488415246E-007,3.684876818E-007,-8.425029812E-008
A20-A,table_vii_20,A+,0.0001,0.01,8,-1.4114271001332619,0.99973820985176942,-1.4113208026974993,0.99977013375566071,7.26,1.350726278E-008,-3.377209318E-043,-1.021165450E-044,-2.845000678E-010,5.968104960E-044,9.975889059E-009,-4.374579403E-043,3.253696832E-007,3.655307978E-007,-8.193843970E-008
A20-A,table_vii_20,A+,0.0001,0.01,8,-1.4114271001332619,0.99973820985176942,-1.4113208026974993,0.99977013375566071,7.32,1.340920244E-008,-3.439401355E-043,-1.027064672E-044,-5.248885167E-010,6.118417127E-044,9.948906726E-009,-4.370928545E-043,2.987110008E-007,3.601491940E-007,-7.740201165E-008
A20-A,table_vii_20,A+,0.0001,0.01,8,-1.4114271001332619,0.99973820985176942,-1.4113208026974993,0.99977013375566071,7.38,1.330188726E-008,-3.502450310E-043,-1.032963894E-044,-7.405430449E-010,6.268729294E-044,9.911763327E-009,-4.367069442E-043,2.721820067E-007,3.547741113E-007,-7.321599176E-008
A20-A,table_vii_20,A+,0.0001,0.01,8,-1.4114271001332619,0.99973820985176942,-1.4113208026974993,0.99977013375566071,7.44,1.321648277E-008,-3.566327806E-043,-1.015889334E-044,-7.818516379E-010,6.418918560E-044,9.865511824E-009,-4.362902682E-043,2.490980364E-007,3.518261210E-007,-7.205775379E-008
A20-A,table_vii_20,A+,0.0001,0.01,8,-1.4114271001332619,0.99973820985176942,-1.4113208026974993,0.99977013375566071,7.5,1.310854703E-008,-3.631048645E-043,-1.021788556E-044,-9.162510459E-010,6.569230727E-044,9.815967067E-009,-4.358489443E-043,2.239720516E-007,3.472872195E-007,-6.921316143E-008
A20-A,table_vii_20,A+,0.0001,0.01,8,-1.4114271001332619,0.99973820985176942,-1.4113208026974993,0.99977013375566071,7.5600000000000005,1.301648989E-008,-3.696619862E-043,-1.004713997E-044,-9.363490397E-010,6.719419994E-044,9.761363468E-009,-4.353860310E-043,2.012087634E-007,3.443814216E-007,-6.836308008E-008
A20-A,table_vii_20,A+,0.0001,0.01,8,-1.4114271001332619,0.99973820985176942,-1.4113208026974993,0.99977013375566071,7.62,1.291402740E-008,-3.763169330E-043,-1.013153162E-044,-1.005886193E-009,6.934449899E-044,9.705580506E-009,-4.348854370E-043,1.775142948E-007,3.406742926E-007,-6.662707308E-008
A20-A,table_vii_20,A+,0.0001,0.01,8,-1.4114271001332619,0.99973820985176942,-1.4113208026974993,0.99977013375566071,7.68,1.282003620E-008,-3.831002864E-043,-1.022001994E-044,-1.017362696E-009,7.159918149E-044,9.647406957E-009,-4.343537025E-043,1.550907882E-007,3.378083267E-007,-6.590659366E-008
A20-A,table_vii_20,A+,0.0001,0.01,8,-1.4114271001332619,0.99973820985176942,-1.4113208026974993,0.99977013375566071,7.74,1.273726530E-008,-3.900036043E-043,-8.306795861E-045,-9.782957998E-010,7.357181566E-044,9.589630950E-009,-4.337699946E-043,1.339373910E-007,3.357801459E-007,-6.609462468E-008
A20-A,table_vii_20,A+,0.0001,0.01,8,-1.4114271001332619,0.99973820985176942,-1.4113208026974993,0.99977013375566071,7.8,1.263297342E-008,-3.969283193E-043,-2.852080592E-045,-1.036576491E-009,7.504544122E-044,9.529595918E-009,-4.329002892E-043,1.107599132E-007,3.321445106E-007,-6.453209957E-008
A20-A,table_vii_20,A+,0.0001,0.01,8,-1.4114271001332619,0.99973820985176942,-1.4113208026974993,0.99977013375566071,7.86,1.253818960E-008,-4.038452649E-043,2.602634677E-045,-1.041325016E-009,7.651906678E-044,9.468232365E-009,-4.316794148E-043,8.885859870E-008,3.293312838E-007,-6.391660824E-008
A20-A,table_vii_20,A+,0.0001,0.01,8,-1.4114271001332619,0.99973820985176942,-1.4113208026974993,0.99977013375566071,7.92,1.244390913E-008,-4.107523850E-043,8.057349946E-045,-1.045883877E-009,7.799269234E-044,9.406592311E-009,-4.301073714E-043,6.713452194E-008,3.265352005E-007,-6.330698061E-008
A20-A,table_vii_20,A+,0.0001,0.01,8,-1.4114271001332619,0.99973820985176942,-1.4113208026974993,0.99977013375566071,7.98,1.235019237E-008,-4.176581996E-043,1.349158181E-044,-1.047807913E-009,7.998823515E-044,9.344742397E-009,-4.281816523E-043,4.558768296E-008,3.237832116E-007,-6.274419646E-008
A20-C,table_vii_20,C+,0.0001,0.01,12,-0.13070963574053832,3.650412083874409,-0.13071064890310835,3.6504699336638611,0,0.000000000E+000,-1.061820544E-006,1.000000000E-004,2.132507923E-045,-8.604715654E-006,0.000000000E+000,-9.221693582E-007,0.000000000E+000,5.000000000E-005,0.000000000E+000
A20-C,table_vii_20,C+,0.0001,0.01,12,-0.13070963574053832,3.650412083874409,-0.13071064890310835,3.6504699336638611,0.1,0.000000000E+000,2.365237370E-006,9.219785339E-005,0.000000000E+000,-8.098789240E-006,0.000000000E+000,8.566156779E-006,0.000000000E+000,4.609892923E-005,1.761759666E-005
A20-C,table_vii_20,C+,0.0001,0.01,12,-0.13070963574053832,3.650412083874409,-0.13071064890310835,3.6504699336638611,0.2,0.000000000E+000,5.395811184E-006,7.258867527E-005,0.000000000E+000,-6.551126745E-006,0.000000000E+000,1.669398045E-005,0.000000000E+000,3.629439803E-005,3.248603490E-005
A20-C,table_vii_20,C+,0.0001,0.01,12,-0.13070963574053832,3.650412083874409,-0.13071064890310835,3.6504699336638611,0.3,0.000000000E+000,7.645402791E-006,4.403036967E-005,0.000000000E+000,-4.190167592E-006,0.000000000E+000,2.243775165E-005,0.000000000E+000,2.201541751E-005,4.273962173E-005
A20-C,table_vii_20,C+,0.0001,0.01,12,-0.13070963574053832,3.650412083874409,-0.13071064890310835,3.6504699336638611,0.4,0.000000000E+000,8.841142618E-006,1.047331799E-005,0.000000000E+000,-1.344402150E-006,0.000000000E+000,2.511079783E-005,0.000000000E+000,5.237166609E-006,4.716183044E-005
A20-C,table_vii_20,C+,0.0001,0.01,12,-0.13070963574053832,3.650412083874409,-0.13071064890310835,3.6504699336638611,0.5,0.000000000E+000,8.854467728E-006,-2.358239539E-005,0.000000000E+000,1.602995138E-006,0.000000000E+000,2.444413079E-005,0.000000000E+000,-1.179038456E-005,4.532709169E-005
A20-C,table_vii_20,C+,0.0001,0.01,12,-0.13070963574053832,3.650412083874409,-0.13071064890310835,3.6504699336638611,0.6,0.000000000E+000,7.714154306E-006,-5.368765560E-005,0.000000000E+000,4.265494419E-006,0.000000000E+000,2.061074344E-005,0.000000000E+000,-2.684276941E-005,3.763585698E-005
A20-C,table_vii_20,C+,0.0001,0.01,12,-0.13070963574053832,3.650412083874409,-0.13071064890310835,3.6504699336638611,0.70000000000000007,0.000000000E+000,5.598508464E-006,-7.602292577E-005,0.000000000E+000,6.303654004E-006,0.000000000E+000,1.419167093E-005,0.000000000E+000,-3.801028056E-005,2.524110216E-005
A20-C,table_vii_20,C+,0.0001,0.01,12,-0.13070963574053832,3.650412083874409,-0.13071064890310835,3.6504699336638611,0.8,0.000000000E+000,2.808271716E-006,-8.787976905E-005,0.000000000E+000,7.468124491E-006,0.000000000E+000,6.089743519E-006,0.000000000E+000,-4.393870000E-005,9.878661741E-006
A20-C,table_vii_20,C+,0.0001,0.01,12,-0.13070963574053832,3.650412083874409,-0.13071064890310835,3.6504699336638611,0.9,0.000000000E+000,-2.757249572E-007,-8.798492169E-005,0.000000000E+000,7.629798799E-006,0.000000000E+000,-2.596361460E-006,0.000000000E+000,-4.399133684E-005,-6.373980904E-006
A20-C,table_vii_20,C+,0.0001,0.01,12,-0.13070963574053832,3.650412083874409,-0.13071064890310835,3.6504699336638611,1,0.000000000E+000,-3.244236172E-006,-7.662840508E-005,0.000000000E+000,6.793506798E-006,0.000000000E+000,-1.072029840E-005,0.000000000E+000,-3.831315206E-005,-2.137710078E-005
A20-C,table_vii_20,C+,0.0001,0.01,12,-0.13070963574053832,3.650412083874409,-0.13071064890310835,3.6504699336638611,1.1,0.000000000E+000,-5.713612416E-006,-5.558447626E-005,0.000000000E+000,5.093909497E-006,0.000000000E+000,-1.723850970E-005,0.000000000E+000,-2.779132562E-005,-3.320885717E-005
A20-C,table_vii_20,C+,0.0001,0.01,12,-0.13070963574053832,3.650412083874409,-0.13071064890310835,3.6504699336638611,1.2,0.000000000E+000,-7.375096146E-006,-2.784352001E-005,0.000000000E+000,2.774639219E-006,0.000000000E+000,-2.134344089E-005,0.000000000E+000,-1.392107669E-005,-4.040996950E-005
A20-C,table_vii_20,C+,0.0001,0.01,12,-0.13070963574053832,3.650412083874409,-0.13071064890310835,3.6504699336638611,1.3,0.000000000E+000,-8.033116757E-006,2.808458906E-006,0.000000000E+000,1.537656193E-007,0.000000000E+000,-2.256267451E-005,0.000000000E+000,1.404622884E-006,-4.216193012E-005
A20-C,table_vii_20,C+,0.0001,0.01,12,-0.13070963574053832,3.650412083874409,-0.13071064890310835,3.6504699336638611,1.4000000000000001,0.000000000E+000,-7.627855346E-006,3.230364235E-005,0.000000000E+000,-2.419556405E-006,0.000000000E+000,-2.081185856E-005,0.000000000E+000,1.615193161E-005,-3.837713976E-005
A20-C,table_vii_20,C+,0.0001,0.01,12,-0.13070963574053832,3.650412083874409,-0.13071064890310835,3.6504699336638611,1.5,0.000000000E+000,-6.239538252E-006,5.682982660E-005,0.000000000E+000,-4.611374532E-006,0.000000000E+000,-1.639569879E-005,0.000000000E+000,2.841481441E-005,-2.969147071E-005
A20-C,table_vii_20,C+,0.0001,0.01,12,-0.13070963574053832,3.650412083874409,-0.13071064890310835,3.6504699336638611,1.6,0.000000000E+000,-4.074369294E-006,7.332067336E-005,0.000000000E+000,-6.146052041E-006,0.000000000E+000,-9.958217807E-006,0.000000000E+000,3.666013298E-005,-1.736273968E-005
A20-C,table_vii_20,C+,0.0001,0.01,12,-0.13070963574053832,3.650412083874409,-0.13071064890310835,3.6504699336638611,1.7,0.000000000E+000,-1.434410052E-006,7.983597982E-005,0.000000000E+000,-6.840666893E-006,0.000000000E+000,-2.390078988E-006,0.000000000E+000,3.991776551E-005,-3.090766115E-006
A20-C,table_vii_20,C+,0.0001,0.01,12,-0.13070963574053832,3.650412083874409,-0.13071064890310835,3.6504699336638611,1.8,0.000000000E+000,1.324247615E-006,7.578517938E-005,0.000000000E+000,-6.626438836E-006,0.000000000E+000,5.293822879E-006,0.000000000E+000,3.789237138E-005,1.121548296E-005
A20-C,table_vii_20,C+,0.0001,0.01,12,-0.13070963574053832,3.650412083874409,-0.13071064890310835,3.6504699336638611,1.9000000000000001,0.000000000E+000,3.839250954E-006,6.196852149E-005,0.000000000E+000,-5.554720578E-006,0.000000000E+000,1.208974470E-005,0.000000000E+000,3.098407097E-005,2.369186605E-005
A20-C,table_vii_20,C+,0.0001,0.01,12,-0.13070963574053832,3.650412083874409,-0.13071064890310835,3.6504699336638611,2,0.000000000E+000,5.789319669E-006,4.043700069E-005,0.000000000E+000,-3.787210955E-006,0.000000000E+000,1.713546073E-005,0.000000000E+000,2.021840539E-005,3.276058740E-005
A20-C,table_vii_20,C+,0.0001,0.01,12,-0.13070963574053832,3.650412083874409,-0.13071064890310835,3.6504699336638611,2.1,0.000000000E+000,6.935032653E-006,1.419386268E-005,0.000000000E+000,-1.572068683E-006,0.000000000E+000,1.981890986E-005,0.000000000E+000,7.097000659E-006,3.732835167E-005
A20-C,table_vii_20,C+,0.0001,0.01,12,-0.13070963574053832,3.650412083874409,-0.13071064890310835,3.6504699336638611,2.2,0.000000000E+000,7.147910796E-006,-1.322108750E-005,0.000000000E+000,7.906382248E-007,0.000000000E+000,1.985149833E-005,0.000000000E+000,-6.610279374E-006,3.691632144E-005
A20-C,table_vii_20,C+,0.0001,0.01,12,-0.13070963574053832,3.650412083874409,-0.13071064890310835,3.6504699336638611,2.3000000000000003,0.000000000E+000,6.424296570E-006,-3.820657420E-005,0.000000000E+000,2.989359689E-006,0.000000000E+000,1.729737096E-005,0.000000000E+000,-1.910285400E-005,3.170666485E-005
A20-C,table_vii_20,C+,0.0001,0.01,12,-0.13070963574053832,3.650412083874409,-0.13071064890310835,3.6504699336638611,2.4,0.000000000E+000,4.882610539E-006,-5.757077096E-005,0.000000000E+000,4.741946159E-006,0.000000000E+000,1.255595920E-005,0.000000000E+000,-2.878485447E-005,2.250176619E-005
A20-C,table_vii_20,C+,0.0001,0.01,12,-0.13070963574053832,3.650412083874409,-0.13071064890310835,3.6504699336638611,2.5,0.000000000E+000,2.744770946E-006,-6.893666826E-005,0.000000000E+000,5.831644380E-006,0.000000000E+000,6.301284047E-006,0.000000000E+000,-3.446778444E-005,1.060367182E-005
A20-C,table_vii_20,C+,0.0001,0.01,12,-0.13070963574053832,3.650412083874409,-0.13071064890310835,3.6504699336638611,2.6,0.000000000E+000,3.046091591E-007,-7.103067163E-005,0.000000000E+000,6.133641184E-006,0.000000000E+000,-6.129512639E-007,0.000000000E+000,-3.551481565E-005,-2.368442650E-006
A20-C,table_vii_20,C+,0.0001,0.01,12,-0.13070963574053832,3.650412083874409,-0.13071064890310835,3.6504699336638611,2.7,0.000000000E+000,-2.112262730E-006,-6.381971416E-005,0.000000000E+000,5.628938679E-006,0.000000000E+000,-7.269212573E-006,0.000000000E+000,-3.190937329E-005,-1.469736818E-005
A20-C,table_vii_20,C+,0.0001,0.01,12,-0.13070963574053832,3.650412083874409,-0.13071064890310835,3.6504699336638611,2.8000000000000003,0.000000000E+000,-4.191668761E-006,-4.848278052E-005,0.000000000E+000,4.404080774E-006,0.000000000E+000,-1.280724878E-005,0.000000000E+000,-2.424097399E-005,-2.479395343E-005
A20-C,table_vii_20,C+,0.0001,0.01,12,-0.13070963574053832,3.650412083874409,-0.13071064890310835,3.6504699336638611,2.9,0.000000000E+000,-5.671480919E-006,-2.722673147E-005,0.000000000E+000,2.637173009E-006,0.000000000E+000,-1.653460772E-005,0.000000000E+000,-1.361307340E-005,-3.140073722E-005
A20-C,table_vii_20,C+,0.0001,0.01,12,-0.13070963574053832,3.650412083874409,-0.13071064890310835,3.6504699336638611,3,0.000000000E+000,-6.374423591E-006,-2.972746760E-006,0.000000000E+000,5.723328258E-007,0.000000000E+000,-1.801251524E-005,0.000000000E+000,-1.486249847E-006,-3.374721861E-005
A20-C,table_vii_20,C+,0.0001,0.01,12,-0.13070963574053832,3.650412083874409,-0.13071064890310835,3.6504699336638611,3.1,0.000000000E+000,-6.228982137E-006,2.104264448E-005,0.000000000E+000,-1.513810118E-006,0.000000000E+000,-1.710650823E-005,0.000000000E+000,1.052127118E-005,-3.163768909E-005
A20-C,table_vii_20,C+,0.0001,0.01,12,-0.13070963574053832,3.650412083874409,-0.13071064890310835,3.6504699336638611,3.2,0.000000000E+000,-5.275992917E-006,4.169744077E-005,0.000000000E+000,-3.348987912E-006,0.000000000E+000,-1.399611212E-005,0.000000000E+000,2.084853294E-005,-2.546190720E-005
A20-C,table_vii_20,C+,0.0001,0.01,12,-0.13070963574053832,3.650412083874409,-0.13071064890310835,3.6504699336638611,3.3000000000000003,0.000000000E+000,-3.660423719E-006,5.638805576E-005,0.000000000E+000,-4.700649727E-006,0.000000000E+000,-9.143351506E-006,0.000000000E+000,2.819376753E-005,-1.612920902E-005
A20-C,table_vii_20,C+,0.0001,0.01,12,-0.13070963574053832,3.650412083874409,-0.13071064890310835,3.6504699336638611,3.4,0.000000000E+000,-1.609798624E-006,6.335516273E-005,0.000000000E+000,-5.405228454E-006,0.000000000E+000,-3.225261841E-006,0.000000000E+000,3.167730501E-005,-4.936624031E-006
A20-C,table_vii_20,C+,0.0001,0.01,12,-0.13070963574053832,3.650412083874409,-0.13071064890310835,3.6504699336638611,3.5,0.000000000E+000,5.975739168E-007,6.189100814E-005,0.000000000E+000,-5.387662253E-006,0.000000000E+000,2.959865470E-006,0.000000000E+000,3.094523445E-005,6.610099301E-006
A20-C,table_vii_20,C+,0.0001,0.01,12,-0.13070963574053832,3.650412083874409,-0.13071064890310835,3.6504699336638611,3.6,0.000000000E+000,2.670160383E-006,5.240399027E-005,0.000000000E+000,-4.668875437E-006,0.000000000E+000,8.599590529E-006,0.000000000E+000,2.620173940E-005,1.699797987E-005
A20-C,table_vii_20,C+,0.0001,0.01,12,-0.13070963574053832,3.650412083874409,-0.13071064890310835,3.6504699336638611,3.7,0.000000000E+000,4.341499327E-006,3.633640021E-005,0.000000000E+000,-3.360570706E-006,0.000000000E+000,1.297345722E-005,0.000000000E+000,1.816799444E-005,2.490396002E-005
A20-C,table_vii_20,C+,0.0001,0.01,12,-0.13070963574053832,3.650412083874409,-0.13071064890310835,3.6504699336638611,3.8000000000000003,0.000000000E+000,5.404256583E-006,1.595055480E-005,0.000000000E+000,-1.648353472E-006,0.000000000E+000,1.554444021E-005,0.000000000E+000,7.975166973E-006,2.936233629E-005
A20-C,table_vii_20,C+,0.0001,0.01,12,-0.13070963574053832,3.650412083874409,-0.13071064890310835,3.6504699336638611,3.9,0.000000000E+000,5.735710710E-006,-5.986919444E-006,0.000000000E+000,2.343459812E-007,0.000000000E+000,1.602418015E-005,0.000000000E+000,-2.993448912E-006,2.988135690E-005
A20-C,table_vii_20,C+,0.0001,0.01,12,-0.13070963574053832,3.650412083874409,-0.13071064890310835,3.6504699336638611,4,0.000000000E+000,5.311559548E-006,-2.657854031E-005,0.000000000E+000,2.037912104E-006,0.000000000E+000,1.440414577E-005,0.000000000E+000,-1.328914698E-005,2.649506788E-005
A20-C,table_vii_20,C+,0.0001,0.01,12,-0.13070963574053832,3.650412083874409,-0.13071064890310835,3.6504699336638611,4.1,0.000000000E+000,4.206547602E-006,-4.317690398E-005,0.000000000E+000,3.529477753E-006,0.000000000E+000,1.094953116E-005,0.000000000E+000,-2.158825624E-005,1.974531327E-005
A20-C,table_vii_20,C+,0.0001,0.01,12,-0.13070963574053832,3.650412083874409,-0.13071064890310835,3.6504699336638611,4.2,0.000000000E+000,2.582171949E-006,-5.372319269E-005,0.000000000E+000,4.522825841E-006,0.000000000E+000,6.157642207E-006,0.000000000E+000,-2.686137826E-005,1.059803650E-005
A20-C,table_vii_20,C+,0.0001,0.01,12,-0.13070963574053832,3.650412083874409,-0.13071064890310835,3.6504699336638611,4.3,0.000000000E+000,6.634034181E-007,-5.700018201E-005,0.000000000E+000,4.901440130E-006,0.000000000E+000,6.871153827E-007,0.000000000E+000,-2.849988550E-005,3.064940529E-007
A20-C,table_vii_20,C+,0.0001,0.01,12,-0.13070963574053832,3.650412083874409,-0.13071064890310835,3.6504699336638611,4.4,0.000000000E+000,-1.292257628E-006,-5.276894209E-005,0.000000000E+000,4.631878338E-006,0.000000000E+000,-4.732046979E-006,0.000000000E+000,-2.638428387E-005,-9.759410052E-006
A20-C,table_vii_20,C+,0.0001,0.01,12,-0.13070963574053832,3.650412083874409,-0.13071064890310835,3.6504699336638611,4.5,0.000000000E+000,-3.029153530E-006,-4.177420500E-005,0.000000000E+000,3.765972335E-006,0.000000000E+000,-9.395383136E-006,0.000000000E+000,-2.088694632E-005,-1.829450956E-005
A20-C,table_vii_20,C+,0.0001,0.01,12,-0.13070963574053832,3.650412083874409,-0.13071064890310835,3.6504699336638611,4.6000000000000005,0.000000000E+000,-4.326708885E-006,-2.562221240E-005,0.000000000E+000,2.431882337E-006,0.000000000E+000,-1.271502612E-005,0.000000000E+000,-1.281101429E-005,-2.422664785E-005
A20-C,table_vii_20,C+,0.0001,0.01,12,-0.13070963574053832,3.650412083874409,-0.13071064890310835,3.6504699336638611,4.7,0.000000000E+000,-5.027256389E-006,-6.549656973E-006,0.000000000E+000,8.154444151E-007,0.000000000E+000,-1.429326746E-005,0.000000000E+000,-3.274832216E-006,-2.685033527E-005
A20-C,table_vii_20,C+,0.0001,0.01,12,-0.13070963574053832,3.650412083874409,-0.13071064890310835,3.6504699336638611,4.8,0.000000000E+000,-5.054954551E-006,1.288391343E-005,0.000000000E+000,-8.655214907E-007,0.000000000E+000,-1.396946961E-005,0.000000000E+000,6.441847522E-006,-2.590920360E-005
A20-C,table_vii_20,C+,0.0001,0.01,12,-0.13070963574053832,3.650412083874409,-0.13071064890310835,3.6504699336638611,4.9,0.000000000E+000,-4.423557876E-006,3.013790716E-005,0.000000000E+000,-2.390409760E-006,0.000000000E+000,-1.183488385E-005,0.000000000E+000,1.506875726E-005,-2.161782218E-005
A20-C,table_vii_20,C+,0.0001,0.01,12,-0.13070963574053832,3.650412083874409,-0.13071064890310835,3.6504699336638611,5,0.000000000E+000,-3.232313283E-006,4.302123704E-005,0.000000000E+000,-3.564637432E-006,0.000000000E+000,-8.214265575E-006,0.000000000E+000,2.151037254E-005,-1.462159266E-005
A20-C,table_vii_20,C+,0.0001,0.01,12,-0.13070963574053832,3.650412083874409,-0.13071064890310835,3.6504699336638611,5.1000000000000005,0.000000000E+000,-1.650823946E-006,4.996877100E-005,0.000000000E+000,-4.244318403E-006,0.000000000E+000,-3.617539155E-006,0.000000000E+000,2.498412719E-005,-5.901548468E-006
A20-C,table_vii_20,C+,0.0001,0.01,12,-0.13070963574053832,3.650412083874409,-0.13071064890310835,3.6504699336638611,5.2,0.000000000E+000,1.048609464E-007,5.022902318E-005,0.000000000E+000,-4.353694856E-006,0.000000000E+000,1.331411513E-006,0.000000000E+000,2.511425913E-005,3.362105394E-006
A20-C,table_vii_20,C+,0.0001,0.01,12,-0.13070963574053832,3.650412083874409,-0.13071064890310835,3.6504699336638611,5.3,0.000000000E+000,1.801585862E-006,4.394082171E-005,0.000000000E+000,-3.893240484E-006,0.000000000E+000,5.978949138E-006,0.000000000E+000,2.197016550E-005,1.194884861E-005
A20-C,table_vii_20,C+,0.0001,0.01,12,-0.13070963574053832,3.650412083874409,-0.13071064890310835,3.6504699336638611,5.4,0.000000000E+000,3.219889036E-006,3.209193213E-005,0.000000000E+000,-2.937624621E-006,0.000000000E+000,9.727556834E-006,0.000000000E+000,1.604574587E-005,1.875779445E-005
A20-C,table_vii_20,C+,0.0001,0.01,12,-0.13070963574053832,3.650412083874409,-0.13071064890310835,3.6504699336638611,5.5,0.000000000E+000,4.182228026E-006,1.636891281E-005,0.000000000E+000,-1.624081975E-006,0.000000000E+000,1.211219405E-005,0.000000000E+000,8.184289513E-006,2.294797836E-005
A20-C,table_vii_20,C+,0.0001,0.01,12,-0.13070963574053832,3.650412083874409,-0.13071064890310835,3.6504699336638611,5.6000000000000005,0.000000000E+000,4.575025768E-006,-1.080451028E-006,0.000000000E+000,-1.329279923E-007,0.000000000E+000,1.285745984E-005,0.000000000E+000,-5.403192195E-007,2.404120734E-005
A20-C,table_vii_20,C+,0.0001,0.01,12,-0.13070963574053832,3.650412083874409,-0.13071064890310835,3.6504699336638611,5.7,0.000000000E+000,4.361816917E-006,-1.793883276E-005,0.000000000E+000,1.337038788E-006,0.000000000E+000,1.190858337E-005,0.000000000E+000,-8.969437516E-006,2.197500087E-005
A20-C,table_vii_20,C+,0.0001,0.01,12,-0.13070963574053832,3.650412083874409,-0.13071064890310835,3.6504699336638611,5.8,0.000000000E+000,3.586009242E-006,-3.202566155E-005,0.000000000E+000,2.594908729E-006,0.000000000E+000,9.432871016E-006,0.000000000E+000,-1.601280071E-005,1.710000680E-005
A20-C,table_vii_20,C+,0.0001,0.01,12,-0.13070963574053832,3.650412083874409,-0.13071064890310835,3.6504699336638611,5.9,0.000000000E+000,2.363167586E-006,-4.157770417E-005,0.000000000E+000,3.482325274E-006,0.000000000E+000,5.792181006E-006,0.000000000E+000,-2.078880175E-005,1.012365963E-005
A20-C,table_vii_20,C+,0.0001,0.01,12,-0.13070963574053832,3.650412083874409,-0.13071064890310835,3.6504699336638611,6,0.000000000E+000,8.640967042E-007,-4.546798997E-005,0.000000000E+000,3.893270732E-006,0.000000000E+000,1.490761385E-006,0.000000000E+000,-2.273394857E-005,2.008814346E-006
A20-C,table_vii_20,C+,0.0001,0.01,12,-0.13070963574053832,3.650412083874409,-0.13071064890310835,3.6504699336638611,6.1000000000000005,0.000000000E+000,-7.088339933E-007,-4.333613000E-005,0.000000000E+000,3.786522180E-006,0.000000000E+000,-2.894111705E-006,0.000000000E+000,-2.166802802E-005,-6.158267316E-006
A20-C,table_vii_20,C+,0.0001,0.01,12,-0.13070963574053832,3.650412083874409,-0.13071064890310835,3.6504699336638611,6.2,0.000000000E+000,-2.148860875E-006,-3.561518455E-005,0.000000000E+000,3.189341514E-006,0.000000000E+000,-6.789202394E-006,0.000000000E+000,-1.780756814E-005,-1.331256112E-005
A20-C,table_vii_20,C+,0.0001,0.01,12,-0.13070963574053832,3.650412083874409,-0.13071064890310835,3.6504699336638611,6.3,0.000000000E+000,-3.271861301E-006,-2.345478015E-005,0.000000000E+000,2.192157650E-006,0.000000000E+000,-9.699844496E-006,0.000000000E+000,-1.172739722E-005,-1.854840364E-005
A20-C,table_vii_20,C+,0.0001,0.01,12,-0.13070963574053832,3.650412083874409,-0.13071064890310835,3.6504699336638611,6.4,0.000000000E+000,-3.939750111E-006,-8.553193565E-006,0.000000000E+000,9.351661119E-007,0.000000000E+000,-1.127233899E-005,0.000000000E+000,-4.276656079E-006,-2.123334868E-005
A20-C,table_vii_20,C+,0.0001,0.01,12,-0.13070963574053832,3.650412083874409,-0.13071064890310835,3.6504699336638611,6.5,0.000000000E+000,-4.077279959E-006,7.077974991E-006,0.000000000E+000,-4.112136996E-007,0.000000000E+000,-1.133639599E-005,0.000000000E+000,3.538866306E-006,-2.108350900E-005
A20-C,table_vii_20,C+,0.0001,0.01,12,-0.13070963574053832,3.650412083874409,-0.13071064890310835,3.6504699336638611,6.6000000000000005,0.000000000E+000,-3.680223078E-006,2.138394573E-005,0.000000000E+000,-1.669315911E-006,0.000000000E+000,-9.922590994E-006,0.000000000E+000,1.069179745E-005,-1.819154864E-005
A20-C,table_vii_20,C+,0.0001,0.01,12,-0.13070963574053832,3.650412083874409,-0.13071064890310835,3.6504699336638611,6.7,0.000000000E+000,-2.814089761E-006,3.253558432E-005,0.000000000E+000,-2.677557377E-006,0.000000000E+000,-7.253201403E-006,0.000000000E+000,1.626758387E-005,-1.300489618E-005
A20-C,table_vii_20,C+,0.0001,0.01,12,-0.13070963574053832,3.650412083874409,-0.13071064890310835,3.6504699336638611,6.8,0.000000000E+000,-1.603794590E-006,3.916188063E-005,0.000000000E+000,-3.311069633E-006,0.000000000E+000,-3.708303356E-006,0.000000000E+000,1.958072289E-005,-6.258302628E-006
A20-C,table_vii_20,C+,0.0001,0.01,12,-0.13070963574053832,3.650412083874409,-0.13071064890310835,3.6504699336638611,6.9,0.000000000E+000,-2.158511794E-007,4.051670183E-005,0.000000000E+000,-3.497014702E-006,0.000000000E+000,2.278128957E-007,0.000000000E+000,2.025813796E-005,1.129285609E-006
A20-C,table_vii_20,C+,0.0001,0.01,12,-0.13070963574053832,3.650412083874409,-0.13071064890310835,3.6504699336638611,7,0.000000000E+000,1.164390549E-006,3.655975617E-005,0.000000000E+000,-3.222726419E-006,0.000000000E+000,4.032415103E-006,0.000000000E+000,1.827966945E-005,8.179173238E-006
A20-C,table_vii_20,C+,0.0001,0.01,12,-0.13070963574053832,3.650412083874409,-0.13071064890310835,3.6504699336638611,7.1000000000000005,0.000000000E+000,2.357366871E-006,2.794337314E-005,0.000000000E+000,-2.535801676E-006,0.000000000E+000,7.213391221E-006,0.000000000E+000,1.397148981E-005,1.398189461E-005
A20-C,table_vii_20,C+,0.0001,0.01,12,-0.13070963574053832,3.650412083874409,-0.13071064890310835,3.6504699336638611,7.2,0.000000000E+000,3.212533280E-006,1.590987217E-005,0.000000000E+000,-1.536350908E-006,0.000000000E+000,9.372536267E-006,0.000000000E+000,7.954767889E-006,1.781386266E-005
A20-C,table_vii_20,C+,0.0001,0.01,12,-0.13070963574053832,3.650412083874409,-0.13071064890310835,3.6504699336638611,7.3,0.000000000E+000,3.627224951E-006,2.114675240E-006,0.000000000E+000,-3.626081514E-007,0.000000000E+000,1.025499842E-005,0.000000000E+000,1.057212175E-006,1.922683040E-005
A20-C,table_vii_20,C+,0.0001,0.01,12,-0.13070963574053832,3.650412083874409,-0.13071064890310835,3.6504699336638611,7.4,0.000000000E+000,3.558795418E-006,-1.159997911E-005,0.000000000E+000,8.280570348E-007,0.000000000E+000,9.778782436E-006,0.000000000E+000,-5.800069566E-006,1.809918099E-005
A20-C,table_vii_20,C+,0.0001,0.01,12,-0.13070963574053832,3.650412083874409,-0.13071064890310835,3.6504699336638611,7.5,0.000000000E+000,3.028623817E-006,-2.344985590E-005,0.000000000E+000,1.880131194E-006,0.000000000E+000,8.040974141E-006,0.000000000E+000,-1.172497335E-005,1.464334486E-005
A20-C,table_vii_20,C+,0.0001,0.01,12,-0.13070963574053832,3.650412083874409,-0.13071064890310835,3.6504699336638611,7.6000000000000005,0.000000000E+000,2.117677830E-006,-3.193968013E-005,0.000000000E+000,2.660165295E-006,0.000000000E+000,5.300473506E-006,0.000000000E+000,-1.596986927E-005,9.369507223E-006
A20-C,table_vii_20,C+,0.0001,0.01,12,-0.13070963574053832,3.650412083874409,-0.13071064890310835,3.6504699336638611,7.7,0.000000000E+000,9.544285220E-007,-3.605046842E-005,0.000000000E+000,3.073587333E-006,0.000000000E+000,1.940092454E-006,0.000000000E+000,-1.802526334E-005,3.011464300E-006
A20-C,table_vii_20,C+,0.0001,0.01,12,-0.13070963574053832,3.650412083874409,-0.13071064890310835,3.6504699336638611,7.8,0.000000000E+000,-3.031102737E-007,-3.535993988E-005,0.000000000E+000,3.076015573E-006,0.000000000E+000,-1.586509245E-006,0.000000000E+000,-1.768000399E-005,-3.574730367E-006
A20-C,table_vii_20,C+,0.0001,0.01,12,-0.13070963574053832,3.650412083874409,-0.13071064890310835,3.6504699336638611,7.9,0.000000000E+000,-1.488724621E-006,-3.008197232E-005,0.000000000E+000,2.677740144E-006,0.000000000E+000,-4.815739735E-006,0.000000000E+000,-1.504102461E-005,-9.525410578E-006
A20-C,table_vii_20,C+,0.0001,0.01,12,-0.13070963574053832,3.650412083874409,-0.13071064890310835,3.6504699336638611,8,0.000000000E+000,-2.449855313E-006,-2.102223179E-005,0.000000000E+000,1.940969996E-006,0.000000000E+000,-7.334694813E-006,0.000000000E+000,-1.051116805E-005,-1.408195042E-005
A20-C,table_vii_20,C+,0.0001,0.01,12,-0.13070963574053832,3.650412083874409,-0.13071064890310835,3.6504699336638611,8.1,0.000000000E+000,-3.067113939E-006,-9.458187919E-006,0.000000000E+000,9.703960929E-007,0.000000000E+000,-8.833621830E-006,0.000000000E+000,-4.729173037E-006,-1.668686105E-005
A20-C,table_vii_20,C+,0.0001,0.01,12,-0.13070963574053832,3.650412083874409,-0.13071064890310835,3.6504699336638611,8.2,0.000000000E+000,-3.268978568E-006,3.039404588E-006,0.000000000E+000,-1.015388980E-007,0.000000000E+000,-9.143608380E-006,0.000000000E+000,1.519588287E-006,-1.705122224E-005
A20-C,table_vii_20,C+,0.0001,0.01,12,-0.13070963574053832,3.650412083874409,-0.13071064890310835,3.6504699336638611,8.3,0.000000000E+000,-3.039875767E-006,1.481868338E-005,0.000000000E+000,-1.132606802E-006,0.000000000E+000,-8.254954596E-006,0.000000000E+000,7.409195027E-006,-1.518539121E-005
A20-C,table_vii_20,C+,0.0001,0.01,12,-0.13070963574053832,3.650412083874409,-0.13071064890310835,3.6504699336638611,8.4,0.000000000E+000,-2.420765857E-006,2.436396994E-005,0.000000000E+000,-1.989572310E-006,0.000000000E+000,-6.314330597E-006,0.000000000E+000,1.218181732E-005,-1.138993203E-005
A20-C,table_vii_20,C+,0.0001,0.01,12,-0.13070963574053832,3.650412083874409,-0.13071064890310835,3.6504699336638611,8.5,0.000000000E+000,-1.502348391E-006,3.048970934E-005,0.000000000E+000,-2.565314946E-006,0.000000000E+000,-3.601635840E-006,0.000000000E+000,1.524468069E-005,-6.208974092E-006
A20-C,table_vii_20,C+,0.0001,0.01,12,-0.13070963574053832,3.650412083874409,-0.13071064890310835,3.6504699336638611,8.6,0.000000000E+000,-4.119638661E-007,3.248637672E-005,0.000000000E+000,-2.792107115E-006,0.000000000E+000,-4.901001724E-007,0.000000000E+000,1.624301760E-005,-3.530478511E-007
A20-C,table_vii_20,C+,0.0001,0.01,12,-0.13070963574053832,3.650412083874409,-0.13071064890310835,3.6504699336638611,8.7000000000000011,0.000000000E+000,7.039384933E-007,3.020056769E-005,0.000000000E+000,-2.649417341E-006,0.000000000E+000,2.604740447E-006,0.000000000E+000,1.510011625E-005,5.397757041E-006
A20-C,table_vii_20,C+,0.0001,0.01,12,-0.13070963574053832,3.650412083874409,-0.13071064890310835,3.6504699336638611,8.8,0.000000000E+000,1.699366066E-006,2.404046422E-005,0.000000000E+000,-2.165362638E-006,0.000000000E+000,5.280251669E-006,0.000000000E+000,1.202006960E-005,1.029717224E-005
A20-C,table_vii_20,C+,0.0001,0.01,12,-0.13070963574053832,3.650412083874409,-0.13071064890310835,3.6504699336638611,8.9,0.000000000E+000,2.447781745E-006,1.490824484E-005,0.000000000E+000,-1.411792793E-006,0.000000000E+000,7.198794711E-006,0.000000000E+000,7.453974283E-006,1.372905670E-005
A20-C,table_vii_20,C+,0.0001,0.01,12,-0.13070963574053832,3.650412083874409,-0.13071064890310835,3.6504699336638611,9,0.000000000E+000,2.858082991E-006,4.069964213E-006,0.000000000E+000,-4.938071125E-007,0.000000000E+000,8.130025407E-006,0.000000000E+000,2.034857875E-006,1.528429470E-005
A20-C,table_vii_20,C+,0.0001,0.01,12,-0.13070963574053832,3.650412083874409,-0.13071064890310835,3.6504699336638611,9.1,0.000000000E+000,2.885554689E-006,-7.018731659E-006,0.000000000E+000,4.647916528E-007,0.000000000E+000,7.978132495E-006,0.000000000E+000,-3.509462709E-006,1.480874752E-005
A20-C,table_vii_20,C+,0.0001,0.01,12,-0.13070963574053832,3.650412083874409,-0.13071064890310835,3.6504699336638611,9.2000000000000011,0.000000000E+000,2.536497181E-006,-1.690711879E-005,0.000000000E+000,1.338105080E-006,0.000000000E+000,6.790849161E-006,0.000000000E+000,-8.453633830E-006,1.241675438E-005
A20-C,table_vii_20,C+,0.0001,0.01,12,-0.13070963574053832,3.650412083874409,-0.13071064890310835,3.6504699336638611,9.3,0.000000000E+000,1.866089290E-006,-2.433825864E-005,0.000000000E+000,2.014591717E-006,0.000000000E+000,4.749532363E-006,0.000000000E+000,-1.216919195E-005,8.469311010E-006
A20-C,table_vii_20,C+,0.0001,0.01,12,-0.13070963574053832,3.650412083874409,-0.13071064890310835,3.6504699336638611,9.4,0.000000000E+000,9.699393143E-007,-2.840773414E-005,0.000000000E+000,2.411224667E-006,0.000000000E+000,2.142090761E-006,0.000000000E+000,-1.420392821E-005,3.520680910E-006
A20-C,table_vii_20,C+,0.0001,0.01,12,-0.13070963574053832,3.650412083874409,-0.13071064890310835,3.6504699336638611,9.5,0.000000000E+000,-2.941198357E-008,-2.867234508E-005,0.000000000E+000,2.483569179E-006,0.000000000E+000,-6.772677868E-007,0.000000000E+000,-1.433623623E-005,-1.758788190E-006
A20-C,table_vii_20,C+,0.0001,0.01,12,-0.13070963574053832,3.650412083874409,-0.13071064890310835,3.6504699336638611,9.6,0.000000000E+000,-9.991469389E-007,-2.519586414E-005,0.000000000E+000,2.230572245E-006,0.000000000E+000,-3.335882411E-006,0.000000000E+000,-1.259799660E-005,-6.672967898E-006
A20-C,table_vii_20,C+,0.0001,0.01,12,-0.13070963574053832,3.650412083874409,-0.13071064890310835,3.6504699336638611,9.7000000000000011,0.000000000E+000,-1.813731869E-006,-1.852753994E-005,0.000000000E+000,1.693577942E-006,0.000000000E+000,-5.491643021E-006,0.000000000E+000,-9.263839216E-006,-1.059126088E-005
A20-C,table_vii_20,C+,0.0001,0.01,12,-0.13070963574053832,3.650412083874409,-0.13071064890310835,3.6504699336638611,9.8,0.000000000E+000,-2.371077161E-006,-9.618166306E-006,0.000000000E+000,9.498517385E-007,0.000000000E+000,-6.876752329E-006,0.000000000E+000,-4.809164976E-006,-1.302903633E-005
A20-C,table_vii_20,C+,0.0001,0.01,12,-0.13070963574053832,3.650412083874409,-0.13071064890310835,3.6504699336638611,9.9,0.000000000E+000,-2.605229856E-006,3.140663073E-007,0.000000000E+000,1.015917268E-007,0.000000000E+000,-7.330690662E-006,0.000000000E+000,1.569327561E-007,-1.370699086E-005
A20-C,table_vii_20,C+,0.0001,0.01,12,-0.13070963574053832,3.650412083874409,-0.13071064890310835,3.6504699336638611,10,0.000000000E+000,-2.494032363E-006,9.949143418E-006,0.000000000E+000,-7.380253901E-007,0.000000000E+000,-6.818358919E-006,0.000000000E+000,4.974452628E-006,-1.258223379E-005
A20-C,table_vii_20,C+,0.0001,0.01,12,-0.13070963574053832,3.650412083874409,-0.13071064890310835,3.6504699336638611,10.1,0.000000000E+000,-2.060878825E-006,1.803980891E-005,0.000000000E+000,-1.459868823E-006,0.000000000E+000,-5.431415883E-006,0.000000000E+000,9.019772714E-006,-9.847774816E-006
A20-C,table_vii_20,C+,0.0001,0.01,12,-0.13070963574053832,3.650412083874409,-0.13071064890310835,3.6504699336638611,10.200000000000001,0.000000000E+000,-1.370492418E-006,2.357216543E-005,0.000000000E+000,-1.972963527E-006,0.000000000E+000,-3.373068385E-006,0.000000000E+000,1.178594705E-005,-5.901295534E-006
A20-C,table_vii_20,C+,0.0001,0.01,12,-0.13070963574053832,3.650412083874409,-0.13071064890310835,3.6504699336638611,10.3,0.000000000E+000,-5.194281162E-007,2.589171946E-005,0.000000000E+000,-2.215870730E-006,0.000000000E+000,-9.287231839E-007,0.000000000E+000,1.294572647E-005,-1.288066886E-006
A20-C,table_vii_20,C+,0.0001,0.01,12,-0.13070963574053832,3.650412083874409,-0.13071064890310835,3.6504699336638611,10.4,0.000000000E+000,3.773252979E-007,2.477933638E-005,0.000000000E+000,-2.163927175E-006,0.000000000E+000,1.573309854E-006,0.000000000E+000,1.238953755E-005,3.373881576E-006
A20-C,table_vii_20,C+,0.0001,0.01,12,-0.13070963574053832,3.650412083874409,-0.13071064890310835,3.6504699336638611,10.5,0.000000000E+000,1.201796803E-006,2.046845530E-005,0.000000000E+000,-1.831506068E-006,0.000000000E+000,3.805683700E-006,0.000000000E+000,1.023409897E-005,7.476126441E-006
A20-C,table_vii_20,C+,0.0001,0.01,12,-0.13070963574053832,3.650412083874409,-0.13071064890310835,3.6504699336638611,10.6,0.000000000E+000,1.848472219E-006,1.360299858E-005,0.000000000E+000,-1.269137688E-006,0.000000000E+000,5.484614726E-006,0.000000000E+000,6.801377142E-006,1.049883056E-005
A20-C,table_vii_20,C+,0.0001,0.01,12,-0.13070963574053832,3.650412083874409,-0.13071064890310835,3.6504699336638611,10.700000000000001,0.000000000E+000,2.237714953E-006,5.143016466E-006,0.000000000E+000,-5.559977194E-007,0.000000000E+000,6.405717888E-006,0.000000000E+000,2.571398646E-006,1.207616486E-005
A20-C,table_vii_20,C+,0.0001,0.01,12,-0.13070963574053832,3.650412083874409,-0.13071064890310835,3.6504699336638611,10.8,0.000000000E+000,2.325471383E-006,-3.768500140E-006,0.000000000E+000,2.111434365E-007,0.000000000E+000,6.468581313E-006,0.000000000E+000,-1.884343938E-006,1.203998680E-005
A20-C,table_vii_20,C+,0.0001,0.01,12,-0.13070963574053832,3.650412083874409,-0.13071064890310835,3.6504699336638611,10.9,0.000000000E+000,2.108091183E-006,-1.195922393E-005,0.000000000E+000,9.309786889E-007,0.000000000E+000,5.687164390E-006,0.000000000E+000,-5.979691994E-006,1.043664243E-005
A20-C,table_vii_20,C+,0.0001,0.01,12,-0.13070963574053832,3.650412083874409,-0.13071064890310835,3.6504699336638611,11,0.000000000E+000,1.621760368E-006,-1.838096211E-005,0.000000000E+000,1.510976382E-006,0.000000000E+000,4.185029212E-006,0.000000000E+000,-9.190553102E-006,7.515395353E-006
A20-C,table_vii_20,C+,0.0001,0.01,12,-0.13070963574053832,3.650412083874409,-0.13071064890310835,3.6504699336638611,11.1,0.000000000E+000,9.367598441E-007,-2.224299369E-005,0.000000000E+000,1.879205878E-006,0.000000000E+000,2.176417579E-006,0.000000000E+000,-1.112156726E-005,3.690722237E-006
A20-C,table_vii_20,C+,0.0001,0.01,12,-0.13070963574053832,3.650412083874409,-0.13071064890310835,3.6504699336638611,11.200000000000001,0.000000000E+000,1.474311863E-007,-2.310841377E-005,0.000000000E+000,1.993174273E-006,0.000000000E+000,-6.399528613E-008,0.000000000E+000,-1.155427857E-005,-5.159375506E-007
A20-C,table_vii_20,C+,0.0001,0.01,12,-0.13070963574053832,3.650412083874409,-0.13071064890310835,3.6504699336638611,11.3,0.000000000E+000,-6.407320417E-007,-2.094187932E-005,0.000000000E+000,1.844600318E-006,0.000000000E+000,-2.238436601E-006,0.000000000E+000,-1.047101099E-005,-4.546857199E-006
A20-C,table_vii_20,C+,0.0001,0.01,12,-0.13070963574053832,3.650412083874409,-0.13071064890310835,3.6504699336638611,11.4,0.000000000E+000,-1.325110359E-006,-1.610376672E-005,0.000000000E+000,1.459608216E-006,0.000000000E+000,-4.065410549E-006,0.000000000E+000,-8.051955160E-006,-7.881587681E-006
A20-C,table_vii_20,C+,0.0001,0.01,12,-0.13070963574053832,3.650412083874409,-0.13071064890310835,3.6504699336638611,11.5,0.000000000E+000,-1.819247888E-006,-9.293087100E-006,0.000000000E+000,8.944389174E-007,0.000000000E+000,-5.315934737E-006,0.000000000E+000,-4.646620129E-006,-1.010377381E-005
A20-C,table_vii_20,C+,0.0001,0.01,12,-0.13070963574053832,3.650412083874409,-0.13071064890310835,3.6504699336638611,11.6,0.000000000E+000,-2.063695949E-006,-1.447756558E-006,0.000000000E+000,2.273493504E-007,0.000000000E+000,-5.842009779E-006,0.000000000E+000,-7.239637631E-007,-1.095269970E-005
A20-C,table_vii_20,C+,0.0001,0.01,12,-0.13070963574053832,3.650412083874409,-0.13071064890310835,3.6504699336638611,11.700000000000001,0.000000000E+000,-2.033059723E-006,6.383728826E-006,0.000000000E+000,-4.521480061E-007,0.000000000E+000,-5.593808399E-006,0.000000000E+000,3.191769054E-006,-1.035323308E-005
A20-C,table_vii_20,C+,0.0001,0.01,12,-0.13070963574053832,3.650412083874409,-0.13071064890310835,3.6504699336638611,11.8,0.000000000E+000,-1.738427505E-006,1.318172241E-005,0.000000000E+000,-1.055234121E-006,0.000000000E+000,-4.623633667E-006,0.000000000E+000,6.590758839E-006,-8.420823923E-006
A20-C,table_vii_20,C+,0.0001,0.01,12,-0.13070963574053832,3.650412083874409,-0.13071064890310835,3.6504699336638611,11.9,0.000000000E+000,-1.224985032E-006,1.808750556E-005,0.000000000E+000,-1.505334073E-006,0.000000000E+000,-3.076471344E-006,0.000000000E+000,9.043648370E-006,-5.441548743E-006
A20-C,table_vii_20,C+,0.0001,0.01,12,-0.13070963574053832,3.650412083874409,-0.13071064890310835,3.6504699336638611,12,0.000000000E+000,-5.652499555E-007,2.051098754E-005,0.000000000E+000,-1.747774563E-006,0.000000000E+000,-1.168713102E-006,0.000000000E+000,1.025539131E-005,-1.830445053E-006
B47-A,table_vii_47,A+,0.0001,0.01,20,0.81389939269760159,0.86792659682376949,0.81391039513549779,0.8689762722095804,0,-6.546388914E-005,1.007901333E-046,-5.353942283E-045,-5.676072409E-006,9.213964549E-045,-1.000000000E-004,1.082386170E-043,6.266781363E-003,3.133390681E-003,-1.726345304E-016
B47-A,table_vii_47,A+,0.0001,0.01,20,0.81389939269760159,0.86792659682376949,0.81391039513549779,0.8689762722095804,0.06,-6.414635754E-005,7.674581507E-047,-5.353942283E-045,2.672514265E-006,9.213964549E-045,-1.000942231E-004,1.080695776E-043,6.571486247E-003,3.285745858E-003,1.712629946E-004
B47-A,table_vii_47,A+,0.0001,0.01,20,0.81389939269760159,0.86792659682376949,0.81391039513549779,0.8689762722095804,0.12,-6.235037920E-005,5.178398261E-047,-5.353942282E-045,1.186316917E-005,9.213964548E-045,-9.966245693E-005,1.079005381E-043,6.872285270E-003,3.436144592E-003,3.591769063E-004
B47-A,table_vii_47,A+,0.0001,0.01,20,0.81389939269760159,0.86792659682376949,0.81391039513549779,0.8689762722095804,0.18,-6.003646248E-005,2.590463594E-047,-5.353942280E-045,2.193337949E-005,9.213964547E-045,-9.865304828E-005,1.077314987E-043,7.167168536E-003,3.583587584E-003,5.644503784E-004
B47-A,table_vii_47,A+,0.0001,0.01,20,0.81389939269760159,0.86792659682376949,0.81391039513549779,0.8689762722095804,0.24,-5.716381300E-005,-8.922249183E-049,-5.353942277E-045,3.291939440E-005,9.213964546E-045,-9.701213187E-005,1.075624592E-043,7.453953359E-003,3.726978173E-003,7.877635888E-004
B47-A,table_vii_47,A+,0.0001,0.01,20,0.81389939269760159,0.86792659682376949,0.81391039513549779,0.8689762722095804,0.3,-5.369059359E-005,-2.860659993E-047,-5.353942274E-045,4.485618539E-005,9.213964544E-045,-9.468370579E-005,1.073934197E-043,7.730266350E-003,3.865133718E-003,1.029768614E-003
B47-A,table_vii_47,A+,0.0001,0.01,20,0.81389939269760159,0.86792659682376949,0.81391039513549779,0.8689762722095804,0.36,-4.957371608E-005,-5.723848906E-047,-5.353942270E-045,5.777769949E-005,9.213964542E-045,-9.160969532E-005,1.072243802E-043,7.993560925E-003,3.996782136E-003,1.291093830E-003
B47-A,table_vii_47,A+,0.0001,0.01,20,0.81389939269760159,0.86792659682376949,0.81391039513549779,0.8689762722095804,0.42,-4.476909923E-005,-8.678789227E-047,-5.353942266E-045,7.171577177E-005,9.213964539E-045,-8.773004760E-005,1.070553407E-043,8.241094473E-003,4.120546520E-003,1.572321654E-003
B47-A,table_vii_47,A+,0.0001,0.01,20,0.81389939269760159,0.86792659682376949,0.81391039513549779,0.8689762722095804,0.48,-3.923200337E-005,-1.172548096E-046,-5.353942261E-045,8.670005575E-005,9.213964537E-045,-8.298287707E-005,1.068863012E-043,8.469919116E-003,4.234959513E-003,1.873988407E-003
B47-A,table_vii_47,A+,0.0001,0.01,20,0.81389939269760159,0.86792659682376949,0.81391039513549779,0.8689762722095804,0.54,-3.291684793E-005,-1.486392409E-046,-5.353942255E-045,1.027577565E-004,9.213964534E-045,-7.730457103E-005,1.067172617E-043,8.676894081E-003,4.338447835E-003,2.196577608E-003
B47-A,table_vii_47,A+,0.0001,0.01,20,0.81389939269760159,0.86792659682376949,0.81391039513549779,0.8689762722095804,0.6,-2.577762424E-005,-1.809411864E-046,-5.353942249E-045,1.199129504E-004,9.213964531E-045,-7.062999480E-005,1.065482222E-043,8.858669876E-003,4.429334865E-003,2.540506983E-003
B47-A,table_vii_47,A+,0.0001,0.01,20,0.81389939269760159,0.86792659682376949,0.81391039513549779,0.8689762722095804,0.66,-1.776807006E-005,-2.141606460E-046,-5.353942243E-045,1.381864031E-004,9.213964529E-045,-6.289265193E-005,1.063791827E-043,9.011681539E-003,4.505844411E-003,2.906125233E-003
B47-A,table_vii_47,A+,0.0001,0.01,20,0.81389939269760159,0.86792659682376949,0.81391039513549779,0.8689762722095804,0.72,-8.841570995E-006,-2.482976197E-046,-5.353942236E-045,1.575953280E-004,9.213964526E-045,-5.402491328E-005,1.062101431E-043,9.132173569E-003,4.566090140E-003,3.293705974E-003
B47-A,table_vii_47,A+,0.0001,0.01,20,0.81389939269760159,0.86792659682376949,0.81391039513549779,0.8689762722095804,0.78,1.048036775E-006,-2.833521076E-046,-5.353942230E-045,1.781521036E-004,9.213964524E-045,-4.395825306E-005,1.060411036E-043,9.216153477E-003,4.608081405E-003,3.703423640E-003
B47-A,table_vii_47,A+,0.0001,0.01,20,0.81389939269760159,0.86792659682376949,0.81391039513549779,0.8689762722095804,0.84,1.194666438E-005,-3.193241097E-046,-5.353942223E-045,1.998644346E-004,9.213964523E-045,-3.262354774E-005,1.058720641E-043,9.259428476E-003,4.629718224E-003,4.135355553E-003
B47-A,table_vii_47,A+,0.0001,0.01,20,0.81389939269760159,0.86792659682376949,0.81391039513549779,0.8689762722095804,0.9,2.389955034E-005,-3.562136262E-046,-5.353942215E-045,2.227348224E-004,9.213964522E-045,-1.995135751E-005,1.057030245E-043,9.257593745E-003,4.628798111E-003,4.589472148E-003
B47-A,table_vii_47,A+,0.0001,0.01,20,0.81389939269760159,0.86792659682376949,0.81391039513549779,0.8689762722095804,0.96,3.695081859E-005,-3.940206570E-046,-5.353942207E-045,2.467597050E-004,9.213964522E-045,-5.872274189E-006,1.055339850E-043,9.206025590E-003,4.603015631E-003,5.065620000E-003
B47-A,table_vii_47,A+,0.0001,0.01,20,0.81389939269760159,0.86792659682376949,0.81391039513549779,0.8689762722095804,1.02,5.114338698E-005,-4.327452023E-046,-5.353942199E-045,2.719288314E-004,9.213964524E-045,9.682695525E-006,1.053649456E-043,9.099902428E-003,4.549951287E-003,5.563508197E-003
B47-A,table_vii_47,A+,0.0001,0.01,20,0.81389939269760159,0.86792659682376949,0.81391039513549779,0.8689762722095804,1.08,6.651838692E-005,-4.723872623E-046,-5.353942190E-045,2.982249489E-004,9.213964526E-045,2.678172956E-005,1.051959061E-043,8.934195967E-003,4.467091681E-003,6.082703763E-003
B47-A,table_vii_47,A+,0.0001,0.01,20,0.81389939269760159,0.86792659682376949,0.81391039513549779,0.8689762722095804,1.1400000000000001,8.311485569E-005,-5.129468369E-046,-5.353942180E-045,3.256229500E-004,9.213964530E-045,4.549173375E-005,1.050268667E-043,8.703679414E-003,4.351822946E-003,6.622614078E-003
B47-A,table_vii_47,A+,0.0001,0.01,20,0.81389939269760159,0.86792659682376949,0.81391039513549779,0.8689762722095804,1.2,1.009691457E-004,-5.544239263E-046,-5.353942167E-045,3.540889336E-004,9.213964535E-045,6.587784645E-005,1.048578273E-043,8.402925712E-003,4.201435637E-003,7.182468666E-003
B47-A,table_vii_47,A+,0.0001,0.01,20,0.81389939269760159,0.86792659682376949,0.81391039513549779,0.8689762722095804,1.26,1.201148731E-004,-5.968185306E-046,-5.353942152E-045,3.835801994E-004,9.213964541E-045,8.800291520E-005,1.046887879E-043,8.026350459E-003,4.013127710E-003,7.761318442E-003
B47-A,table_vii_47,A+,0.0001,0.01,20,0.81389939269760159,0.86792659682376949,0.81391039513549779,0.8689762722095804,1.32,1.405820581E-004,-6.401306498E-046,-5.353942134E-045,4.140441107E-004,9.213964548E-045,1.119269282E-004,1.045197487E-043,7.568188348E-003,3.784017116E-003,8.358014511E-003
B47-A,table_vii_47,A+,0.0001,0.01,20,0.81389939269760159,0.86792659682376949,0.81391039513549779,0.8689762722095804,1.3800000000000001,1.623966940E-004,-6.843602839E-046,-5.353942110E-045,4.454172156E-004,9.213964556E-045,1.377063974E-004,1.043507095E-043,7.022519904E-003,3.511140890E-003,8.971190196E-003
B47-A,table_vii_47,A+,0.0001,0.01,20,0.81389939269760159,0.86792659682376949,0.81391039513549779,0.8689762722095804,1.44,1.855802287E-004,-7.295074329E-046,-5.353942079E-045,4.776245317E-004,9.213964564E-045,1.653936867E-004,1.041816703E-043,6.383285109E-003,3.191462392E-003,9.599247076E-003
B47-A,table_vii_47,A+,0.0001,0.01,20,0.81389939269760159,0.86792659682376949,0.81391039513549779,0.8689762722095804,1.5,2.101489656E-004,-7.755720968E-046,-5.353942039E-045,5.105790972E-004,9.213964573E-045,1.950362954E-004,1.040126313E-043,5.644308085E-003,2.821889415E-003,1.024034694E-002
B47-A,table_vii_47,A+,0.0001,0.01,20,0.81389939269760159,0.86792659682376949,0.81391039513549779,0.8689762722095804,1.56,2.361135418E-004,-8.225542752E-046,-5.353941988E-045,5.441810982E-004,9.213964580E-045,2.266761359E-004,1.038435923E-043,4.799312612E-003,2.399277661E-003,1.089239438E-002
B47-A,table_vii_47,A+,0.0001,0.01,20,0.81389939269760159,0.86792659682376949,0.81391039513549779,0.8689762722095804,1.62,2.634781120E-004,-8.704539679E-046,-5.353941922E-045,5.783169710E-004,9.213964586E-045,2.603487151E-004,1.036745535E-043,3.841944801E-003,1.920447991E-003,1.155301989E-002
B47-A,table_vii_47,A+,0.0001,0.01,20,0.81389939269760159,0.86792659682376949,0.81391039513549779,0.8689762722095804,1.68,2.922397822E-004,-9.192711744E-046,-5.353941838E-045,6.128581723E-004,9.213964589E-045,2.960822863E-004,1.035055148E-043,2.765798848E-003,1.382183119E-003,1.221955469E-002
B47-A,table_vii_47,A+,0.0001,0.01,20,0.81389939269760159,0.86792659682376949,0.81391039513549779,0.8689762722095804,1.74,3.223878882E-004,-9.690058941E-046,-5.353941732E-045,6.476609949E-004,9.213964587E-045,3.338969393E-004,1.033364762E-043,1.564452691E-003,7.812585787E-004,1.288902866E-002
B47-A,table_vii_47,A+,0.0001,0.01,20,0.81389939269760159,0.86792659682376949,0.81391039513549779,0.8689762722095804,1.8,3.539030307E-004,-1.019658126E-045,-5.353941598E-045,6.825653542E-004,9.213964579E-045,3.738036491E-004,1.031674377E-043,2.314820865E-004,1.144590541E-004,1.355814719E-002
B47-A,table_vii_47,A+,0.0001,0.01,20,0.81389939269760159,0.86792659682376949,0.81391039513549779,0.8689762722095804,1.86,3.867567607E-004,-1.071227869E-045,-5.353941430E-045,7.173944033E-004,9.213964561E-045,4.158032910E-004,1.029983994E-043,-1.239471045E-003,-6.214150665E-004,1.422328269E-002
B47-A,table_vii_47,A+,0.0001,0.01,20,0.81389939269760159,0.86792659682376949,0.81391039513549779,0.8689762722095804,1.92,4.209103082E-004,-1.123715121E-045,-5.353941222E-045,7.519530793E-004,9.213964531E-045,4.598855822E-004,1.028293612E-043,-2.854692075E-003,-1.429522651E-003,1.488044756E-002
B47-A,table_vii_47,A+,0.0001,0.01,20,0.81389939269760159,0.86792659682376949,0.81391039513549779,0.8689762722095804,1.98,4.563140613E-004,-1.177119881E-045,-5.353940965E-045,7.860281839E-004,9.213964486E-045,5.060279988E-004,1.026603231E-043,-4.620328946E-003,-2.312953504E-003,1.552529649E-002
B47-A,table_vii_47,A+,0.0001,0.01,20,0.81389939269760159,0.86792659682376949,0.81391039513549779,0.8689762722095804,2.04,4.929065272E-004,-1.231442146E-045,-5.353940651E-045,8.193868646E-004,9.213964421E-045,5.541946444E-004,1.024912852E-043,-6.542358980E-003,-3.274715844E-003,1.615309673E-002
B47-A,table_vii_47,A+,0.0001,0.01,20,0.81389939269760159,0.86792659682376949,0.81391039513549779,0.8689762722095804,2.1,5.306134640E-004,-1.286681914E-045,-5.353940269E-045,8.517759064E-004,9.213964332E-045,6.043350399E-004,1.023222474E-043,-8.626536243E-003,-4.317711288E-003,1.675871487E-002
B47-A,table_vii_47,A+,0.0001,0.01,20,0.81389939269760159,0.86792659682376949,0.81391039513549779,0.8689762722095804,2.16,5.693469902E-004,-1.342839180E-045,-5.353939809E-045,8.829215311E-004,9.213964213E-045,6.563828980E-004,1.021532096E-043,-1.087833587E-002,-5.444695806E-003,1.733661459E-002
B47-A,table_vii_47,A+,0.0001,0.01,20,0.81389939269760159,0.86792659682376949,0.81391039513549779,0.8689762722095804,2.22,6.090047530E-004,-1.399913940E-045,-5.353939256E-045,9.125283832E-004,9.213964057E-045,7.102548637E-004,1.019841720E-043,-1.330288850E-002,-6.658264041E-003,1.788083653E-002
B47-A,table_vii_47,A+,0.0001,0.01,20,0.81389939269760159,0.86792659682376949,0.81391039513549779,0.8689762722095804,2.2800000000000002,6.494687624E-004,-1.457906190E-045,-5.353938598E-045,9.402790193E-004,9.213963858E-045,7.658491980E-004,1.018151344E-043,-1.590493805E-002,-7.960804913E-003,1.838499055E-002
B47-A,table_vii_47,A+,0.0001,0.01,20,0.81389939269760159,0.86792659682376949,0.81391039513549779,0.8689762722095804,2.34,6.906047331E-004,-1.516815924E-045,-5.353937818E-045,9.658333927E-004,9.213963607E-045,8.230444375E-004,1.016460968E-043,-1.868874460E-002,-9.354481244E-003,1.884224523E-002
B47-A,table_vii_47,A+,0.0001,0.01,20,0.81389939269760159,0.86792659682376949,0.81391039513549779,0.8689762722095804,2.4,7.322607982E-004,-1.576643133E-045,-5.353936900E-045,9.888281519E-004,9.213963295E-045,8.816980269E-004,1.014770591E-043,-2.165804529E-002,-1.084118443E-002,1.924531652E-002
B47-A,table_vii_47,A+,0.0001,0.01,20,0.81389939269760159,0.86792659682376949,0.81391039513549779,0.8689762722095804,2.46,7.742666270E-004,-1.637387811E-045,-5.353935824E-045,1.008876360E-003,9.213962912E-045,9.416449007E-004,1.013080214E-043,-2.481596592E-002,-1.242249733E-002,1.958646322E-002
B47-A,table_vii_47,A+,0.0001,0.01,20,0.81389939269760159,0.86792659682376949,0.81391039513549779,0.8689762722095804,2.52,8.164325922E-004,-1.699049948E-045,-5.353934570E-045,1.025567526E-003,9.213962446E-045,1.002696069E-003,1.011389834E-043,-2.816493352E-002,-1.409965165E-002,1.985748908E-002
B47-A,table_vii_47,A+,0.0001,0.01,20,0.81389939269760159,0.86792659682376949,0.81391039513549779,0.8689762722095804,2.58,8.585488232E-004,-1.761629533E-045,-5.353933117E-045,1.038467396E-003,9.213961884E-045,1.064637197E-003,1.009699452E-043,-3.170659350E-002,-1.587348600E-002,2.004974018E-002
B47-A,table_vii_47,A+,0.0001,0.01,20,0.81389939269760159,0.86792659682376949,0.81391039513549779,0.8689762722095804,2.64,9.003839521E-004,-1.825126554E-045,-5.353931440E-045,1.047116955E-003,9.213961214E-045,1.127227166E-003,1.008009066E-043,-3.544173867E-002,-1.774440915E-002,2.015408650E-002
B47-A,table_vii_47,A+,0.0001,0.01,20,0.81389939269760159,0.86792659682376949,0.81391039513549779,0.8689762722095804,2.7,9.416844279E-004,-1.889540997E-045,-5.353929517E-045,1.051033493E-003,9.213960420E-045,1.190196586E-003,1.006318675E-043,-3.937019970E-002,-1.971233799E-002,2.016094558E-002
B47-A,table_vii_47,A+,0.0001,0.01,20,0.81389939269760159,0.86792659682376949,0.81391039513549779,0.8689762722095804,2.7600000000000002,9.821736109E-004,-1.954872845E-045,-5.353927319E-045,1.049710357E-003,9.213959486E-045,1.253246405E-003,1.004628277E-043,-4.349074814E-002,-2.177665831E-002,2.006027866E-002
B47-A,table_vii_47,A+,0.0001,0.01,20,0.81389939269760159,0.86792659682376949,0.81391039513549779,0.8689762722095804,2.82,1.021550828E-003,-2.021122082E-045,-5.353924821E-045,1.042617798E-003,9.213958396E-045,1.316046459E-003,1.002937872E-043,-4.780099802E-002,-2.393615594E-002,1.984161063E-002
B47-A,table_vii_47,A+,0.0001,0.01,20,0.81389939269760159,0.86792659682376949,0.81391039513549779,0.8689762722095804,2.88,1.059490579E-003,-2.088288688E-045,-5.353921994E-045,1.029202630E-003,9.213957130E-045,1.378234100E-003,1.001247458E-043,-5.229730094E-002,-2.618898515E-002,1.949402373E-002
B47-A,table_vii_47,A+,0.0001,0.01,20,0.81389939269760159,0.86792659682376949,0.81391039513549779,0.8689762722095804,2.94,1.095641656E-003,-2.156372641E-045,-5.353918809E-045,1.008889365E-003,9.213955671E-045,1.439412823E-003,9.995570323E-044,-5.697464367E-002,-2.853259563E-002,1.900618342E-002
B47-A,table_vii_47,A+,0.0001,0.01,20,0.81389939269760159,0.86792659682376949,0.81391039513549779,0.8689762722095804,3,1.129626694E-003,-2.225373918E-045,-5.353915238E-045,9.810814285E-004,9.213953998E-045,1.499150949E-003,9.978665933E-044,-6.182651065E-002,-3.096367760E-002,1.836636403E-002
B47-A,table_vii_47,A+,0.0001,0.01,20,0.81389939269760159,0.86792659682376949,0.81391039513549779,0.8689762722095804,3.06,1.161041175E-003,-2.295292491E-045,-5.353911252E-045,9.451611751E-004,9.213952092E-045,1.556980363E-003,9.961761389E-044,-6.684479688E-002,-3.347811173E-002,1.756245112E-002
B47-A,table_vii_47,A+,0.0001,0.01,20,0.81389939269760159,0.86792659682376949,0.81391039513549779,0.8689762722095804,3.12,1.189453100E-003,-2.366128333E-045,-5.353906821E-045,9.004920524E-004,9.213949931E-045,1.612395325E-003,9.944856666E-044,-7.201966929E-002,-3.607089623E-002,1.658198717E-002
B47-A,table_vii_47,A+,0.0001,0.01,20,0.81389939269760159,0.86792659682376949,0.81391039513549779,0.8689762722095804,3.18,1.214402444E-003,-2.437881413E-045,-5.353901919E-045,8.464195758E-004,9.213947495E-045,1.664851352E-003,9.927951740E-044,-7.733944710E-002,-3.873609362E-002,1.541219259E-002
B47-A,table_vii_47,A+,0.0001,0.01,20,0.81389939269760159,0.86792659682376949,0.81391039513549779,0.8689762722095804,3.24,1.235400825E-003,-2.510551698E-045,-5.353896518E-045,7.822734517E-004,9.213944764E-045,1.713764210E-003,9.911046586E-044,-8.279046903E-002,-4.146675915E-002,1.404001069E-002
B47-A,table_vii_47,A+,0.0001,0.01,20,0.81389939269760159,0.86792659682376949,0.81391039513549779,0.8689762722095804,3.3000000000000003,1.251931097E-003,-2.584139153E-045,-5.353890596E-045,7.073681841E-004,9.213941717E-045,1.758508988E-003,9.894141176E-044,-8.835698368E-002,-4.425490360E-002,1.245212045E-002
B47-A,table_vii_47,A+,0.0001,0.01,20,0.81389939269760159,0.86792659682376949,0.81391039513549779,0.8689762722095804,3.36,1.263447321E-003,-2.658643739E-045,-5.353884129E-045,6.210068340E-004,9.213938335E-045,1.798419280E-003,9.877235484E-044,-9.402100149E-002,-4.709139441E-002,1.063501556E-002
B47-A,table_vii_47,A+,0.0001,0.01,20,0.81389939269760159,0.86792659682376949,0.81391039513549779,0.8689762722095804,3.42,1.269374706E-003,-2.734065418E-045,-5.353877100E-045,5.224819486E-004,9.213934601E-045,1.832786545E-003,9.860329481E-044,-9.976217033E-002,-4.996592737E-002,8.575022725E-003
B47-A,table_vii_47,A+,0.0001,0.01,20,0.81389939269760159,0.86792659682376949,0.81391039513549779,0.8689762722095804,3.48,1.269109646E-003,-2.810404148E-045,-5.353869495E-045,4.110786632E-004,9.213930499E-045,1.860859549E-003,9.843423140E-044,-1.055576464E-001,-5.286694781E-002,6.258366635E-003
B47-A,table_vii_47,A+,0.0001,0.01,20,0.81389939269760159,0.86792659682376949,0.81391039513549779,0.8689762722095804,3.54,1.262020127E-003,-2.887659887E-045,-5.353861303E-045,2.860773068E-004,9.213926015E-045,1.881844023E-003,9.826516437E-044,-1.113819544E-001,-5.578160190E-002,3.671222664E-003
B47-A,table_vii_47,A+,0.0001,0.01,20,0.81389939269760159,0.86792659682376949,0.81391039513549779,0.8689762722095804,3.6,1.247446093E-003,-2.965832591E-045,-5.353852521E-045,1.467565331E-004,9.213921140E-045,1.894902439E-003,9.809609347E-044,-1.172068564E-001,-5.869567351E-002,7.997812561E-004
B47-A,table_vii_47,A+,0.0001,0.01,20,0.81389939269760159,0.86792659682376949,0.81391039513549779,0.8689762722095804,3.66,1.224699961E-003,-3.044922215E-045,-5.353843150E-045,-7.603515664E-006,9.213915866E-045,1.899154020E-003,9.792701848E-044,-1.230012279E-001,-6.159352660E-002,-2.369687287E-003
B47-A,table_vii_47,A+,0.0001,0.01,20,0.81389939269760159,0.86792659682376949,0.81391039513549779,0.8689762722095804,3.72,1.193067438E-003,-3.124928714E-045,-5.353833199E-045,-1.777178493E-004,9.213910192E-045,1.893674929E-003,9.775793924E-044,-1.287309277E-001,-6.445805809E-002,-5.850765038E-003
B47-A,table_vii_47,A+,0.0001,0.01,20,0.81389939269760159,0.86792659682376949,0.81391039513549779,0.8689762722095804,3.7800000000000002,1.151808504E-003,-3.205852045E-045,-5.353822684E-045,-3.642927394E-004,9.213904120E-045,1.877498658E-003,9.758885560E-044,-1.343586646E-001,-6.727064485E-002,-9.656807747E-003
B47-A,table_vii_47,A+,0.0001,0.01,20,0.81389939269760159,0.86792659682376949,0.81391039513549779,0.8689762722095804,3.84,1.100158620E-003,-3.287692164E-045,-5.353811628E-045,-5.680208969E-004,9.213897657E-045,1.849616723E-003,9.741976751E-044,-1.398438795E-001,-7.001107821E-002,-1.380084651E-002
B47-A,table_vii_47,A+,0.0001,0.01,20,0.81389939269760159,0.86792659682376949,0.81391039513549779,0.8689762722095804,3.9,1.037330070E-003,-3.370449029E-045,-5.353800063E-045,-7.895775775E-004,9.213890817E-045,1.808979565E-003,9.725067495E-044,-1.451426256E-001,-7.265752861E-002,-1.829550995E-002
B47-A,table_vii_47,A+,0.0001,0.01,20,0.81389939269760159,0.86792659682376949,0.81391039513549779,0.8689762722095804,3.96,9.625138487E-004,-3.454122602E-045,-5.353788028E-045,-1.029613956E-003,9.213883622E-045,1.754497808E-003,9.708157803E-044,-1.502074430E-001,-7.518646758E-002,-2.315288941E-002
B47-A,table_vii_47,A+,0.0001,0.01,20,0.81389939269760159,0.86792659682376949,0.81391039513549779,0.8689762722095804,4.0200000000000005,8.748814097E-004,-3.538712847E-045,-5.353775571E-045,-1.288752437E-003,9.213876100E-045,1.685043830E-003,9.691247692E-044,-1.549872699E-001,-7.757263216E-002,-2.838444474E-002
B47-A,table_vii_47,A+,0.0001,0.01,20,0.81389939269760159,0.86792659682376949,0.81391039513549779,0.8689762722095804,4.08,7.735868904E-004,-3.624219735E-045,-5.353762748E-045,-1.567579784E-003,9.213868285E-045,1.599453702E-003,9.674337195E-044,-1.594273462E-001,-7.978895742E-002,-3.400086482E-002
B47-A,table_vii_47,A+,0.0001,0.01,20,0.81389939269760159,0.86792659682376949,0.81391039513549779,0.8689762722095804,4.14,6.577702241E-004,-3.710643239E-045,-5.353749621E-045,-1.866637812E-003,9.213860222E-045,1.496529608E-003,9.657426354E-044,-1.634690892E-001,-8.180648978E-002,-4.001187882E-002
B47-A,table_vii_47,A+,0.0001,0.01,20,0.81389939269760159,0.86792659682376949,0.81391039513549779,0.8689762722095804,4.2,5.265597186E-004,-3.797983343E-045,-5.353736258E-045,-2.186416181E-003,9.213851962E-045,1.375042716E-003,9.640515231E-044,-1.670500540E-001,-8.359432885E-002,-4.642610961E-002
B47-A,table_vii_47,A+,0.0001,0.01,20,0.81389939269760159,0.86792659682376949,0.81391039513549779,0.8689762722095804,4.26,3.790761051E-004,-3.886240036E-045,-5.353722734E-045,-2.527340162E-003,9.213843567E-045,1.233736705E-003,9.623603901E-044,-1.701038347E-001,-8.511951249E-002,-5.325082455E-002
B47-A,table_vii_47,A+,0.0001,0.01,20,0.81389939269760159,0.86792659682376949,0.81391039513549779,0.8689762722095804,4.32,2.144363726E-004,-3.975413317E-045,-5.353709124E-045,-2.889759485E-003,9.213835104E-045,1.071331929E-003,9.606692462E-044,-1.725600410E-001,-8.634691992E-002,-6.049170759E-002
B47-A,table_vii_47,A+,0.0001,0.01,20,0.81389939269760159,0.86792659682376949,0.81391039513549779,0.8689762722095804,4.38,3.175908586E-005,-4.065503196E-045,-5.353695503E-045,-3.273932147E-003,9.213826651E-045,8.865304295E-004,9.589781031E-044,-1.743442289E-001,-8.723911840E-002,-6.815252825E-002
B47-A,table_vii_47,A+,0.0001,0.01,20,0.81389939269760159,0.86792659682376949,0.81391039513549779,0.8689762722095804,4.44,-1.698302344E-004,-4.156509696E-045,-5.353681944E-045,-3.680007938E-003,9.213818290E-045,6.780219242E-004,9.572869747E-044,-1.753779195E-001,-8.775620719E-002,-7.623480323E-002
B47-A,table_vii_47,A+,0.0001,0.01,20,0.81389939269760159,0.86792659682376949,0.81391039513549779,0.8689762722095804,4.5,-3.911922075E-004,-4.248432849E-045,-5.353668512E-045,-4.108007644E-003,9.213810111E-045,4.444908952E-004,9.555958775E-044,-1.755785927E-001,-8.785562539E-002,-8.473737007E-002
B47-A,table_vii_47,A+,0.0001,0.01,20,0.81389939269760159,0.86792659682376949,0.81391039513549779,0.8689762722095804,4.5600000000000005,-6.331657341E-004,-4.341272704E-045,-5.353655256E-045,-4.557798039E-003,9.213802205E-045,1.846250690E-004,9.539048305E-044,-1.748597332E-001,-8.749190043E-002,-9.365587232E-002
B47-A,table_vii_47,A+,0.0001,0.01,20,0.81389939269760159,0.86792659682376949,0.81391039513549779,0.8689762722095804,4.62,-8.965584992E-004,-4.435029324E-045,-5.353642206E-045,-5.029062907E-003,9.213794667E-045,-1.028745010E-004,9.522138553E-044,-1.731308867E-001,-8.661637527E-002,-1.029821640E-001
B47-A,table_vii_47,A+,0.0001,0.01,20,0.81389939269760159,0.86792659682376949,0.81391039513549779,0.8689762722095804,4.68,-1.182136343E-003,-4.529702786E-045,-5.353629363E-045,-5.521270178E-003,9.213787586E-045,-4.192814976E-004,9.505229761E-044,-1.702977951E-001,-8.517689357E-002,-1.127036328E-001
B47-A,table_vii_47,A+,0.0001,0.01,20,0.81389939269760159,0.86792659682376949,0.81391039513549779,0.8689762722095804,4.74,-1.490610232E-003,-4.625293181E-045,-5.353616687E-045,-6.033631938E-003,9.213781046E-045,-7.658302129E-004,9.488322197E-044,-1.662625460E-001,-8.311742085E-002,-1.228023770E-001
B47-A,table_vii_47,A+,0.0001,0.01,20,0.81389939269760159,0.86792659682376949,0.81391039513549779,0.8689762722095804,4.8,-1.822621430E-003,-4.721800614E-045,-5.353604083E-045,-6.565059497E-003,9.213775113E-045,-1.143698885E-003,9.471416153E-044,-1.609238011E-001,-8.037762893E-002,-1.332542802E-001
B47-A,table_vii_47,A+,0.0001,0.01,20,0.81389939269760159,0.86792659682376949,0.81391039513549779,0.8689762722095804,4.86,-2.178723714E-003,-4.819225204E-045,-5.353591383E-045,-7.114111314E-003,9.213769831E-045,-1.553990115E-003,9.454511938E-044,-1.541770631E-001,-7.689244340E-002,-1.440279416E-001
B47-A,table_vii_47,A+,0.0001,0.01,20,0.81389939269760159,0.86792659682376949,0.81391039513549779,0.8689762722095804,4.92,-2.559363129E-003,-4.917567075E-045,-5.353578327E-045,-7.678935082E-003,9.213765208E-045,-1.997707999E-003,9.437609876E-044,-1.459150409E-001,-7.259156427E-002,-1.550834860E-001
B47-A,table_vii_47,A+,0.0001,0.01,20,0.81389939269760159,0.86792659682376949,0.81391039513549779,0.8689762722095804,4.98,-2.964854471E-003,-5.016826356E-045,-5.353564533E-045,-8.257202921E-003,9.213761202E-045,-2.475731569E-003,9.420710293E-044,-1.360281048E-001,-6.739897202E-002,-1.663712349E-001
B47-A,table_vii_47,A+,0.0001,0.01,20,0.81389939269760159,0.86792659682376949,0.81391039513549779,0.8689762722095804,5.04,-3.395354380E-003,-5.117003172E-045,-5.353549466E-045,-8.846042053E-003,9.213757701E-045,-2.988784192E-003,9.403813509E-044,-1.244048464E-001,-6.123248543E-002,-1.778302898E-001
B47-A,table_vii_47,A+,0.0001,0.01,20,0.81389939269760159,0.86792659682376949,0.81391039513549779,0.8689762722095804,5.1000000000000005,-3.850830531E-003,-5.218097635E-045,-5.353532396E-045,-9.441959688E-003,9.213754499E-045,-3.537398646E-003,9.386919818E-044,-1.109327306E-001,-5.400336363E-002,-1.893870017E-001
B47-A,table_vii_47,A+,0.0001,0.01,20,0.81389939269760159,0.86792659682376949,0.81391039513549779,0.8689762722095804,5.16,-4.331027579E-003,-5.320109829E-045,-5.353512354E-045,-1.004076815E-002,9.213751269E-045,-4.121877684E-003,9.370029466E-044,-9.549892932E-002,-4.561607513E-002,-2.009534547E-001
B47-A,table_vii_47,A+,0.0001,0.01,20,0.81389939269760159,0.86792659682376949,0.81391039513549779,0.8689762722095804,5.22,-4.835428926E-003,-5.423039792E-045,-5.353488071E-045,-1.063750950E-002,9.213747529E-045,-4.742250043E-003,9.353142626E-044,-7.799126327E-002,-3.596825837E-002,-2.124259507E-001
B47-A,table_vii_47,A+,0.0001,0.01,20,0.81389939269760159,0.86792659682376949,0.81391039513549779,0.8689762722095804,5.28,-5.363215397E-003,-5.526887492E-045,-5.353457916E-045,-1.122638798E-002,9.213742597E-045,-5.398222164E-003,9.336259365E-044,-5.829933155E-002,-2.495103396E-002,-2.236836708E-001
B47-A,table_vii_47,A+,0.0001,0.01,20,0.81389939269760159,0.86792659682376949,0.81391039513549779,0.8689762722095804,5.34,-5.913221196E-003,-5.631652800E-045,-5.353419825E-045,-1.180071399E-002,9.213735552E-045,-6.089126172E-003,9.319379602E-044,-3.631583015E-002,-1.244974507E-002,-2.345875929E-001
B47-A,table_vii_47,A+,0.0001,0.01,20,0.81389939269760159,0.86792659682376949,0.81391039513549779,0.8689762722095804,5.4,-6.483888146E-003,-5.737335452E-045,-5.353371220E-045,-1.235286946E-002,9.213725176E-045,-6.813865063E-003,9.302503066E-044,-1.193806165E-002,1.654673786E-003,-2.449798747E-001
B47-A,table_vii_47,A+,0.0001,0.01,20,0.81389939269760159,0.86792659682376949,0.81391039513549779,0.8689762722095804,5.46,-7.073219635E-003,-5.843935003E-045,-5.353308933E-045,-1.287430119E-002,9.213709906E-045,-7.570856641E-003,9.285629244E-044,1.493036523E-002,1.748360032E-002,-2.546838401E-001
B47-A,table_vii_47,A+,0.0001,0.01,20,0.81389939269760159,0.86792659682376949,0.81391039513549779,0.8689762722095804,5.5200000000000005,-7.678736398E-003,-5.951450779E-045,-5.353229132E-045,-1.335555422E-002,9.213687781E-045,-8.357978184E-003,9.268757326E-044,4.437762623E-002,3.515770013E-002,-2.635048205E-001
B47-A,table_vii_47,A+,0.0001,0.01,20,0.81389939269760159,0.86792659682376949,0.81391039513549779,0.8689762722095804,5.58,-8.297436757E-003,-6.059881816E-045,-5.353127255E-045,-1.378635423E-002,9.213656392E-045,-9.172514542E-003,9.251886158E-044,7.648157971E-002,5.479287031E-002,-2.712320406E-001
B47-A,table_vii_47,A+,0.0001,0.01,20,0.81389939269760159,0.86792659682376949,0.81391039513549779,0.8689762722095804,5.64,-8.925764304E-003,-6.169226793E-045,-5.352997975E-045,-1.415574833E-002,9.213612848E-045,-1.001111289E-002,9.235014190E-044,1.113074906E-001,7.649506242E-002,-2.776417376E-001
B47-A,table_vii_47,A+,0.0001,0.01,20,0.81389939269760159,0.86792659682376949,0.81391039513549779,0.8689762722095804,5.7,-9.559586577E-003,-6.279483963E-045,-5.352835191E-045,-1.445231155E-002,9.213553763E-045,-1.086974786E-002,9.218139437E-044,1.489056307E-001,1.003539705E-001,-2.825016626E-001
B47-A,table_vii_47,A+,0.0001,0.01,20,0.81389939269760159,0.86792659682376949,0.81391039513549779,0.8689762722095804,5.76,-1.019418819E-002,-6.390651084E-045,-5.352632080E-045,-1.466441788E-002,9.213475264E-045,-1.174370105E-002,9.201259458E-044,1.893087952E-001,1.264357842E-001,-2.855769266E-001
B47-A,table_vii_47,A+,0.0001,0.01,20,0.81389939269760159,0.86792659682376949,0.81391039513549779,0.8689762722095804,5.82,-1.082428250E-002,-6.502725347E-045,-5.352381203E-045,-1.478057459E-002,9.213373038E-045,-1.262755868E-002,9.184371360E-044,2.325297845E-001,1.547752339E-001,-2.866371545E-001
B47-A,table_vii_47,A+,0.0001,0.01,20,0.81389939269760159,0.86792659682376949,0.81391039513549779,0.8689762722095804,5.88,-1.144404341E-002,-6.615703324E-045,-5.352074688E-045,-1.478980055E-002,9.213242426E-045,-1.351523077E-002,9.167471825E-044,2.785590017E-001,1.853675062E-001,-2.854645192E-001
B47-A,table_vii_47,A+,0.0001,0.01,20,0.81389939269760159,0.86792659682376949,0.81391039513549779,0.8689762722095804,5.94,-1.204716047E-002,-6.729580919E-045,-5.351704487E-045,-1.468203111E-002,9.213078559E-045,-1.439999396E-002,9.150557175E-044,3.273621682E-001,2.181606131E-001,-2.818622765E-001
B47-A,table_vii_47,A+,0.0001,0.01,20,0.81389939269760159,0.86792659682376949,0.81391039513549779,0.8689762722095804,6,-1.262691572E-002,-6.844353352E-045,-5.351262719E-045,-1.444851114E-002,9.212876540E-045,-1.527455838E-002,9.133623474E-044,3.788783563E-001,2.530491303E-001,-2.756629728E-001
B47-A,table_vii_47,A+,0.0001,0.01,20,0.81389939269760159,0.86792659682376949,0.81391039513549779,0.8689762722095804,6.0600000000000005,-1.317628136E-002,-6.960015169E-045,-5.350742059E-045,-1.408214169E-002,9.212631670E-045,-1.613115701E-002,9.116666657E-044,4.330183521E-001,2.898701233E-001,-2.667355822E-001
B47-A,table_vii_47,A+,0.0001,0.01,20,0.81389939269760159,0.86792659682376949,0.81391039513549779,0.8689762722095804,6.12,-1.368803262E-002,-7.076560283E-045,-5.350136181E-045,-1.357773867E-002,9.212339693E-045,-1.696165334E-002,9.099682691E-044,4.896635088E-001,3.284020597E-001,-2.549906985E-001
B47-A,table_vii_47,A+,0.0001,0.01,20,0.81389939269760159,0.86792659682376949,0.81391039513549779,0.8689762722095804,6.18,-1.415487024E-002,-7.193982053E-045,-5.349440182E-045,-1.293216657E-002,9.211997056E-045,-1.775766091E-002,9.082667746E-044,5.486650799E-001,3.683673563E-001,-2.403829974E-001
B47-A,table_vii_47,A+,0.0001,0.01,20,0.81389939269760159,0.86792659682376949,0.81391039513549779,0.8689762722095804,6.24,-1.456954294E-002,-7.312273406E-045,-5.348650983E-045,-1.214432265E-002,9.211601138E-045,-1.851066663E-002,9.065618368E-044,6.098441462E-001,4.094387403E-001,-2.229104726E-001
B47-A,table_vii_47,A+,0.0001,0.01,20,0.81389939269760159,0.86792659682376949,0.81391039513549779,0.8689762722095804,6.3,-1.492496207E-002,-7.431426979E-045,-5.347767623E-045,-1.121496406E-002,9.211150444E-045,-1.921214830E-002,9.048531626E-044,6.729920200E-001,4.512492118E-001,-2.026103097E-001
B47-A,table_vii_47,A+,0.0001,0.01,20,0.81389939269760159,0.86792659682376949,0.81391039513549779,0.8689762722095804,6.36,-1.521429797E-002,-7.551435292E-045,-5.346791440E-045,-1.014638030E-002,9.210644725E-045,-1.985367709E-002,9.031405234E-044,7.378711657E-001,4.934050527E-001,-1.795514852E-001
B47-A,table_vii_47,A+,0.0001,0.01,20,0.81389939269760159,0.86792659682376949,0.81391039513549779,0.8689762722095804,6.42,-1.543105131E-002,-7.672290935E-045,-5.345726083E-045,-8.941942924E-003,9.210085008E-045,-2.042699650E-002,9.014237615E-044,8.042164608E-001,5.355007426E-001,-1.538247996E-001
B47-A,table_vii_47,A+,0.0001,0.01,20,0.81389939269760159,0.86792659682376949,0.81391039513549779,0.8689762722095804,6.48,-1.556909280E-002,-7.793986742E-045,-5.344577352E-045,-7.605563593E-003,9.209473531E-045,-2.092407142E-002,8.997027909E-044,8.717367218E-001,5.771346579E-001,-1.255310431E-001
B47-A,table_vii_47,A+,0.0001,0.01,20,0.81389939269760159,0.86792659682376949,0.81391039513549779,0.8689762722095804,6.54,-1.562266873E-002,-7.916515964E-045,-5.343352868E-045,-6.141107844E-003,9.208813584E-045,-2.133710304E-002,8.979775924E-044,9.401162832E-001,6.179242402E-001,-9.476831905E-002
B47-A,table_vii_47,A+,0.0001,0.01,20,0.81389939269760159,0.86792659682376949,0.81391039513549779,0.8689762722095804,6.6000000000000005,-1.558637064E-002,-8.039872400E-045,-5.342061596E-045,-4.551798446E-003,9.208109253E-045,-2.165850810E-002,8.962482032E-044,1.009016535E+000,6.575196816E-001,-6.161926562E-002
B47-A,table_vii_47,A+,0.0001,0.01,20,0.81389939269760159,0.86792659682376949,0.81391039513549779,0.8689762722095804,6.66,-1.545507158E-002,-8.164050496E-045,-5.340713244E-045,-2.839649562E-003,9.207365111E-045,-2.188086322E-002,8.945147019E-044,1.078077209E+000,6.956151990E-001,-2.613905485E-002
B47-A,table_vii_47,A+,0.0001,0.01,20,0.81389939269760159,0.86792659682376949,0.81391039513549779,0.8689762722095804,6.72,-1.522383148E-002,-8.289045388E-045,-5.339317594E-045,-1.004948776E-003,9.206585853E-045,-2.199681647E-002,8.927771907E-044,1.146917289E+000,7.319575893E-001,1.165547352E-002
B47-A,table_vii_47,A+,0.0001,0.01,20,0.81389939269760159,0.86792659682376949,0.81391039513549779,0.8689762722095804,6.78,-1.488777607E-002,-8.414852899E-045,-5.337883808E-045,9.541965046E-004,9.205775926E-045,-2.199896990E-002,8.910357769E-044,1.215135439E+000,7.663518549E-001,5.179520218E-002
B47-A,table_vii_47,A+,0.0001,0.01,20,0.81389939269760159,0.86792659682376949,0.81391039513549779,0.8689762722095804,6.84,-1.444195378E-002,-8.541469475E-045,-5.336419754E-045,3.042241726E-003,9.204939163E-045,-2.187973681E-002,8.892905546E-044,1.282309835E+000,7.986639530E-001,9.436652617E-002
B47-A,table_vii_47,A+,0.0001,0.01,20,0.81389939269760159,0.86792659682376949,0.81391039513549779,0.8689762722095804,6.9,-1.388117579E-002,-8.668892085E-045,-5.334931406E-045,5.266510227E-003,9.204078471E-045,-2.163117849E-002,8.875415896E-044,1.347997357E+000,8.288207441E-001,1.395174159E-001
B47-A,table_vii_47,A+,0.0001,0.01,20,0.81389939269760159,0.86792659682376949,0.81391039513549779,0.8689762722095804,6.96,-1.319984422E-002,-8.797118072E-045,-5.333422365E-045,7.637407642E-003,9.203195579E-045,-2.124482514E-002,8.857889094E-044,1.411732111E+000,8.568070557E-001,1.874614898E-001
B47-A,table_vii_47,A+,0.0001,0.01,20,0.81389939269760159,0.86792659682376949,0.81391039513549779,0.8689762722095804,7.0200000000000005,-1.239177531E-002,-8.926144985E-045,-5.331893551E-045,1.016851779E-002,9.202290899E-045,-2.071148740E-002,8.840325004E-044,1.473023238E+000,8.826594828E-001,2.384795169E-001
B47-A,table_vii_47,A+,0.0001,0.01,20,0.81389939269760159,0.86792659682376949,0.81391039513549779,0.8689762722095804,7.08,-1.145002608E-002,-9.055970405E-045,-5.330343135E-045,1.287652559E-002,9.201363528E-045,-2.002106692E-002,8.822723155E-044,1.531352061E+000,9.064559634E-001,2.929172016E-001
B47-A,table_vii_47,A+,0.0001,0.01,20,0.81389939269760159,0.86792659682376949,0.81391039513549779,0.8689762722095804,7.1400000000000006,-1.036673641E-002,-9.186591798E-045,-5.328766791E-045,1.578088243E-002,9.200411449E-045,-1.916237875E-002,8.805082959E-044,1.586168676E+000,9.282995561E-001,3.511774572E-001
B47-A,table_vii_47,A+,0.0001,0.01,20,0.81389939269760159,0.86792659682376949,0.81391039513549779,0.8689762722095804,7.2,-9.133006315E-003,-9.318006424E-045,-5.327158385E-045,1.890307456E-002,9.199431987E-045,-1.812300487E-002,8.787404109E-044,1.636888007E+000,9.482938548E-001,4.137042232E-001
B47-A,table_vii_47,A+,0.0001,0.01,20,0.81389939269760159,0.86792659682376949,0.81391039513549779,0.8689762722095804,7.26,-7.738835851E-003,-9.450211354E-045,-5.325511228E-045,2.226530532E-002,9.198422616E-045,-1.688920816E-002,8.769687228E-044,1.682885606E+000,9.665065689E-001,4.809538182E-001
B47-A,table_vii_47,A+,0.0001,0.01,20,0.81389939269760159,0.86792659682376949,0.81391039513549779,0.8689762722095804,7.32,-6.173167795E-003,-9.583203657E-045,-5.323820075E-045,2.588833440E-002,9.197382214E-045,-1.544594921E-002,8.751934820E-044,1.723493475E+000,9.829167175E-001,5.533484105E-001
B47-A,table_vii_47,A+,0.0001,0.01,20,0.81389939269760159,0.86792659682376949,0.81391039513549779,0.8689762722095804,7.38,-4.424091050E-003,-9.716980838E-045,-5.322084012E-045,2.978815143E-002,9.196312835E-045,-1.377706601E-002,8.734152581E-044,1.757996289E+000,9.973400710E-001,6.312048151E-001
B47-A,table_vii_47,A+,0.0001,0.01,20,0.81389939269760159,0.86792659682376949,0.81391039513549779,0.8689762722095804,7.44,-2.479278974E-003,-9.851541606E-045,-5.320310310E-045,3.397111975E-002,9.195222068E-045,-1.186569725E-002,8.716351081E-044,1.785628699E+000,1.009327217E+000,7.146309800E-001
B47-A,table_vii_47,A+,0.0001,0.01,20,0.81389939269760159,0.86792659682376949,0.81391039513549779,0.8689762722095804,7.5,-3.267601498E-004,-9.986887060E-045,-5.318519104E-045,3.842719528E-002,9.194125862E-045,-9.695052710E-003,8.698547752E-044,1.805574487E+000,1.018028985E+000,8.033819386E-001
B47-A,table_vii_47,A+,0.0001,0.01,20,0.81389939269760159,0.86792659682376949,0.81391039513549779,0.8689762722095804,7.5600000000000005,2.043861780E-003,-1.012302234E-044,-5.316748254E-045,4.312083973E-002,9.193051445E-045,-7.249657844E-003,8.680768903E-044,1.816968693E+000,1.022025252E+000,8.966673712E-001
B9-A,table_vii_9,A+,0.0001,0.01,60,-0.031235863737071885,1.3994086723769914,-0.031233109532987018,1.3994123812766486,0,8.515962651E-006,3.953012570E-046,4.886595891E-044,1.000000000E-004,6.004964389E-045,-1.041431325E-005,-4.359415356E-044,3.403939319E-003,1.701969659E-003,-2.709277369E-016
B9-A,table_vii_9,A+,0.0001,0.01,60,-0.031235863737071885,1.3994086723769914,-0.031233109532987018,1.3994123812766486,0.5,4.949765984E-005,2.023692155E-045,4.886595923E-044,8.314735880E-005,6.004966422E-045,3.731449664E-005,-1.833911696E-044,2.563780968E-003,1.281887512E-003,1.079071551E-003
B9-A,table_vii_9,A+,0.0001,0.01,60,-0.031235863737071885,1.3994086723769914,-0.031233109532987018,1.3994123812766486,1,6.630715475E-005,4.839520014E-045,4.886596041E-044,2.832651958E-005,6.004974290E-045,6.630331852E-005,6.915920081E-045,5.626909114E-004,2.813796545E-004,1.625465476E-003
B9-A,table_vii_9,A+,0.0001,0.01,60,-0.031235863737071885,1.3994086723769914,-0.031233109532987018,1.3994123812766486,1.5,5.190804632E-005,8.842781384E-045,4.886596151E-044,-3.791973059E-005,6.004982082E-045,6.371083682E-005,3.217095685E-044,-1.637346700E-003,-8.185980428E-004,1.402674842E-003
B9-A,table_vii_9,A+,0.0001,0.01,60,-0.031235863737071885,1.3994086723769914,-0.031233109532987018,1.3994123812766486,2,1.392399137E-005,1.403348235E-044,4.886596129E-044,-8.457947286E-005,6.004980885E-045,3.170727447E-005,5.742599566E-044,-3.011877888E-003,-1.505886940E-003,5.374577737E-004
B9-A,table_vii_9,A+,0.0001,0.01,60,-0.031235863737071885,1.3994086723769914,-0.031233109532987018,1.3994123812766486,2.5,-2.933803969E-005,2.041163324E-044,4.886596000E-044,-9.065297471E-005,6.004972013E-045,-1.398969221E-005,8.268103798E-044,-2.950015074E-003,-1.474970873E-003,-5.499567470E-004
B9-A,table_vii_9,A+,0.0001,0.01,60,-0.031235863737071885,1.3994086723769914,-0.031233109532987018,1.3994123812766486,3,-5.768881326E-005,2.797723648E-044,4.886595904E-044,-5.457352562E-005,6.004965180E-045,-5.180495571E-005,1.079360795E-043,-1.524557985E-003,-7.621903226E-004,-1.349355190E-003
B9-A,table_vii_9,A+,0.0001,0.01,60,-0.031235863737071885,1.3994086723769914,-0.031233109532987018,1.3994123812766486,3.5,-5.846310865E-005,3.673028529E-044,4.886595904E-044,5.656649133E-006,6.004965000E-045,-6.447583997E-005,1.331911158E-043,5.626850238E-004,2.814556029E-004,-1.499537702E-003
B9-A,table_vii_9,A+,0.0001,0.01,60,-0.031235863737071885,1.3994086723769914,-0.031233109532987018,1.3994123812766486,4,-3.215138954E-005,4.667077387E-044,4.886595929E-044,6.141505635E-005,6.004966968E-045,-4.691134341E-005,1.584461499E-043,2.325193638E-003,1.162704023E-003,-9.509727596E-004
B9-A,table_vii_9,A+,0.0001,0.01,60,-0.031235863737071885,1.3994086723769914,-0.031233109532987018,1.3994123812766486,4.5,8.233597463E-006,5.835814344E-044,4.902007789E-044,8.703025348E-005,2.078026367E-045,-8.171820057E-006,1.835668706E-043,2.957076570E-003,1.478647915E-003,2.091491700E-005
B9-A,table_vii_9,A+,0.0001,0.01,60,-0.031235863737071885,1.3994086723769914,-0.031233109532987018,1.3994123812766486,5,4.356527818E-005,7.422027287E-044,4.928428109E-044,7.157237245E-005,-4.653870502E-045,3.315929418E-005,2.079666460E-043,2.200623003E-003,1.100427375E-003,9.532301791E-004
B9-A,table_vii_9,A+,0.0001,0.01,60,-0.031235863737071885,1.3994086723769914,-0.031233109532987018,1.3994123812766486,5.5,5.764475868E-005,9.450653233E-044,4.954848334E-044,2.346061813E-005,-1.138576305E-044,5.787084635E-005,2.315769456E-043,4.486785154E-004,2.244772327E-004,1.415638663E-003
B9-A,table_vii_9,A+,0.0001,0.01,60,-0.031235863737071885,1.3994086723769914,-0.031233109532987018,1.3994123812766486,6,4.460874808E-005,1.191797993E-043,4.981268490E-044,-3.403080695E-005,-1.811765642E-044,5.503560757E-005,2.543977777E-043,-1.457194374E-003,-7.284364028E-004,1.208558089E-003
B9-A,table_vii_9,A+,0.0001,0.01,60,-0.031235863737071885,1.3994086723769914,-0.031233109532987018,1.3994123812766486,6.5,1.132446373E-005,1.482029606E-043,5.007688896E-044,-7.400452917E-005,-2.484955777E-044,2.681241668E-005,2.764291554E-043,-2.630082906E-003,-1.314907218E-003,4.484168877E-004
B9-A,table_vii_9,A+,0.0001,0.01,60,-0.031235863737071885,1.3994086723769914,-0.031233109532987018,1.3994123812766486,7,-2.617907262E-005,1.815389083E-043,5.034109685E-044,-7.849247549E-005,-3.158146581E-044,-1.295460560E-005,2.976710770E-043,-2.549593493E-003,-1.274671841E-003,-4.959383448E-004
B9-A,table_vii_9,A+,0.0001,0.01,60,-0.031235863737071885,1.3994086723769914,-0.031233109532987018,1.3994123812766486,7.5,-5.041059716E-005,2.174666392E-043,3.233192086E-044,-4.650612555E-005,-3.821561574E-044,-4.550141230E-005,3.118300857E-043,-1.291499510E-003,-6.455908797E-004,-1.181676944E-003
B9-A,table_vii_9,A+,0.0001,0.01,60,-0.031235863737071885,1.3994086723769914,-0.031233109532987018,1.3994123812766486,8,-5.056164265E-005,2.574215229E-043,3.222073108E-044,6.022894050E-006,-5.006067757E-044,-5.598402101E-005,3.219723492E-043,5.255780212E-004,2.629652794E-004,-1.299320128E-003
B9-A,table_vii_9,A+,0.0001,0.01,60,-0.031235863737071885,1.3994086723769914,-0.031233109532987018,1.3994123812766486,8.5,-2.730331745E-005,3.026552473E-043,-2.233689985E-045,5.414787860E-005,-6.333733473E-044,-4.022925505E-005,3.242444974E-043,2.043331493E-003,1.021845576E-003,-8.118952730E-004
B9-A,table_vii_9,A+,0.0001,0.01,60,-0.031235863737071885,1.3994086723769914,-0.031233109532987018,1.3994123812766486,9,7.878063228E-006,3.502371390E-043,-1.503991365E-044,7.572778117E-005,-7.672980127E-044,-6.337031680E-006,3.094626030E-043,2.568399039E-003,1.284377777E-003,3.635650599E-005
B9-A,table_vii_9,A+,0.0001,0.01,60,-0.031235863737071885,1.3994086723769914,-0.031233109532987018,1.3994123812766486,9.5,3.833082916E-005,4.010187362E-043,-3.244419633E-044,6.159041484E-005,-9.038932478E-044,2.944647106E-005,2.833349795E-043,1.888273958E-003,9.443125213E-004,8.416929285E-004
B9-A,table_vii_9,A+,0.0001,0.01,60,-0.031235863737071885,1.3994086723769914,-0.031233109532987018,1.3994123812766486,10,5.010439307E-005,4.563673086E-043,-6.491073830E-044,1.937934890E-005,-1.081860440E-043,5.049952365E-005,2.480650226E-043,3.548394481E-004,1.776130377E-004,1.232656177E-003
B9-A,table_vii_9,A+,0.0001,0.01,60,-0.031235863737071885,1.3994086723769914,-0.031233109532987018,1.3994123812766486,10.5,3.832364885E-005,5.141724106E-043,-9.753703081E-044,-3.050449312E-005,-1.282029740E-043,4.753011965E-005,1.918620309E-043,-1.295856728E-003,-6.477304131E-004,1.041027867E-003
B9-A,table_vii_9,A+,0.0001,0.01,60,-0.031235863737071885,1.3994086723769914,-0.031233109532987018,1.3994123812766486,11,9.165212030E-006,5.761283832E-043,-1.167463670E-043,-6.473658484E-005,-1.482916676E-043,2.265070938E-005,1.223056836E-043,-2.296141519E-003,-1.147906080E-003,3.734080740E-004
B9-A,table_vii_9,A+,0.0001,0.01,60,-0.031235863737071885,1.3994086723769914,-0.031233109532987018,1.3994123812766486,11.5,-2.333975782E-005,6.397588660E-043,-1.580598849E-043,-6.794923474E-005,-1.692268035E-043,-1.194905590E-005,3.163752314E-044,-2.202963097E-003,-1.101327701E-003,-4.465480702E-004
B9-A,table_vii_9,A+,0.0001,0.01,60,-0.031235863737071885,1.3994086723769914,-0.031233109532987018,1.3994123812766486,12,-4.404123908E-005,7.063201686E-043,-1.835631721E-043,-3.960816237E-005,-1.945989041E-043,-3.995351893E-005,-7.662196671E-044,-1.093074895E-003,-5.463534277E-004,-1.034586287E-003
B9-A,table_vii_9,A+,0.0001,0.01,60,-0.031235863737071885,1.3994086723769914,-0.031233109532987018,1.3994123812766486,12.5,-4.371896836E-005,7.749709538E-043,-2.270374393E-043,6.195377878E-006,-2.212882804E-043,-4.860196395E-005,-2.088294966E-043,4.885107408E-004,2.444507430E-004,-1.125618160E-003
B9-A,table_vii_9,A+,0.0001,0.01,60,-0.031235863737071885,1.3994086723769914,-0.031233109532987018,1.3994123812766486,13,-2.316954302E-005,8.455756626E-043,-2.655729620E-043,4.772096618E-005,-2.480040798E-043,-3.448699034E-005,-3.621596077E-043,1.795151249E-003,8.977555534E-004,-6.928097149E-004
B9-A,table_vii_9,A+,0.0001,0.01,60,-0.031235863737071885,1.3994086723769914,-0.031233109532987018,1.3994123812766486,13.5,7.472515418E-006,9.160989301E-043,-3.016853081E-043,6.587981940E-005,-2.756526738E-043,-4.842686384E-006,-5.408366957E-043,2.230476344E-003,1.115407674E-003,4.737459597E-005
B9-A,table_vii_9,A+,0.0001,0.01,60,-0.031235863737071885,1.3994086723769914,-0.031233109532987018,1.3994123812766486,14,3.371336749E-005,9.867998370E-043,-3.498619101E-043,5.298592925E-005,-3.062430245E-043,2.613141912E-005,-7.435056230E-043,1.619811591E-003,8.100706319E-004,7.428673521E-004
B9-A,table_vii_9,A+,0.0001,0.01,60,-0.031235863737071885,1.3994086723769914,-0.031233109532987018,1.3994123812766486,14.5,4.354182694E-005,1.057310124E-042,-3.944836486E-043,1.596220091E-005,-3.393426920E-043,4.405724049E-005,-9.732208246E-043,2.779636128E-004,1.391563581E-004,1.073109714E-003
B9-A,table_vii_9,A+,0.0001,0.01,60,-0.031235863737071885,1.3994086723769914,-0.031233109532987018,1.3994123812766486,15,3.291309789E-005,1.126675791E-042,-4.425501810E-043,-2.731262402E-005,-3.727380165E-043,4.103826964E-005,-1.231219793E-042,-1.151452472E-003,-5.755547725E-004,8.964702599E-004
B9-A,table_vii_9,A+,0.0001,0.01,60,-0.031235863737071885,1.3994086723769914,-0.031233109532987018,1.3994123812766486,15.5,7.375898454E-006,1.193528589E-042,-4.906166757E-043,-5.661454604E-005,-4.061332983E-043,1.911551601E-005,-1.517823742E-042,-2.004056615E-003,-1.001877554E-003,3.102926821E-004
B9-A,table_vii_9,A+,0.0001,0.01,60,-0.031235863737071885,1.3994086723769914,-0.031233109532987018,1.3994123812766486,16,-2.079062272E-005,1.256523532E-042,-5.386831352E-043,-5.880878845E-005,-4.395285397E-043,-1.098193942E-005,-1.833032684E-042,-1.902934742E-003,-9.513231555E-004,-4.015010300E-004
B9-A,table_vii_9,A+,0.0001,0.01,60,-0.031235863737071885,1.3994086723769914,-0.031233109532987018,1.3994123812766486,16.5,-3.846684669E-005,1.314315660E-042,-5.867495999E-043,-3.371171850E-005,-4.729237865E-043,-3.507032959E-005,-2.176846571E-042,-9.242000716E-004,-4.619328811E-004,-9.055497265E-004
B9-A,table_vii_9,A+,0.0001,0.01,60,-0.031235863737071885,1.3994086723769914,-0.031233109532987018,1.3994123812766486,17,-3.779305820E-005,1.365560046E-042,-6.348160943E-043,6.217573634E-006,-5.063190684E-043,-4.218374977E-005,-2.549265362E-042,4.520835451E-004,2.262174329E-004,-9.749129516E-004
B9-A,table_vii_9,A+,0.0001,0.01,60,-0.031235863737071885,1.3994086723769914,-0.031233109532987018,1.3994123812766486,17.5,-1.964579052E-005,1.408887756E-042,-6.828826034E-043,4.204020851E-005,-5.397143689E-043,-2.955202432E-005,-2.950289069E-042,1.576631873E-003,7.884805889E-004,-5.908595634E-004
B9-A,table_vii_9,A+,0.0001,0.01,60,-0.031235863737071885,1.3994086723769914,-0.031233109532987018,1.3994123812766486,18,7.037055762E-006,1.442923971E-042,-7.309535164E-043,5.730110163E-005,-5.729974729E-043,-3.629678138E-006,-3.379917614E-042,1.936636974E-003,9.684731273E-004,5.488188973E-005
B9-A,table_vii_9,A+,0.0001,0.01,60,-0.031235863737071885,1.3994086723769914,-0.031233109532987018,1.3994123812766486,18.5,2.964191320E-005,1.465216734E-042,-7.791917742E-043,4.556852421E-005,-6.020170599E-043,2.317538673E-005,-3.837871754E-042,1.388980405E-003,6.946345610E-004,6.553601746E-004
B9-A,table_vii_9,A+,0.0001,0.01,60,-0.031235863737071885,1.3994086723769914,-0.031233109532987018,1.3994123812766486,19,3.783064331E-005,1.472930361E-042,-8.275225282E-043,1.310422587E-005,-6.286805121E-043,3.842833036E-005,-4.323789149E-042,2.150786807E-004,1.076914806E-004,9.340106259E-004
B9-A,table_vii_9,A+,0.0001,0.01,60,-0.031235863737071885,1.3994086723769914,-0.031233109532987018,1.3994123812766486,19.5,2.825623566E-005,1.464133337E-042,-8.753717242E-043,-2.442849532E-005,-6.550324364E-043,3.542400361E-005,-4.837519178E-042,-1.022412937E-003,-5.110669847E-004,7.717528838E-004
B9-A,table_vii_9,A+,0.0001,0.01,60,-0.031235863737071885,1.3994086723769914,-0.031233109532987018,1.3994123812766486,20,5.896443849E-006,1.437066233E-042,-9.142475686E-043,-4.949984724E-005,-6.751729412E-043,1.611408283E-005,-5.374035116E-042,-1.748706836E-003,-8.742369979E-004,2.572422824E-004
B9-A,table_vii_9,A+,0.0001,0.01,60,-0.031235863737071885,1.3994086723769914,-0.031233109532987018,1.3994123812766486,20.5,-1.850530835E-005,1.388369939E-042,-9.403152584E-043,-5.088634022E-005,-6.903564761E-043,-1.006161847E-005,-5.932212507E-042,-1.643312345E-003,-8.215461040E-004,-3.605268247E-004
B9-A,table_vii_9,A+,0.0001,0.01,60,-0.031235863737071885,1.3994086723769914,-0.031233109532987018,1.3994123812766486,21,-3.359056853E-005,1.318302599E-042,-9.402014677E-043,-2.867500978E-005,-7.016417935E-043,-3.077500480E-005,-6.497682443E-042,-7.805952431E-004,-3.901823046E-004,-7.924104739E-004
B9-A,table_vii_9,A+,0.0001,0.01,60,-0.031235863737071885,1.3994086723769914,-0.031233109532987018,1.3994123812766486,21.5,-3.266311284E-005,1.222359813E-042,-9.834753487E-043,6.126437745E-006,-7.040800337E-043,-3.660611261E-005,-7.074209219E-042,4.168064644E-004,2.085248185E-004,-8.442113639E-004
B9-A,table_vii_9,A+,0.0001,0.01,60,-0.031235863737071885,1.3994086723769914,-0.031233109532987018,1.3994123812766486,22,-1.664437801E-005,1.095633597E-042,-9.836400388E-043,3.702190466E-005,-6.998838213E-043,-2.531329505E-005,-7.662171083E-042,1.384354124E-003,6.922980102E-004,-5.036328174E-004
B9-A,table_vii_9,A+,0.0001,0.01,60,-0.031235863737071885,1.3994086723769914,-0.031233109532987018,1.3994123812766486,22.5,6.586468697E-006,9.375228452E-043,-9.840953592E-043,4.983033386E-005,-6.882825292E-043,-2.650598968E-006,-8.249232743E-042,1.681241487E-003,8.407390603E-004,5.960396601E-005
B9-A,table_vii_9,A+,0.0001,0.01,60,-0.031235863737071885,1.3994086723769914,-0.031233109532987018,1.3994123812766486,23,2.605406239E-005,7.434219576E-043,-9.849769453E-043,3.917809633E-005,-6.658204643E-043,2.054191757E-005,-8.834274708E-042,1.190652166E-003,5.954324577E-004,5.779307598E-004
B9-A,table_vii_9,A+,0.0001,0.01,60,-0.031235863737071885,1.3994086723769914,-0.031233109532987018,1.3994123812766486,23.5,3.286289204E-005,5.082995693E-043,-9.863050520E-043,1.071893725E-005,-6.319815164E-043,3.351233262E-005,-9.416062093E-042,1.639140375E-004,8.206200671E-005,8.128001185E-004
B9-A,table_vii_9,A+,0.0001,0.01,60,-0.031235863737071885,1.3994086723769914,-0.031233109532987018,1.3994123812766486,24,2.425050620E-005,2.263387439E-043,-9.831123024E-043,-2.182732438E-005,-5.854236793E-043,3.057119413E-005,-9.992841152E-042,-9.072249197E-004,-4.535165620E-004,6.642130675E-004
B9-A,table_vii_9,A+,0.0001,0.01,60,-0.031235863737071885,1.3994086723769914,-0.031233109532987018,1.3994123812766486,24.5,4.677471526E-006,-1.061841542E-043,-9.473015094E-043,-4.326984456E-005,-5.249286847E-043,1.356881797E-005,-1.055372448E-041,-1.525560247E-003,-7.627089288E-004,2.127350666E-004
B9-A,table_vii_9,A+,0.0001,0.01,60,-0.031235863737071885,1.3994086723769914,-0.031233109532987018,1.3994123812766486,25,-1.645917982E-005,-4.919991448E-043,-9.009408444E-043,-4.402320028E-005,-4.480676982E-043,-9.192302528E-006,-1.108254840E-041,-1.418784479E-003,-7.093304266E-004,-3.233425790E-004
B9-A,table_vii_9,A+,0.0001,0.01,60,-0.031235863737071885,1.3994086723769914,-0.031233109532987018,1.3994123812766486,25.5,-2.932706478E-005,-9.376124680E-043,-8.465657719E-043,-2.437503348E-005,-3.531445954E-043,-2.699880858E-005,-1.157589626E-041,-6.586179028E-004,-3.292426695E-004,-6.932639923E-004
B9-A,table_vii_9,A+,0.0001,0.01,60,-0.031235863737071885,1.3994086723769914,-0.031233109532987018,1.3994123812766486,26,-2.822363689E-005,-1.446501791E-042,-7.523227095E-043,5.952050943E-006,-2.381984879E-043,-3.176037389E-005,-1.201629276E-041,3.829982253E-004,1.915620872E-004,-7.308947811E-004
B9-A,table_vii_9,A+,0.0001,0.01,60,-0.031235863737071885,1.3994086723769914,-0.031233109532987018,1.3994123812766486,26.5,-1.408958741E-005,-2.023938532E-042,-6.541729999E-043,3.259140418E-005,-1.011748809E-043,-2.167420556E-005,-1.239224720E-041,1.215240596E-003,6.076796572E-004,-4.290414495E-004
B9-A,table_vii_9,A+,0.0001,0.01,60,-0.031235863737071885,1.3994086723769914,-0.031233109532987018,1.3994123812766486,27,6.131803227E-006,-2.674434307E-042,-5.135002091E-043,4.332482329E-005,5.951445376E-044,-1.865770068E-006,-1.268755172E-041,1.459318659E-003,7.297036774E-004,6.213108129E-005
B9-A,table_vii_9,A+,0.0001,0.01,60,-0.031235863737071885,1.3994086723769914,-0.031233109532987018,1.3994123812766486,27.5,2.289299170E-005,-3.402824129E-042,-3.523033782E-043,3.367349533E-005,2.466345248E-043,1.819681996E-005,-1.288612630E-041,1.020340747E-003,5.102023636E-004,5.094393650E-004
B9-A,table_vii_9,A+,0.0001,0.01,60,-0.031235863737071885,1.3994086723769914,-0.031233109532987018,1.3994123812766486,28,2.854159965E-005,-4.213069173E-042,-1.632474691E-043,8.731782960E-006,4.620082044E-043,2.921877871E-005,-1.296680230E-041,1.225173239E-004,6.128362230E-005,7.071727119E-004
B9-A,table_vii_9,A+,0.0001,0.01,60,-0.031235863737071885,1.3994086723769914,-0.031233109532987018,1.3994123812766486,28.5,2.080477437E-005,-5.110171045E-042,6.887635622E-044,-1.948496827E-005,7.081341659E-043,2.637617320E-005,-1.291175311E-041,-8.044311779E-004,-4.022003422E-004,5.714800308E-004
B9-A,table_vii_9,A+,0.0001,0.01,60,-0.031235863737071885,1.3994086723769914,-0.031233109532987018,1.3994123812766486,29,3.675420576E-006,-6.098191803E-042,3.324606425E-043,-3.781476707E-005,9.872058137E-043,1.141112024E-005,-1.269872348E-041,-1.330519842E-003,-6.652591505E-004,1.754249704E-004
B9-A,table_vii_9,A+,0.0001,0.01,60,-0.031235863737071885,1.3994086723769914,-0.031233109532987018,1.3994123812766486,29.5,-1.462870853E-005,-7.180673912E-042,6.372970110E-043,-3.807676852E-005,1.301358149E-042,-8.376571873E-006,-1.230297280E-041,-1.224539093E-003,-6.122851809E-004,-2.896586866E-004
B9-A,table_vii_9,A+,0.0001,0.01,60,-0.031235863737071885,1.3994086723769914,-0.031233109532987018,1.3994123812766486,30,-2.559839339E-005,-8.360829933E-042,9.841148375E-043,-2.070463439E-005,1.652976594E-042,-2.367868205E-005,-1.169837451E-041,-5.549824142E-004,-2.775071360E-004,-6.063596050E-004
B9-A,table_vii_9,A+,0.0001,0.01,60,-0.031235863737071885,1.3994086723769914,-0.031233109532987018,1.3994123812766486,30.5,-2.438117923E-005,-9.641460821E-042,1.377769251E-042,5.717735218E-006,2.044166523E-042,-2.754975903E-005,-1.085773169E-041,3.508968115E-004,1.754386360E-004,-6.326364017E-004
B9-A,table_vii_9,A+,0.0001,0.01,60,-0.031235863737071885,1.3994086723769914,-0.031233109532987018,1.3994123812766486,31,-1.191541191E-005,-1.102459445E-041,1.822861794E-042,2.868042658E-005,2.477202909E-042,-1.854947025E-005,-9.751301624E-042,1.066501771E-003,5.332379248E-004,-3.652584041E-004
B9-A,table_vii_9,A+,0.0001,0.01,60,-0.031235863737071885,1.3994086723769914,-0.031233109532987018,1.3994123812766486,31.5,5.682385398E-006,-1.251125032E-041,2.320314599E-042,3.766020201E-005,2.953752218E-042,-1.240046122E-006,-8.347244809E-042,1.266431445E-003,6.331884999E-004,6.296987516E-005
B9-A,table_vii_9,A+,0.0001,0.01,60,-0.031235863737071885,1.3994086723769914,-0.031233109532987018,1.3994123812766486,32,2.010846660E-005,-1.410173476E-041,2.871614135E-042,2.893161361E-005,3.475780804E-042,1.611040661E-005,-6.612613999E-042,8.740264748E-004,4.369747053E-004,4.488747050E-004
B9-A,table_vii_9,A+,0.0001,0.01,60,-0.031235863737071885,1.3994086723769914,-0.031233109532987018,1.3994123812766486,32.5,2.478286238E-005,-1.579494532E-041,3.481056041E-042,7.079807601E-006,4.044970758E-042,2.546949343E-005,-4.512268618E-042,8.914809018E-005,4.453251839E-005,6.151303279E-004
B9-A,table_vii_9,A+,0.0001,0.01,60,-0.031235863737071885,1.3994086723769914,-0.031233109532987018,1.3994123812766486,33,1.784193605E-005,-1.758851612E-041,4.159376457E-042,-1.737722180E-005,4.662453604E-042,2.275089667E-005,-2.009206958E-042,-7.128121115E-004,-3.564566192E-004,4.915398905E-004
B9-A,table_vii_9,A+,0.0001,0.01,60,-0.031235863737071885,1.3994086723769914,-0.031233109532987018,1.3994123812766486,33.5,2.855379018E-006,-1.947831012E-041,4.898391937E-042,-3.303868681E-005,5.329147939E-042,9.584315817E-006,9.355934393E-043,-1.160125783E-003,-5.801188765E-004,1.442161151E-004
B9-A,table_vii_9,A+,0.0001,0.01,60,-0.031235863737071885,1.3994086723769914,-0.031233109532987018,1.3994123812766486,34,-1.299202340E-005,-2.145879568E-041,5.702278415E-042,-3.292510662E-005,6.045592296E-042,-7.614355298E-006,4.360853803E-042,-1.056608530E-003,-5.283699689E-004,-2.591828637E-004
B9-A,table_vii_9,A+,0.0001,0.01,60,-0.031235863737071885,1.3994086723769914,-0.031233109532987018,1.3994123812766486,34.5,-2.233830967E-005,-2.352194778E-041,6.579113283E-042,-1.757414879E-005,6.811474416E-042,-2.075988858E-005,8.307897367E-042,-4.671328909E-004,-2.336324753E-004,-5.302062904E-004
B9-A,table_vii_9,A+,0.0001,0.01,60,-0.031235863737071885,1.3994086723769914,-0.031233109532987018,1.3994123812766486,35,-2.105681054E-005,-2.565790373E-041,7.521481098E-042,5.440130665E-006,7.627024821E-042,-2.389185826E-005,1.281805121E-041,3.205199807E-004,1.601947939E-004,-5.474642927E-004
B9-A,table_vii_9,A+,0.0001,0.01,60,-0.031235863737071885,1.3994086723769914,-0.031233109532987018,1.3994123812766486,35.5,-1.006777375E-005,-2.785414162E-041,8.541459356E-042,2.522789288E-005,8.490653315E-042,-1.586839041E-005,1.793358535E-041,9.356320837E-004,4.677475896E-004,-3.107755895E-004
B9-A,table_vii_9,A+,0.0001,0.01,60,-0.031235863737071885,1.3994086723769914,-0.031233109532987018,1.3994123812766486,36,5.243739558E-006,-3.009526665E-041,9.625709898E-042,3.272993141E-005,9.400423291E-042,-7.466132149E-007,2.369665173E-041,1.098810805E-003,5.493349360E-004,6.249178217E-005
B9-A,table_vii_9,A+,0.0001,0.01,60,-0.031235863737071885,1.3994086723769914,-0.031233109532987018,1.3994123812766486,36.5,1.765715266E-005,-3.236308892E-041,1.078544714E-041,2.485082619E-005,1.035367237E-041,1.425562593E-005,3.014828971E-041,7.483998458E-004,3.741295038E-004,3.953546257E-004
B9-A,table_vii_9,A+,0.0001,0.01,60,-0.031235863737071885,1.3994086723769914,-0.031233109532987018,1.3994123812766486,37,2.151546109E-005,-3.463570405E-041,1.201013202E-041,5.710515150E-006,1.134634010E-041,2.219743284E-005,3.732916991E-041,6.240353068E-005,3.112528621E-005,5.349749868E-004
B9-A,table_vii_9,A+,0.0001,0.01,60,-0.031235863737071885,1.3994086723769914,-0.031233109532987018,1.3994123812766486,37.5,1.529560722E-005,-3.688768104E-041,1.330167598E-041,-1.548460781E-005,1.237374948E-041,1.961978530E-005,4.527808118E-041,-6.313256594E-004,-3.157396437E-004,4.226616750E-004
B9-A,table_vii_9,A+,0.0001,0.01,60,-0.031235863737071885,1.3994086723769914,-0.031233109532987018,1.3994123812766486,38,2.186842121E-006,-3.908951755E-041,1.465844045E-041,-2.886013646E-005,1.342941401E-041,8.039276034E-006,5.403138369E-041,-1.011400432E-003,-5.057836151E-004,1.181560297E-004
B9-A,table_vii_9,A+,0.0001,0.01,60,-0.031235863737071885,1.3994086723769914,-0.031233109532987018,1.3994123812766486,38.5,-1.153118980E-005,-4.120724268E-041,1.607132021E-041,-2.846488113E-005,1.450629305E-041,-6.906636405E-006,6.362275293E-041,-9.115466102E-004,-4.558546415E-004,-2.316826776E-004
B9-A,table_vii_9,A+,0.0001,0.01,60,-0.031235863737071885,1.3994086723769914,-0.031233109532987018,1.3994123812766486,39,-1.948927263E-005,-4.320228627E-041,1.753409792E-041,-1.490497746E-005,1.559506492E-041,-1.819577334E-005,7.408140638E-041,-3.927311965E-004,-1.964405074E-004,-4.635104170E-004
B9-A,table_vii_9,A+,0.0001,0.01,60,-0.031235863737071885,1.3994086723769914,-0.031233109532987018,1.3994123812766486,39.5,-1.818095969E-005,-4.503102390E-041,1.903645109E-041,5.137183447E-006,1.668616060E-041,-2.071486399E-005,8.543121182E-041,2.919877266E-004,1.459228873E-004,-4.736473693E-004
B9-A,table_vii_9,A+,0.0001,0.01,60,-0.031235863737071885,1.3994086723769914,-0.031233109532987018,1.3994123812766486,40,-8.496918766E-006,-4.664398733E-041,2.057412517E-041,2.218473568E-005,1.776636620E-041,-1.356763555E-005,9.769224175E-041,8.205476541E-004,4.102048742E-004,-2.642208249E-004
B9-A,table_vii_9,A+,0.0001,0.01,60,-0.031235863737071885,1.3994086723769914,-0.031233109532987018,1.3994123812766486,40.5,4.822361058E-006,-4.798801946E-041,2.211277264E-041,2.843844841E-005,1.882177626E-041,-3.599388265E-007,1.108686733E-040,9.530874822E-004,4.764708123E-004,6.106917062E-005
B9-A,table_vii_9,A+,0.0001,0.01,60,-0.031235863737071885,1.3994086723769914,-0.031233109532987018,1.3994123812766486,41,1.549968294E-005,-4.900403431E-041,2.365468975E-041,2.133621260E-005,1.983582154E-041,1.260805213E-005,1.249570375E-040,6.404365718E-004,3.201494213E-004,3.480833676E-004
B9-A,table_vii_9,A+,0.0001,0.01,60,-0.031235863737071885,1.3994086723769914,-0.031233109532987018,1.3994123812766486,41.5,1.867434628E-005,-4.962458333E-041,2.519730250E-041,4.576555166E-006,2.079020879E-041,1.934131953E-005,1.399514903E-040,4.101910093E-005,2.044809553E-005,4.651544944E-004
B9-A,table_vii_9,A+,0.0001,0.01,60,-0.031235863737071885,1.3994086723769914,-0.031233109532987018,1.3994123812766486,42,1.310683233E-005,-4.977449724E-041,2.671033644E-041,-1.378716150E-005,2.166369646E-041,1.691442221E-005,1.558379008E-040,-5.589099975E-004,-2.795190719E-004,3.633024628E-004
B9-A,table_vii_9,A+,0.0001,0.01,60,-0.031235863737071885,1.3994086723769914,-0.031233109532987018,1.3994123812766486,42.5,1.643550272E-006,-4.937384404E-041,2.816655267E-041,-2.520380978E-005,2.243318718E-041,6.732539931E-006,1.725799584E-040,-8.816010950E-004,-4.408687654E-004,9.641361353E-005
B9-A,table_vii_9,A+,0.0001,0.01,60,-0.031235863737071885,1.3994086723769914,-0.031233109532987018,1.3994123812766486,43,-1.022794600E-005,-4.833540141E-041,2.953705085E-041,-2.460235564E-005,2.307180164E-041,-6.252681335E-006,1.901264035E-040,-7.862132240E-004,-3.931762619E-004,-2.068964922E-004
B9-A,table_vii_9,A+,0.0001,0.01,60,-0.031235863737071885,1.3994086723769914,-0.031233109532987018,1.3994123812766486,43.5,-1.700028310E-005,-4.656466456E-041,3.079646480E-041,-1.263199958E-005,2.355069030E-041,-1.594426170E-005,2.084084183E-040,-3.297970208E-004,-1.649661902E-004,-4.051156254E-004
B9-A,table_vii_9,A+,0.0001,0.01,60,-0.031235863737071885,1.3994086723769914,-0.031233109532987018,1.3994123812766486,44,-1.569516748E-005,-4.395974682E-041,3.190771955E-041,4.818255400E-006,2.383738669E-041,-1.795750887E-005,2.273371732E-040,2.653169282E-004,1.326004869E-004,-4.097187440E-004
B9-A,table_vii_9,A+,0.0001,0.01,60,-0.031235863737071885,1.3994086723769914,-0.031233109532987018,1.3994123812766486,44.5,-7.164770297E-006,-4.041152967E-041,3.283467906E-041,1.950192532E-005,2.389645741E-041,-1.159623299E-005,2.468014083E-040,7.193837986E-004,3.596418569E-004,-2.245193368E-004
B9-A,table_vii_9,A+,0.0001,0.01,60,-0.031235863737071885,1.3994086723769914,-0.031233109532987018,1.3994123812766486,45,4.419902667E-006,-3.580349713E-041,3.353829553E-041,2.470662693E-005,2.368907441E-041,-6.253280177E-008,2.666652243E-040,8.265411744E-004,4.132227994E-004,5.891543853E-005
B9-A,table_vii_9,A+,0.0001,0.01,60,-0.031235863737071885,1.3994086723769914,-0.031233109532987018,1.3994123812766486,45.5,1.360261727E-005,-3.001170086E-041,3.397117341E-041,1.831536776E-005,2.317313406E-041,1.114573251E-005,2.867661610E-040,5.478547312E-004,2.738877118E-004,3.063670540E-004
B9-A,table_vii_9,A+,0.0001,0.01,60,-0.031235863737071885,1.3994086723769914,-0.031233109532987018,1.3994123812766486,46,1.620658322E-005,-2.290524782E-041,3.408406386E-041,3.641977053E-006,2.230342389E-041,1.685047283E-005,3.069116401E-040,2.417123463E-005,1.204487376E-005,4.044000727E-004
B9-A,table_vii_9,A+,0.0001,0.01,60,-0.031235863737071885,1.3994086723769914,-0.031233109532987018,1.3994123812766486,46.5,1.122836780E-005,-1.434672477E-041,3.382065041E-041,-1.226623782E-005,2.103028190E-041,1.457987808E-005,3.268757630E-040,-4.945703591E-004,-2.473247082E-004,3.122199466E-004
B9-A,table_vii_9,A+,0.0001,0.01,60,-0.031235863737071885,1.3994086723769914,-0.031233109532987018,1.3994123812766486,47,1.205686609E-006,-4.192357526E-042,3.312348695E-041,-2.200712028E-005,1.930138257E-041,5.630301961E-006,3.463973640E-040,-7.683871568E-004,-3.842306585E-004,7.834908500E-005
B9-A,table_vii_9,A+,0.0001,0.01,60,-0.031235863737071885,1.3994086723769914,-0.031233109532987018,1.3994123812766486,47.5,-9.066678279E-006,7.707177432E-042,3.192548943E-041,-2.126114670E-005,1.706045930E-041,-5.650057674E-006,3.651771108E-040,-6.780601878E-004,-3.390634838E-004,-1.845927090E-004
B9-A,table_vii_9,A+,0.0001,0.01,60,-0.031235863737071885,1.3994086723769914,-0.031233109532987018,1.3994123812766486,48,-1.482625946E-005,2.150559390E-041,3.015879013E-041,-1.069649927E-005,1.424815402E-041,-1.396787724E-005,3.828729989E-040,-2.766246779E-004,-1.383356959E-004,-3.540022422E-004
B9-A,table_vii_9,A+,0.0001,0.01,60,-0.031235863737071885,1.3994086723769914,-0.031233109532987018,1.3994123812766486,48.5,-1.354559775E-005,3.736079126E-041,2.774646671E-041,4.494934678E-006,1.080096149E-041,-1.556388033E-005,3.990998051E-040,2.405319278E-004,1.202591814E-004,-3.543338612E-004
B9-A,table_vii_9,A+,0.0001,0.01,60,-0.031235863737071885,1.3994086723769914,-0.031233109532987018,1.3994123812766486,49,-6.033859952E-006,5.543320240E-041,2.461331987E-041,1.713826727E-005,6.653403716E-042,-9.905996369E-006,4.134248357E-040,6.304643567E-004,3.152288635E-004,-1.906285518E-004
B9-A,table_vii_9,A+,0.0001,0.01,60,-0.031235863737071885,1.3994086723769914,-0.031233109532987018,1.3994123812766486,49.5,4.039860494E-006,7.588426644E-041,2.066999079E-041,2.145942413E-005,1.735927849E-042,1.635783826E-007,4.253646445E-040,7.165642813E-004,3.582825462E-004,5.628222339E-005
B9-A,table_vii_9,A+,0.0001,0.01,60,-0.031235863737071885,1.3994086723769914,-0.031233109532987018,1.3994123812766486,50,1.193364880E-005,9.887485189E-041,1.582975157E-041,1.571407231E-005,-4.023052173E-042,9.847941732E-006,4.343823963E-040,4.683227284E-004,2.341625033E-004,2.695446293E-004
B9-A,table_vii_9,A+,0.0001,0.01,60,-0.031235863737071885,1.3994086723769914,-0.031233109532987018,1.3994123812766486,50.5,1.406057412E-005,1.245635922E-040,9.997011949E-042,2.871351456E-006,-1.069786824E-041,1.467603164E-005,4.398856337E-040,1.093140293E-005,5.465526165E-006,3.514758557E-004
B9-A,table_vii_9,A+,0.0001,0.01,60,-0.031235863737071885,1.3994086723769914,-0.031233109532987018,1.3994123812766486,51,9.613424203E-006,1.531042577E-040,3.074668157E-042,-1.090554108E-005,-1.836412289E-041,1.256234442E-005,4.412234902E-040,-4.374567963E-004,-2.187277785E-004,2.681884992E-004
B9-A,table_vii_9,A+,0.0001,0.01,60,-0.031235863737071885,1.3994086723769914,-0.031233109532987018,1.3994123812766486,51.5,8.530597382E-007,1.846433876E-040,-5.040336632E-042,-1.921038823E-005,-2.709879986E-041,4.698717398E-006,4.376846504E-040,-6.695491054E-004,-3.347743588E-004,6.331952175E-005
B9-A,table_vii_9,A+,0.0001,0.01,60,-0.031235863737071885,1.3994086723769914,-0.031233109532987018,1.3994123812766486,52,-8.032840061E-006,2.193173926E-040,-1.445234825E-041,-1.836788788E-005,-3.697959374E-041,-5.097923564E-006,4.284952537E-040,-5.845832884E-004,-2.922943017E-004,-1.645601625E-004
B9-A,table_vii_9,A+,0.0001,0.01,60,-0.031235863737071885,1.3994086723769914,-0.031233109532987018,1.3994123812766486,52.5,-1.292720966E-005,2.572493533E-040,-2.526893297E-041,-9.048551677E-006,-4.808393534E-041,-1.223335712E-005,4.128178720E-040,-2.316374731E-004,-1.158126389E-004,-3.092611022E-004
B9-A,table_vii_9,A+,0.0001,0.01,60,-0.031235863737071885,1.3994086723769914,-0.031233109532987018,1.3994123812766486,53,-1.168701227E-005,2.985450270E-040,-3.760127598E-041,4.172598875E-006,-6.048721730E-041,-1.348639374E-005,3.897494343E-040,2.176761831E-004,1.088483695E-004,-3.063536080E-004
B9-A,table_vii_9,A+,0.0001,0.01,60,-0.031235863737071885,1.3994086723769914,-0.031233109532987018,1.3994123812766486,53.5,-5.075250751E-006,3.432889506E-040,-5.155911620E-041,1.505536667E-005,-7.426393137E-041,-8.457996668E-006,3.583219306E-040,5.523944276E-004,2.762100747E-004,-1.617292906E-004
B9-A,table_vii_9,A+,0.0001,0.01,60,-0.031235863737071885,1.3994086723769914,-0.031233109532987018,1.3994123812766486,54,3.682697315E-006,3.915401842E-040,-6.725394577E-041,1.863521170E-005,-8.948373641E-041,3.311199148E-007,3.175019161E-040,6.211217354E-004,3.105822059E-004,5.331466058E-005
B9-A,table_vii_9,A+,0.0001,0.01,60,-0.031235863737071885,1.3994086723769914,-0.031233109532987018,1.3994123812766486,54.5,1.046637415E-005,4.433267714E-040,-8.479289561E-041,1.347804404E-005,-1.062120856E-040,8.696849676E-006,2.661917595E-040,4.001827625E-004,2.001178095E-004,2.370619036E-004
B9-A,table_vii_9,A+,0.0001,0.01,60,-0.031235863737071885,1.3994086723769914,-0.031233109532987018,1.3994123812766486,55,1.219659022E-005,4.986409982E-040,-1.042816294E-040,2.240643207E-006,-1.245077651E-040,1.277970710E-005,2.032323474E-040,7.821379029E-007,4.187071391E-007,3.054231347E-004
B9-A,table_vii_9,A+,0.0001,0.01,60,-0.031235863737071885,1.3994086723769914,-0.031233109532987018,1.3994123812766486,55.5,8.227804689E-006,5.574327482E-040,-1.258225363E-040,-9.688081892E-006,-1.444207045E-040,1.082138317E-005,1.274047686E-040,-3.867124748E-004,-1.933277097E-004,2.303012973E-004
B9-A,table_vii_9,A+,0.0001,0.01,60,-0.031235863737071885,1.3994086723769914,-0.031233109532987018,1.3994123812766486,56,5.724913693E-007,6.196032265E-040,-1.495067030E-040,-1.676552742E-005,-1.659910559E-040,3.914352589E-006,3.743554127E-041,-5.833084559E-004,-2.916275306E-004,5.088538443E-005
B9-A,table_vii_9,A+,0.0001,0.01,60,-0.031235863737071885,1.3994086723769914,-0.031233109532987018,1.3994123812766486,56.5,-7.112326807E-006,6.849985483E-040,-1.754189586E-040,-1.586437273E-005,-1.892465328E-040,-4.592013258E-006,-6.799731396E-041,-5.038669750E-004,-2.519067176E-004,-1.465662263E-004
B9-A,table_vii_9,A+,0.0001,0.01,60,-0.031235863737071885,1.3994086723769914,-0.031233109532987018,1.3994123812766486,57,-1.126867269E-005,7.534016369E-040,-2.036313938E-040,-7.647751905E-006,-2.141997748E-040,-1.071098006E-005,-1.902584103E-040,-1.936734305E-004,-9.680660613E-005,-2.701031136E-004
B9-A,table_vii_9,A+,0.0001,0.01,60,-0.031235863737071885,1.3994086723769914,-0.031233109532987018,1.3994123812766486,57.5,-1.008112838E-005,8.245242583E-040,-2.342070710E-040,3.856749388E-006,-2.408460269E-040,-1.168367837E-005,-3.307463386E-040,1.966028717E-004,9.834386433E-005,-2.648161132E-004
B9-A,table_vii_9,A+,0.0001,0.01,60,-0.031235863737071885,1.3994086723769914,-0.031233109532987018,1.3994123812766486,58,-4.263307541E-006,8.979982496E-040,-2.671828647E-040,1.322208674E-005,-2.691599877E-040,-7.217767250E-006,-4.908837191E-040,4.838425531E-004,2.419676416E-004,-1.371019654E-004
B9-A,table_vii_9,A+,0.0001,0.01,60,-0.031235863737071885,1.3994086723769914,-0.031233109532987018,1.3994123812766486,58.5,3.349088279E-006,9.733675291E-040,-3.025777840E-040,1.617880943E-005,-2.990934553E-040,4.520918220E-007,-6.721009061E-040,5.382411258E-004,2.691663566E-004,5.014944281E-005
B9-A,table_vii_9,A+,0.0001,0.01,60,-0.031235863737071885,1.3994086723769914,-0.031233109532987018,1.3994123812766486,59,9.177159607E-006,1.050077942E-039,-3.403856027E-040,1.155595601E-005,-3.305702177E-040,7.676989683E-006,-8.758236498E-040,3.417797909E-004,1.709408724E-004,2.084288588E-004
B9-A,table_vii_9,A+,0.0001,0.01,60,-0.031235863737071885,1.3994086723769914,-0.031233109532987018,1.3994123812766486,59.5,1.057824826E-005,1.127466628E-039,-3.805807353E-040,1.726128086E-006,-3.634851674E-040,1.112655731E-005,-1.103458078E-039,-6.897312119E-006,-3.391109442E-006,2.653678048E-004
B9-A,table_vii_9,A+,0.0001,0.01,60,-0.031235863737071885,1.3994086723769914,-0.031233109532987018,1.3994123812766486,60,7.039255618E-006,1.204752023E-039,-4.230927412E-040,-8.601551781E-006,-3.976975950E-040,9.319617468E-006,-1.356369494E-039,-3.417292929E-004,-1.708101897E-004,1.977111783E-004
C150-A,table_vii_150,A+,0.0001,0.01,12,-0.23304976709451292,1.3565984769197534,-0.23305306541164514,1.3565899390987666,0,2.395569310E-005,-1.151413022E-009,-9.251370915E-006,1.000000000E-004,-1.247340201E-006,-1.349709277E-006,-2.126899487E-006,3.045548425E-003,1.522774213E-003,-1.844502217E-016
C150-A,table_vii_150,A+,0.0001,0.01,12,-0.23304976709451292,1.3565984769197534,-0.23305306541164514,1.3565899390987666,0.1,3.222520101E-005,-3.720734346E-008,-8.060628014E-006,9.482650597E-005,-1.101890014E-006,7.703454323E-006,-3.898433627E-006,2.948060396E-003,1.474030467E-003,2.012029901E-004
C150-A,table_vii_150,A+,0.0001,0.01,12,-0.23304976709451292,1.3565984769197534,-0.23305306541164514,1.3565899390987666,0.2,3.952257767E-005,-7.093398577E-008,-6.775160355E-006,8.813597488E-005,-9.426910426E-007,1.620196290E-005,-5.517240105E-006,2.800528023E-003,1.400262835E-003,3.895258722E-004
C150-A,table_vii_150,A+,0.0001,0.01,12,-0.23304976709451292,1.3565984769197534,-0.23305306541164514,1.3565899390987666,0.3,4.575695767E-005,-1.018148484E-007,-5.422976154E-006,8.012075638E-005,-7.733080494E-007,2.401398543E-005,-6.960352547E-006,2.607942734E-003,1.303967762E-003,5.620709586E-004
C150-A,table_vii_150,A+,0.0001,0.01,12,-0.23304976709451292,1.3565984769197534,-0.23305306541164514,1.3565899390987666,0.4,5.086178369E-005,-1.294083691E-007,-4.032136778E-006,7.098999053E-005,-5.973554065E-007,3.102639972E-005,-8.209098355E-006,2.375929923E-003,1.187961541E-003,7.163698048E-004
C150-A,table_vii_150,A+,0.0001,0.01,12,-0.23304976709451292,1.3565984769197534,-0.23305306541164514,1.3565899390987666,0.5,5.479405053E-005,-1.533534666E-007,-2.630092175E-006,6.096278100E-005,-4.183712360E-007,3.714601170E-005,-9.249246556E-006,2.110569068E-003,1.055278921E-003,8.504018451E-004
C150-A,table_vii_150,A+,0.0001,0.01,12,-0.23304976709451292,1.3565984769197534,-0.23305306541164514,1.3565899390987666,0.6,5.753452869E-005,-1.733736855E-007,-1.243296174E-006,5.026570478E-005,-2.398124622E-007,4.230037896E-005,-1.007107292E-005,1.818285684E-003,9.091380173E-004,9.626116655E-004
C150-A,table_vii_150,A+,0.0001,0.01,12,-0.23304976709451292,1.3565984769197534,-0.23305306541164514,1.3565899390987666,0.70000000000000007,5.908690250E-005,-1.892771381E-007,1.033323983E-007,3.912679163E-005,-6.495659323E-008,4.643820373E-005,-1.066933140E-005,1.505710302E-003,7.528502618E-004,1.051921384E-003
C150-A,table_vii_150,A+,0.0001,0.01,12,-0.23304976709451292,1.3565984769197534,-0.23305306541164514,1.3565899390987666,0.8,5.947648296E-005,-2.009573576E-007,1.386735705E-006,2.777186264E-005,1.031399877E-007,4.952929575E-005,-1.104314466E-005,1.179539236E-003,5.897634537E-004,1.117721900E-003
C150-A,table_vii_150,A+,0.0001,0.01,12,-0.23304976709451292,1.3565984769197534,-0.23305306541164514,1.3565899390987666,0.9,5.874906487E-005,-2.083904128E-007,2.586070798E-006,1.642088500E-005,2.616692055E-007,5.156419648E-005,-1.119582482E-005,8.464224224E-004,4.232054319E-004,1.159867201E-003
C150-A,table_vii_150,A+,0.0001,0.01,12,-0.23304976709451292,1.3565984769197534,-0.23305306541164514,1.3565899390987666,1,5.696901885E-005,-2.116325166E-007,3.682937756E-006,5.283330838E-006,4.081536169E-007,5.255341052E-005,-1.113462363E-005,5.128351443E-004,2.564107855E-004,1.178657562E-003
C150-A,table_vii_150,A+,0.0001,0.01,12,-0.23304976709451292,1.3565984769197534,-0.23305306541164514,1.3565899390987666,1.1,5.421696465E-005,-2.108161488E-007,4.661801925E-006,-5.444915658E-006,5.404292922E-007,5.252625505E-005,-1.087041234E-005,1.849515313E-004,9.246881931E-005,1.174805922E-003
C150-A,table_vii_150,A+,0.0001,0.01,12,-0.23304976709451292,1.3565984769197534,-0.23305306541164514,1.3565899390987666,1.2,5.058825253E-005,-2.061404112E-007,5.509949765E-006,-1.558384859E-005,6.566833342E-007,5.152951091E-005,-1.041731593E-005,-1.314129686E-004,-6.571439067E-005,1.149417429E-003
C150-A,table_vii_150,A+,0.0001,0.01,12,-0.23304976709451292,1.3565984769197534,-0.23305306541164514,1.3565899390987666,1.3,4.618974537E-005,-1.978673224E-007,6.217623102E-006,-2.497311415E-005,7.555129336E-007,4.962575564E-005,-9.792310260E-006,-4.309439696E-004,-2.154808062E-004,1.103940425E-003
C150-A,table_vii_150,A+,0.0001,0.01,12,-0.23304976709451292,1.3565984769197534,-0.23305306541164514,1.3565899390987666,1.4000000000000001,4.113788894E-005,-1.863139290E-007,6.778149592E-006,-3.347314388E-005,8.358756467E-007,4.689148572E-005,-9.014777198E-006,-7.088661242E-004,-3.544428877E-004,1.040131391E-003
C150-A,table_vii_150,A+,0.0001,0.01,12,-0.23304976709451292,1.3565984769197534,-0.23305306541164514,1.3565899390987666,1.5,3.555577129E-005,-1.718433183E-007,7.187842828E-006,-4.096732002E-005,8.971322616E-007,4.341506499E-005,-8.106035299E-006,-9.610300151E-004,-4.805242317E-004,9.600036799E-004
C150-A,table_vii_150,A+,0.0001,0.01,12,-0.23304976709451292,1.3565984769197534,-0.23305306541164514,1.3565899390987666,1.6,2.957068824E-005,-1.548567033E-007,7.446035418E-006,-4.736310737E-005,9.390207279E-007,3.929454302E-005,-7.088857566E-006,-1.183949284E-003,-5.919836758E-004,8.657817686E-004
C150-A,table_vii_150,A+,0.0001,0.01,12,-0.23304976709451292,1.3565984769197534,-0.23305306541164514,1.3565899390987666,1.7,2.331165096E-005,-1.357820790E-007,7.554858156E-006,-5.259221841E-005,9.616439909E-007,3.463540884E-005,-5.986980491E-006,-1.374833282E-003,-6.874254956E-004,7.598493300E-004
C150-A,table_vii_150,A+,0.0001,0.01,12,-0.23304976709451292,1.3565984769197534,-0.23305306541164514,1.3565899390987666,1.8,1.690674700E-005,-1.150674434E-007,7.519081971E-006,-5.661129995E-005,9.654713212E-007,2.954829703E-005,-4.824626184E-006,-1.531616055E-003,-7.658177375E-004,6.446968872E-004
C150-A,table_vii_150,A+,0.0001,0.01,12,-0.23304976709451292,1.3565984769197534,-0.23305306541164514,1.3565899390987666,1.9000000000000001,1.048106276E-005,-9.317066474E-008,7.345969055E-006,-5.940096107E-005,9.512781547E-007,2.414671539E-005,-3.626031392E-006,-1.652948128E-003,-8.264846512E-004,5.228729170E-004
C150-A,table_vii_150,A+,0.0001,0.01,12,-0.23304976709451292,1.3565984769197534,-0.23305306541164514,1.3565899390987666,2,4.154196602E-006,-7.054947258E-008,7.045030543E-006,-6.096596508E-005,9.201461450E-007,1.854482110E-005,-2.414997961E-006,-1.738208864E-003,-8.691174005E-004,3.969322147E-004
C150-A,table_vii_150,A+,0.0001,0.01,12,-0.23304976709451292,1.3565984769197534,-0.23305306541164514,1.3565899390987666,2.1,-1.961253309E-006,-4.765396735E-008,6.627563160E-006,-6.133260575E-005,8.734191286E-007,1.285525885E-005,-1.214469576E-006,-1.787455545E-003,-8.937407449E-004,2.693905725E-004
C150-A,table_vii_150,A+,0.0001,0.01,12,-0.23304976709451292,1.3565984769197534,-0.23305306541164514,1.3565899390987666,2.2,-7.761916578E-006,-2.491942018E-008,6.106653216E-006,-6.054895324E-005,8.126701191E-007,7.187196762E-006,-4.615960822E-008,-1.801419658E-003,-9.007238177E-004,1.426789390E-004
C150-A,table_vii_150,A+,0.0001,0.01,12,-0.23304976709451292,1.3565984769197534,-0.23305306541164514,1.3565899390987666,2.3000000000000003,-1.315498857E-005,-2.758023335E-009,5.496561752E-006,-5.868186925E-005,7.396732932E-007,1.644424584E-006,1.069805861E-006,-1.781455111E-003,-8.907410065E-004,1.909991781E-005
C150-A,table_vii_150,A+,0.0001,0.01,12,-0.23304976709451292,1.3565984769197534,-0.23305306541164514,1.3565899390987666,2.4,-1.805928568E-005,1.844653568E-008,4.812672477E-006,-5.581521245E-005,6.563273648E-007,-3.676316667E-006,2.115183306E-006,-1.729471773E-003,-8.647493995E-004,-9.920359731E-005
C150-A,table_vii_150,A+,0.0001,0.01,12,-0.23304976709451292,1.3565984769197534,-0.23305306541164514,1.3565899390987666,2.5,-2.240649964E-005,3.834483375E-008,4.070943217E-006,-5.204758211E-005,5.646583424E-007,-8.686808462E-006,3.073866060E-006,-1.647892582E-003,-8.239600595E-004,-2.102864472E-004
C150-A,table_vii_150,A+,0.0001,0.01,12,-0.23304976709451292,1.3565984769197534,-0.23305306541164514,1.3565899390987666,2.6,-2.614152569E-005,5.662901463E-008,3.287788309E-006,-4.748945467E-005,4.667170713E-007,-1.330856412E-005,3.932082435E-006,-1.539566066E-003,-7.697976158E-004,-3.124226390E-004
C150-A,table_vii_150,A+,0.0001,0.01,12,-0.23304976709451292,1.3565984769197534,-0.23305306541164514,1.3565899390987666,2.7,-2.922338109E-005,7.303395943E-008,2.479479903E-006,-4.226125276E-005,3.646214270E-007,-1.747387356E-005,4.678546000E-006,-1.407723423E-003,-7.038752456E-004,-4.041346019E-004
C150-A,table_vii_150,A+,0.0001,0.01,12,-0.23304976709451292,1.3565984769197534,-0.23305306541164514,1.3565899390987666,2.8000000000000003,-3.162470506E-005,8.734082313E-008,1.662129346E-006,-3.648987179E-005,2.604368606E-007,-2.112652422E-005,5.304543366E-006,-1.255863063E-003,-6.279428204E-004,-4.842001648E-004
C150-A,table_vii_150,A+,0.0001,0.01,12,-0.23304976709451292,1.3565984769197534,-0.23305306541164514,1.3565899390987666,2.9,-3.333216402E-005,9.938114900E-008,8.513103150E-007,-3.030697084E-005,1.561814751E-007,-2.422235417E-005,5.803992440E-006,-1.087706931E-003,-5.438634891E-004,-5.516698168E-004
C150-A,table_vii_150,A+,0.0001,0.01,12,-0.23304976709451292,1.3565984769197534,-0.23305306541164514,1.3565899390987666,3,-3.434586663E-005,1.090351792E-007,6.169107445E-008,-2.384579932E-005,5.379764835E-008,-2.672951859E-005,6.173427761E-006,-9.071070238E-004,-4.535658821E-004,-6.058704160E-004
C150-A,table_vii_150,A+,0.0001,0.01,12,-0.23304976709451292,1.3565984769197534,-0.23305306541164514,1.3565899390987666,3.1,-3.467853347E-005,1.162320105E-007,-6.931563142E-007,-1.723806258E-005,-4.490838492E-008,-2.862849232E-005,6.411940931E-006,-7.179598250E-004,-3.589960550E-004,-6.464035264E-004
C150-A,table_vii_150,A+,0.0001,0.01,12,-0.23304976709451292,1.3565984769197534,-0.23305306541164514,1.3565899390987666,3.2,-3.435508723E-005,1.209516057E-007,-1.400745886E-006,-1.061259712E-005,-1.383060522E-007,-2.991187233E-005,6.521087697E-006,-5.241545966E-004,-2.620971225E-004,-6.731434499E-004
C150-A,table_vii_150,A+,0.0001,0.01,12,-0.23304976709451292,1.3565984769197534,-0.23305306541164514,1.3565899390987666,3.3000000000000003,-3.341143258E-005,1.232206588E-007,-2.050218179E-006,-4.092635649E-006,-2.248967789E-007,-3.058396964E-005,6.504744516E-006,-3.294891056E-004,-1.647657880E-004,-6.862252703E-004
C150-A,table_vii_150,A+,0.0001,0.01,12,-0.23304976709451292,1.3565984769197534,-0.23305306541164514,1.3565899390987666,3.4,-3.189322893E-005,1.231098375E-007,-2.632204665E-006,2.206007280E-006,-3.033895423E-007,-3.066019205E-005,6.368929033E-006,-1.375990915E-004,-6.882225549E-005,-6.860280532E-004
C150-A,table_vii_150,A+,0.0001,0.01,12,-0.23304976709451292,1.3565984769197534,-0.23305306541164514,1.3565899390987666,3.5,-2.985480196E-005,1.207292169E-007,-3.139030002E-006,8.176966668E-006,-3.726986847E-007,-3.016628066E-005,6.121594279E-006,4.808897947E-005,2.402267252E-005,-6.731621652E-004
C150-A,table_vii_150,A+,0.0001,0.01,12,-0.23304976709451292,1.3565984769197534,-0.23305306541164514,1.3565899390987666,3.6,-2.735737954E-005,1.162268419E-007,-3.564738439E-006,1.372488392E-005,-4.319680485E-007,-2.913733067E-005,5.772392211E-006,2.244368060E-004,1.121956264E-004,-6.484397696E-004
C150-A,table_vii_150,A+,0.0001,0.01,12,-0.23304976709451292,1.3565984769197534,-0.23305306541164514,1.3565899390987666,3.7,-2.446800795E-005,1.097838155E-007,-3.905170835E-006,1.876670722E-005,-4.805648031E-007,-2.761670669E-005,5.332414664E-006,3.886072655E-004,1.942830237E-004,-6.128585778E-004
C150-A,table_vii_150,A+,0.0001,0.01,12,-0.23304976709451292,1.3565984769197534,-0.23305306541164514,1.3565899390987666,3.8000000000000003,-2.125794920E-005,1.016075449E-007,-4.157958130E-006,2.323196317E-005,-5.180556573E-007,-2.565490049E-005,4.813926409E-006,5.381223178E-004,2.690398776E-004,-5.675692075E-004
C150-A,table_vii_150,A+,0.0001,0.01,12,-0.23304976709451292,1.3565984769197534,-0.23305306541164514,1.3565899390987666,3.9,-1.780116129E-005,9.192643230E-008,-4.322395791E-006,2.706446646E-005,-5.442606876E-007,-2.330827499E-005,4.230083855E-006,6.708849678E-004,3.354195216E-004,-5.138517870E-004
C150-A,table_vii_150,A+,0.0001,0.01,12,-0.23304976709451292,1.3565984769197534,-0.23305306541164514,1.3565899390987666,4,-1.417284963E-005,8.098820039E-008,-4.399467669E-006,3.022214023E-005,-5.592089006E-007,-2.063773087E-005,3.594655597E-006,7.851993256E-004,3.925755051E-004,-4.530843546E-004
C150-A,table_vii_150,A+,0.0001,0.01,12,-0.23304976709451292,1.3565984769197534,-0.23305306541164514,1.3565899390987666,4.1,-1.044776499E-005,6.905037282E-008,-4.391760374E-006,3.267755965E-005,-5.631356517E-007,-1.770736837E-005,2.921728670E-006,8.797994003E-004,4.398748494E-004,-3.867095831E-004
C150-A,table_vii_150,A+,0.0001,0.01,12,-0.23304976709451292,1.3565984769197534,-0.23305306541164514,1.3565899390987666,4.2,-6.699366550E-006,5.637724391E-008,-4.303299242E-006,3.441702803E-005,-5.564531929E-007,-1.458318221E-005,2.225444506E-006,9.538209001E-004,4.768872979E-004,-3.162124230E-004
C150-A,table_vii_150,A+,0.0001,0.01,12,-0.23304976709451292,1.3565984769197534,-0.23305306541164514,1.3565899390987666,4.3,-2.997729320E-006,4.323520909E-008,-4.139301071E-006,3.544116570E-005,-5.397937808E-007,-1.133175176E-005,1.519735002E-006,1.006852997E-003,5.034004354E-004,-2.430787286E-004
C150-A,table_vii_150,A+,0.0001,0.01,12,-0.23304976709451292,1.3565984769197534,-0.23305306541164514,1.3565899390987666,4.4,5.908214775E-007,2.989036475E-008,-3.906214585E-006,3.576389275E-005,-5.139361922E-007,-8.018957330E-006,8.180758111E-007,1.038866297E-003,5.194062501E-004,-1.687825082E-004
C150-A,table_vii_150,A+,0.0001,0.01,12,-0.23304976709451292,1.3565984769197534,-0.23305306541164514,1.3565899390987666,4.5,4.004878462E-006,1.660026106E-008,-3.611493065E-006,3.541057139E-005,-4.797534715E-007,-4.708820652E-006,1.332550953E-007,1.050212710E-003,5.250777293E-004,-9.475166578E-005
C150-A,table_vii_150,A+,0.0001,0.01,12,-0.23304976709451292,1.3565984769197534,-0.23305306541164514,1.3565899390987666,4.6000000000000005,7.189497128E-006,3.608965203E-009,-3.263427094E-006,3.441899270E-005,-4.382694569E-007,-1.462413238E-006,-5.228317064E-007,1.041636769E-003,5.207882273E-004,-2.234035984E-005
C150-A,table_vii_150,A+,0.0001,0.01,12,-0.23304976709451292,1.3565984769197534,-0.23305306541164514,1.3565899390987666,4.7,1.009615744E-005,-8.856030041E-009,-2.870901167E-006,3.283636859E-005,-3.905703744E-007,1.663170919E-006,-1.139366051E-006,1.014196780E-003,5.070676770E-004,4.718542644E-005
C150-A,table_vii_150,A+,0.0001,0.01,12,-0.23304976709451292,1.3565984769197534,-0.23305306541164514,1.3565899390987666,4.8,1.268388705E-005,-2.058793557E-008,-2.443156910E-006,3.071899580E-005,-3.378347172E-007,4.615666226E-006,-1.706753485E-006,9.692652551E-004,4.846013257E-004,1.126733818E-004
C150-A,table_vii_150,A+,0.0001,0.01,12,-0.23304976709451292,1.3565984769197534,-0.23305306541164514,1.3565899390987666,4.9,1.491940754E-005,-3.140275319E-008,-1.989775960E-006,2.813045677E-005,-2.812554047E-007,7.348389087E-006,-2.216744747E-006,9.084708424E-004,4.542041644E-004,1.730970527E-004
C150-A,table_vii_150,A+,0.0001,0.01,12,-0.23304976709451292,1.3565984769197534,-0.23305306541164514,1.3565899390987666,5,1.677731204E-005,-4.114353861E-008,-1.520261438E-006,2.513970155E-005,-2.220486926E-007,9.820847524E-006,-2.662532378E-006,8.336506259E-004,4.167936877E-004,2.275693419E-004
C150-A,table_vii_150,A+,0.0001,0.01,12,-0.23304976709451292,1.3565984769197534,-0.23305306541164514,1.3565899390987666,5.1000000000000005,1.824051603E-005,-4.967858116E-008,-1.044025682E-006,2.182053201E-005,-1.614369506E-007,1.199919098E-005,-3.038798708E-006,7.468307639E-004,3.733839331E-004,2.753546495E-004
C150-A,table_vii_150,A+,0.0001,0.01,12,-0.23304976709451292,1.3565984769197534,-0.23305306541164514,1.3565899390987666,5.2,1.929994823E-005,-5.690687476E-008,-5.702699050E-007,1.824907712E-005,-1.005790951E-007,1.385655055E-005,-3.341759320E-006,6.501631578E-004,3.250478797E-004,3.158751568E-004
C150-A,table_vii_150,A+,0.0001,0.01,12,-0.23304976709451292,1.3565984769197534,-0.23305306541164514,1.3565899390987666,5.3,1.995443528E-005,-6.275512721E-008,-1.075117285E-007,1.450319389E-005,-4.064857336E-008,1.537320905E-005,-3.569154578E-006,5.458830837E-004,2.729085448E-004,3.487113584E-004
C150-A,table_vii_150,A+,0.0001,0.01,12,-0.23304976709451292,1.3565984769197534,-0.23305306541164514,1.3565899390987666,5.4,2.021033629E-005,-6.717744497E-008,3.361335559E-007,1.065974939E-005,1.731391150E-008,1.653666596E-005,-3.720223919E-006,4.362653037E-004,2.180983146E-004,3.736082041E-004
C150-A,table_vii_150,A+,0.0001,0.01,12,-0.23304976709451292,1.3565984769197534,-0.23305306541164514,1.3565899390987666,5.5,2.008106925E-005,-7.015799469E-008,7.533545108E-007,6.794275928E-006,7.232187810E-008,1.734149585E-005,-3.795651869E-006,3.235782153E-004,1.617526154E-004,3.904667395E-004
C150-A,table_vii_150,A+,0.0001,0.01,12,-0.23304976709451292,1.3565984769197534,-0.23305306541164514,1.3565899390987666,5.6000000000000005,1.958638133E-005,-7.170913860E-008,1.137661461E-006,2.978909396E-006,1.235009365E-007,1.778913011E-005,-3.797487537E-006,2.100364871E-004,1.049776729E-004,3.993391550E-004
C150-A,table_vii_150,A+,0.0001,0.01,12,-0.23304976709451292,1.3565984769197534,-0.23305306541164514,1.3565899390987666,5.7,1.875230334E-005,-7.186638542E-008,1.483435699E-006,-7.173075348E-007,1.700506248E-007,1.788757014E-005,-3.729047700E-006,9.779008633E-005,4.885492408E-005,4.004262544E-004
C150-A,table_vii_150,A+,0.0001,0.01,12,-0.23304976709451292,1.3565984769197534,-0.23305306541164514,1.3565899390987666,5.8,1.760958486E-005,-7.068929249E-008,1.786092256E-006,-4.232148359E-006,2.113380779E-007,1.765091216E-005,-3.594797692E-006,-1.115233343E-005,-5.618096586E-006,3.940632935E-004
C150-A,table_vii_150,A+,0.0001,0.01,12,-0.23304976709451292,1.3565984769197534,-0.23305306541164514,1.3565899390987666,5.9,1.619346177E-005,-6.825917497E-008,2.041966341E-006,-7.508569001E-006,2.468310106E-007,1.709878135E-005,-3.400210791E-006,-1.149238625E-004,-5.750455743E-005,3.807066800E-004
C150-A,table_vii_150,A+,0.0001,0.01,12,-0.23304976709451292,1.3565984769197534,-0.23305306541164514,1.3565899390987666,6,1.454255509E-005,-6.467732289E-008,2.248478928E-006,-1.049696957E-005,2.761375580E-007,1.625576234E-005,-3.151632586E-006,-2.118429526E-004,-1.059647111E-004,3.609222041E-004
C150-A,table_vii_150,A+,0.0001,0.01,12,-0.23304976709451292,1.3565984769197534,-0.23305306541164514,1.3565899390987666,6.1000000000000005,1.269803716E-005,-6.006062398E-008,2.404035878E-006,-1.315531258E-005,2.990067046E-007,1.515068007E-005,-2.856111410E-006,-3.004314757E-004,-1.502601847E-004,3.353679702E-004
C150-A,table_vii_150,A+,0.0001,0.01,12,-0.23304976709451292,1.3565984769197534,-0.23305306541164514,1.3565899390987666,6.2,1.070288343E-005,-5.454138812E-008,2.508093556E-006,-1.544930938E-005,3.152983589E-007,1.381589992E-005,-2.521248213E-006,-3.794273167E-004,-1.897590195E-004,3.047795103E-004
C150-A,table_vii_150,A+,0.0001,0.01,12,-0.23304976709451292,1.3565984769197534,-0.23305306541164514,1.3565899390987666,6.3,8.600779950E-006,-4.826263390E-008,2.561009448E-006,-1.735327971E-005,3.250285132E-007,1.228655569E-005,-2.155024419E-006,-4.478130709E-004,-2.239515935E-004,2.699510251E-004
C150-A,table_vii_150,A+,0.0001,0.01,12,-0.23304976709451292,1.3565984769197534,-0.23305306541164514,1.3565899390987666,6.4,6.435360885E-006,-4.137730605E-008,2.564126731E-006,-1.885000611E-005,3.283276007E-007,1.059976585E-005,-1.765641050E-006,-5.048111957E-004,-2.524509507E-004,2.317185268E-004
C150-A,table_vii_150,A+,0.0001,0.01,12,-0.23304976709451292,1.3565984769197534,-0.23305306541164514,1.3565899390987666,6.5,4.249641241E-006,-3.404119435E-008,2.519725280E-006,-1.993008464E-005,3.254019363E-007,8.793879548E-006,-1.361352565E-006,-5.498813300E-004,-2.749850995E-004,1.909445204E-004
C150-A,table_vii_150,A+,0.0001,0.01,12,-0.23304976709451292,1.3565984769197534,-0.23305306541164514,1.3565899390987666,6.6000000000000005,2.084907831E-006,-2.641053168E-008,2.430745929E-006,-2.059266592E-005,3.166029638E-007,6.907696629E-006,-9.503099570E-007,-5.827343271E-004,-2.914113538E-004,1.484983186E-004
C150-A,table_vii_150,A+,0.0001,0.01,12,-0.23304976709451292,1.3565984769197534,-0.23305306541164514,1.3565899390987666,6.7,-1.973555822E-008,-1.864082062E-008,2.300888655E-006,-2.084434934E-005,3.023514721E-007,4.979735495E-006,-5.404203303E-007,-6.033167503E-004,-3.017016737E-004,1.052407865E-004
C150-A,table_vii_150,A+,0.0001,0.01,12,-0.23304976709451292,1.3565984769197534,-0.23305306541164514,1.3565899390987666,6.8,-2.028158215E-006,-1.088189647E-008,2.134410218E-006,-2.069946700E-005,2.831680761E-007,3.047538307E-006,-1.392078519E-007,-6.118084735E-004,-3.059493651E-004,6.200909789E-005
C150-A,table_vii_150,A+,0.0001,0.01,12,-0.23304976709451292,1.3565984769197534,-0.23305306541164514,1.3565899390987666,6.9,-3.907604940E-006,-3.277344454E-009,1.936064337E-006,-2.017857150E-005,2.596250322E-007,1.146993298E-006,2.463089370E-007,-6.086019825E-004,-3.043483511E-004,1.960050646E-005
C150-A,table_vii_150,A+,0.0001,0.01,12,-0.23304976709451292,1.3565984769197534,-0.23305306541164514,1.3565899390987666,7,-5.629336089E-006,4.039581730E-009,1.711014959E-006,-1.930864216E-005,2.323555031E-007,-6.882202994E-007,6.097220086E-007,-5.942960713E-004,-2.971982825E-004,-2.124011751E-005
C150-A,table_vii_150,A+,0.0001,0.01,12,-0.23304976709451292,1.3565984769197534,-0.23305306541164514,1.3565899390987666,7.1000000000000005,-7.168578633E-006,1.094765890E-008,1.464574738E-006,-1.812125700E-005,2.020298121E-007,-2.427147583E-006,9.453216671E-007,-5.696547998E-004,-2.848778222E-004,-5.982853468E-005
C150-A,table_vii_150,A+,0.0001,0.01,12,-0.23304976709451292,1.3565984769197534,-0.23305306541164514,1.3565899390987666,7.2,-8.505206193E-006,1.733930161E-008,1.202348707E-006,-1.665298973E-005,1.693386156E-007,-4.042028527E-006,1.248174249E-006,-5.356031567E-004,-2.678526867E-004,-9.555347694E-005
C150-A,table_vii_150,A+,0.0001,0.01,12,-0.23304976709451292,1.3565984769197534,-0.23305306541164514,1.3565899390987666,7.3,-9.623872956E-006,2.312154900E-008,9.299023832E-007,-1.494407837E-005,1.350044930E-007,-5.508684672E-006,1.514181735E-006,-4.932065191E-004,-2.466567074E-004,-1.278862687E-004
C150-A,table_vii_150,A+,0.0001,0.01,12,-0.23304976709451292,1.3565984769197534,-0.23305306541164514,1.3565899390987666,7.4,-1.051367000E-005,2.821563609E-008,6.526106473E-007,-1.303656947E-005,9.974251469E-008,-6.806749690E-006,1.740104230E-006,-4.436197357E-004,-2.218638304E-004,-1.563829648E-004
C150-A,table_vii_150,A+,0.0001,0.01,12,-0.23304976709451292,1.3565984769197534,-0.23305306541164514,1.3565899390987666,7.5,-1.116867628E-005,3.255648336E-008,3.758687323E-007,-1.097508446E-005,6.424894913E-008,-7.919912510E-006,1.923586221E-006,-3.880919218E-004,-1.941011081E-004,-1.806920857E-004
C150-A,table_vii_150,A+,0.0001,0.01,12,-0.23304976709451292,1.3565984769197534,-0.23305306541164514,1.3565899390987666,7.6000000000000005,-1.158742465E-005,3.609864004E-008,1.047716002E-007,-8.804604033E-006,2.918668911E-008,-8.836014987E-006,2.063169300E-006,-3.279176393E-004,-1.640148062E-004,-2.005545879E-004
C150-A,table_vii_150,A+,0.0001,0.01,12,-0.23304976709451292,1.3565984769197534,-0.23305306541164514,1.3565899390987666,7.7,-1.177295235E-005,3.881258242E-008,-1.559159276E-007,-6.570247676E-006,-4.818714715E-009,-9.547107484E-006,2.158273304E-006,-2.644198887E-004,-1.322674569E-004,-2.158060265E-004
C150-A,table_vii_150,A+,0.0001,0.01,12,-0.23304976709451292,1.3565984769197534,-0.23305306541164514,1.3565899390987666,7.8,-1.173218651E-005,4.068649335E-008,-4.018548804E-007,-4.315937527E-006,-3.719538834E-008,-1.004936150E-005,2.209162426E-006,-1.989089973E-004,-9.951653204E-005,-2.263703181E-004
C150-A,table_vii_150,A+,0.0001,0.01,12,-0.23304976709451292,1.3565984769197534,-0.23305306541164514,1.3565899390987666,7.9,-1.147661147E-005,4.172285688E-008,-6.292238596E-007,-2.084439337E-006,-6.740091717E-008,-1.034300063E-005,2.216906615E-006,-1.327171855E-004,-6.641711938E-005,-2.322737611E-004
C150-A,table_vii_150,A+,0.0001,0.01,12,-0.23304976709451292,1.3565984769197534,-0.23305306541164514,1.3565899390987666,8,-1.102061643E-005,4.194002155E-008,-8.346001382E-007,8.355050149E-008,-9.496928920E-008,-1.043210085E-005,2.183326694E-006,-6.708702239E-005,-3.360370370E-005,-2.336144658E-004
C150-A,table_vii_150,A+,0.0001,0.01,12,-0.23304976709451292,1.3565984769197534,-0.23305306541164514,1.3565899390987666,8.1,-1.038158088E-005,4.137032832E-008,-1.015186375E-006,2.151588271E-006,-1.195392734E-007,-1.032433633E-005,2.110924563E-006,-3.197631059E-006,-1.658469182E-006,-2.305754755E-004
C150-A,table_vii_150,A+,0.0001,0.01,12,-0.23304976709451292,1.3565984769197534,-0.23305306541164514,1.3565899390987666,8.2,-9.579806004E-006,4.006010644E-008,-1.168803133E-006,4.085484479E-006,-1.407695045E-007,-1.003067182E-005,2.002808213E-006,5.784227278E-005,2.885963711E-005,-2.234130315E-004
C150-A,table_vii_150,A+,0.0001,0.01,12,-0.23304976709451292,1.3565984769197534,-0.23305306541164514,1.3565899390987666,8.3,-8.637462378E-006,3.806909462E-008,-1.293758343E-006,5.855991833E-006,-1.584497993E-007,-9.564984907E-006,1.862603435E-006,1.150357803E-004,5.745740062E-005,-2.124480281E-004
C150-A,table_vii_150,A+,0.0001,0.01,12,-0.23304976709451292,1.3565984769197534,-0.23305306541164514,1.3565899390987666,8.4,-7.578431557E-006,3.546587210E-008,-1.389116316E-006,7.437476755E-006,-1.723884116E-007,-8.943722692E-006,1.694366299E-006,1.674988031E-004,8.368839180E-005,-1.980558331E-004
C150-A,table_vii_150,A+,0.0001,0.01,12,-0.23304976709451292,1.3565984769197534,-0.23305306541164514,1.3565899390987666,8.5,-6.427582403E-006,3.232602292E-008,-1.454467628E-006,8.809365766E-006,-1.825004094E-007,-8.185455574E-006,1.502482487E-006,2.144777278E-004,1.071763432E-004,-1.806583764E-004
C150-A,table_vii_150,A+,0.0001,0.01,12,-0.23304976709451292,1.3565984769197534,-0.23305306541164514,1.3565899390987666,8.6,-5.210380622E-006,2.873036854E-008,-1.489932639E-006,9.955871315E-006,-1.887804922E-007,-7.310474209E-006,1.291578703E-006,2.553552587E-004,1.276123500E-004,-1.607144716E-004
C150-A,table_vii_150,A+,0.0001,0.01,12,-0.23304976709451292,1.3565984769197534,-0.23305306541164514,1.3565899390987666,8.7000000000000011,-3.952197458E-006,2.476867933E-008,-1.496252761E-006,1.086638931E-005,-1.912914901E-007,-6.340227414E-006,1.066417540E-006,2.896598565E-004,1.447628533E-004,-1.387072206E-004
C150-A,table_vii_150,A+,0.0001,0.01,12,-0.23304976709451292,1.3565984769197534,-0.23305306541164514,1.3565899390987666,8.8,-2.678402467E-006,2.053071555E-008,-1.474614633E-006,1.153452757E-005,-1.901541673E-007,-5.296990686E-006,8.318104269E-007,3.170414800E-004,1.584552066E-004,-1.151410506E-004
C150-A,table_vii_150,A+,0.0001,0.01,12,-0.23304976709451292,1.3565984769197534,-0.23305306541164514,1.3565899390987666,8.9,-1.413001345E-006,1.610733106E-008,-1.426725536E-006,1.195912528E-005,-1.855540756E-007,-4.203371297E-006,5.925234377E-007,3.373269017E-004,1.685967526E-004,-9.051798747E-005
C150-A,table_vii_150,A+,0.0001,0.01,12,-0.23304976709451292,1.3565984769197534,-0.23305306541164514,1.3565899390987666,9,-1.791310052E-007,1.158816610E-008,-1.354668045E-006,1.214342840E-005,-1.777317798E-007,-3.081875161E-006,3.531905520E-007,3.504548683E-004,1.751614049E-004,-6.534407906E-005
C150-A,table_vii_150,A+,0.0001,0.01,12,-0.23304976709451292,1.3565984769197534,-0.23305306541164514,1.3565899390987666,9.1,1.001721889E-006,7.060547609E-009,-1.260842906E-006,1.209445200E-005,-1.669660533E-007,-1.954513164E-006,1.182386255E-007,3.565043260E-004,1.781827366E-004,-4.010950507E-005
C150-A,table_vii_150,A+,0.0001,0.01,12,-0.23304976709451292,1.3565984769197534,-0.23305306541164514,1.3565899390987666,9.2000000000000011,2.110368504E-006,2.608496816E-009,-1.148001119E-006,1.182454818E-005,-1.536157190E-007,-8.423826854E-007,-1.081907003E-007,3.556959203E-004,1.777789836E-004,-1.528293671E-005
C150-A,table_vii_150,A+,0.0001,0.01,12,-0.23304976709451292,1.3565984769197534,-0.23305306541164514,1.3565899390987666,9.3,3.129484025E-006,-1.688978831E-009,-1.019087011E-006,1.134828305E-005,-1.380272063E-007,2.346619418E-007,-3.223013317E-007,3.483493446E-004,1.741061552E-004,8.695222175E-006
C150-A,table_vii_150,A+,0.0001,0.01,12,-0.23304976709451292,1.3565984769197534,-0.23305306541164514,1.3565899390987666,9.4,4.044391519E-006,-5.760497394E-009,-8.772322733E-007,1.068411876E-005,-1.205978743E-007,1.258312460E-006,-5.206994179E-007,3.349057282E-004,1.673850632E-004,3.142083137E-005
C150-A,table_vii_150,A+,0.0001,0.01,12,-0.23304976709451292,1.3565984769197534,-0.23305306541164514,1.3565899390987666,9.5,4.842864797E-006,-9.540516197E-009,-7.255981462E-007,9.852600567E-006,-1.017331183E-007,2.212085707E-006,-7.004333089E-007,3.158854944E-004,1.578743782E-004,5.253105518E-005
C150-A,table_vii_150,A+,0.0001,0.01,12,-0.23304976709451292,1.3565984769197534,-0.23305306541164514,1.3565899390987666,9.6,5.515501967E-006,-1.297310339E-008,-5.674808767E-007,8.876844527E-006,-8.184198990E-008,3.081529415E-006,-8.590310428E-007,2.918985967E-004,1.458789186E-004,7.170978317E-005
C150-A,table_vii_150,A+,0.0001,0.01,12,-0.23304976709451292,1.3565984769197534,-0.23305306541164514,1.3565899390987666,9.7000000000000011,6.055515162E-006,-1.600922639E-008,-4.060198339E-007,7.781513716E-006,-6.135597614E-008,3.854417378E-006,-9.945212469E-007,2.636078128E-004,1.317341727E-004,8.868834720E-005
C150-A,table_vii_150,A+,0.0001,0.01,12,-0.23304976709451292,1.3565984769197534,-0.23305306541164514,1.3565899390987666,9.8,6.459047732E-006,-1.861058651E-008,-2.444216253E-007,6.592291892E-006,-4.066840003E-008,4.520859263E-006,-1.105450628E-006,2.317380122E-004,1.157996110E-004,1.032549722E-004
C150-A,table_vii_150,A+,0.0001,0.01,12,-0.23304976709451292,1.3565984769197534,-0.23305306541164514,1.3565899390987666,9.9,6.724695684E-006,-2.074885666E-008,-8.565367802E-008,5.334978917E-006,-2.015736987E-008,5.073366696E-006,-1.190883641E-006,1.970336885E-004,9.844409940E-005,1.152491852E-004
C150-A,table_vii_150,A+,0.0001,0.01,12,-0.23304976709451292,1.3565984769197534,-0.23305306541164514,1.3565899390987666,10,6.854146650E-006,-2.240631512E-008,6.743019698E-008,4.036880401E-006,-2.211202714E-010,5.506940823E-006,-1.250409181E-006,1.602818669E-004,8.006821014E-005,1.245682597E-004
C150-A,table_vii_150,A+,0.0001,0.01,12,-0.23304976709451292,1.3565984769197534,-0.23305306541164514,1.3565899390987666,10.1,6.850970283E-006,-2.357367079E-008,2.123241390E-007,2.722927955E-006,1.881925351E-008,5.818980830E-006,-1.284105097E-006,1.222414958E-004,6.104390633E-005,1.311613830E-004
C150-A,table_vii_150,A+,0.0001,0.01,12,-0.23304976709451292,1.3565984769197534,-0.23305306541164514,1.3565899390987666,10.200000000000001,6.721320015E-006,-2.425181571E-008,3.466536381E-007,1.418672079E-006,3.664545760E-008,6.009248325E-006,-1.292524084E-006,8.367749280E-005,4.176043793E-005,1.350292118E-004
C150-A,table_vii_150,A+,0.0001,0.01,12,-0.23304976709451292,1.3565984769197534,-0.23305306541164514,1.3565899390987666,10.3,6.473252758E-006,-2.445127227E-008,4.684934212E-007,1.474499012E-007,5.298320991E-008,6.079775399E-006,-1.276664221E-006,4.532023883E-005,2.258093554E-005,1.362239403E-004
C150-A,table_vii_150,A+,0.0001,0.01,12,-0.23304976709451292,1.3565984769197534,-0.23305306541164514,1.3565899390987666,10.4,6.116849704E-006,-2.419003138E-008,5.761033893E-007,-1.068559483E-006,6.760050804E-008,6.034702553E-006,-1.237921639E-006,7.876143314E-006,3.858208689E-006,1.348464643E-004
C150-A,table_vii_150,A+,0.0001,0.01,12,-0.23304976709451292,1.3565984769197534,-0.23305306541164514,1.3565899390987666,10.5,5.663648276E-006,-2.349406172E-008,6.681575094E-007,-2.209371929E-006,8.030251725E-008,5.880139746E-006,-1.178057551E-006,-2.800327928E-005,-1.408210883E-005,1.310396126E-004
C150-A,table_vii_150,A+,0.0001,0.01,12,-0.23304976709451292,1.3565984769197534,-0.23305306541164514,1.3565899390987666,10.6,5.126362126E-006,-2.239589886E-008,7.436884941E-007,-3.257444104E-006,9.094225955E-008,5.623928101E-006,-1.099139422E-006,-6.173154998E-005,-3.094598584E-005,1.249834688E-004
C150-A,table_vii_150,A+,0.0001,0.01,12,-0.23304976709451292,1.3565984769197534,-0.23305306541164514,1.3565899390987666,10.700000000000001,4.518926485E-006,-2.093364670E-008,8.020052922E-007,-4.197270079E-006,9.941078614E-008,5.275449375E-006,-1.003495635E-006,-9.277376111E-005,-4.646498794E-005,1.168942978E-004
C150-A,table_vii_150,A+,0.0001,0.01,12,-0.23304976709451292,1.3565984769197534,-0.23305306541164514,1.3565899390987666,10.8,3.855602282E-006,-1.915082157E-008,8.428890483E-007,-5.016873935E-006,1.056535116E-007,4.845342154E-006,-8.936548632E-007,-1.206864744E-004,-6.042081629E-005,1.070131611E-004
C150-A,table_vii_150,A+,0.0001,0.01,12,-0.23304976709451292,1.3565984769197534,-0.23305306541164514,1.3565899390987666,10.9,3.151147374E-006,-1.709489783E-008,8.663154006E-007,-5.706620444E-006,1.096709174E-007,4.345262632E-006,-7.722910609E-007,-1.450987257E-004,-7.262741984E-005,9.560348389E-005
C150-A,table_vii_150,A+,0.0001,0.01,12,-0.23304976709451292,1.3565984769197534,-0.23305306541164514,1.3565899390987666,11,2.420555986E-006,-1.481799853E-008,8.725824380E-007,-6.259412807E-006,1.114958977E-007,3.787641438E-006,-6.421758697E-007,-1.657135783E-004,-8.293470935E-005,8.294656018E-005
C150-A,table_vii_150,A+,0.0001,0.01,12,-0.23304976709451292,1.3565984769197534,-0.23305306541164514,1.3565899390987666,11.1,1.678498938E-006,-1.237337006E-008,8.625268042E-007,-6.671323253E-006,1.111577793E-007,3.185400351E-006,-5.061142555E-007,-1.823230571E-004,-9.123951587E-005,6.933291186E-005
C150-A,table_vii_150,A+,0.0001,0.01,12,-0.23304976709451292,1.3565984769197534,-0.23305306541164514,1.3565899390987666,11.200000000000001,9.393027367E-007,-9.810028917E-009,8.370072273E-007,-6.940929101E-006,1.087670513E-007,2.551711844E-006,-3.668849292E-007,-1.947999174E-004,-9.747595960E-005,5.505846035E-005
C150-A,table_vii_150,A+,0.0001,0.01,12,-0.23304976709451292,1.3565984769197534,-0.23305306541164514,1.3565899390987666,11.3,2.163260371E-007,-7.180163983E-009,7.972040763E-007,-7.070325915E-006,1.044831424E-007,1.899720448E-006,-2.272041103E-007,-2.031098904E-004,-1.016322404E-004,4.041651140E-005
C150-A,table_vii_150,A+,0.0001,0.01,12,-0.23304976709451292,1.3565984769197534,-0.23305306541164514,1.3565899390987666,11.4,-4.777038143E-007,-4.535631453E-009,7.444463503E-007,-7.063005034E-006,9.846358263E-008,1.242304597E-006,-8.967365719E-008,-2.072826377E-004,-1.037186229E-004,2.569404687E-005
C150-A,table_vii_150,A+,0.0001,0.01,12,-0.23304976709451292,1.3565984769197534,-0.23305306541164514,1.3565899390987666,11.5,-1.131313225E-006,-1.927452586E-009,6.803183755E-007,-6.925581252E-006,9.090549873E-008,5.918546599E-007,4.326015429E-008,-2.074316404E-004,-1.037946165E-004,1.116738746E-005
C150-A,table_vii_150,A+,0.0001,0.01,12,-0.23304976709451292,1.3565984769197534,-0.23305306541164514,1.3565899390987666,11.6,-1.734293354E-006,5.976739742E-010,6.065293573E-007,-6.666531521E-006,8.201853334E-008,-3.992565799E-008,1.693496453E-007,-2.037390649E-004,-1.019506411E-004,-2.904488101E-006
C150-A,table_vii_150,A+,0.0001,0.01,12,-0.23304976709451292,1.3565984769197534,-0.23305306541164514,1.3565899390987666,11.700000000000001,-2.277714226E-006,2.996452358E-009,5.248744535E-007,-6.295962333E-006,7.202010588E-008,-6.422150469E-007,2.865761321E-007,-1.964422198E-004,-9.830472272E-005,-1.628139641E-005
C150-A,table_vii_150,A+,0.0001,0.01,12,-0.23304976709451292,1.3565984769197534,-0.23305306541164514,1.3565899390987666,11.8,-2.754282418E-006,5.229664117E-009,4.372287233E-007,-5.825730049E-006,6.114177138E-008,-1.205213193E-006,3.931724993E-007,-1.858441682E-004,-9.300537411E-005,-2.874892999E-005
C150-A,table_vii_150,A+,0.0001,0.01,12,-0.23304976709451292,1.3565984769197534,-0.23305306541164514,1.3565899390987666,11.9,-3.158253819E-006,7.264585940E-009,3.455050248E-007,-5.269256099E-006,4.962910719E-008,-1.720288833E-006,4.876524204E-007,-1.722924293E-004,-8.622869796E-005,-4.011750389E-005
C150-A,table_vii_150,A+,0.0001,0.01,12,-0.23304976709451292,1.3565984769197534,-0.23305306541164514,1.3565899390987666,12,-3.485408791E-006,9.072174102E-009,2.515531642E-007,-4.640785679E-006,3.772978886E-008,-2.180114975E-006,5.688228538E-007,-1.561669140E-004,-7.816752722E-005,-5.022560721E-005
C117-C,table_vii_117,C+,0.0001,0.01,10,-0.48874079137051452,7.9629947767882,-0.48872361061925923,7.9630112540106852,0,-4.027844142E-009,-1.153193324E-006,1.000000000E-004,-1.027963087E-007,-2.383050774E-005,8.923722843E-007,-7.964627413E-007,-1.441463837E-007,5.000000000E-005,1.115933735E-019
C117-C,table_vii_117,C+,0.0001,0.01,10,-0.48874079137051452,7.9629947767882,-0.48872361061925923,7.9630112540106852,0.08,-1.044702884E-008,1.816832141E-006,7.730366449E-005,-3.769452260E-007,-2.277008164E-005,-8.332267724E-007,6.524732621E-006,3.765768497E-008,3.865183900E-005,2.860050073E-005
C117-C,table_vii_117,C+,0.0001,0.01,10,-0.48874079137051452,7.9629947767882,-0.48872361061925923,7.9630112540106852,0.16,-1.211460621E-008,3.875407833E-006,2.703903678E-005,-4.867749514E-007,-1.316622824E-005,-2.113437210E-006,1.082426654E-005,2.024228252E-007,1.351954207E-005,4.421849041E-005
C117-C,table_vii_117,C+,0.0001,0.01,10,-0.48874079137051452,7.9629947767882,-0.48872361061925923,7.9630112540106852,0.24,-8.843215965E-009,4.311494351E-006,-2.968463782E-005,-4.038395993E-007,7.013797594E-007,-2.496937517E-006,1.070115968E-005,2.843806328E-007,-1.484228385E-005,4.191584937E-005
C117-C,table_vii_117,C+,0.0001,0.01,10,-0.48874079137051452,7.9629947767882,-0.48872361061925923,7.9630112540106852,0.32,-2.491484977E-009,3.081982823E-006,-7.089989305E-005,-1.750804940E-007,1.326029151E-005,-1.905949606E-006,6.534696023E-006,2.477356134E-007,-3.544992781E-005,2.391254304E-005
C117-C,table_vii_117,C+,0.0001,0.01,10,-0.48874079137051452,7.9629947767882,-0.48872361061925923,7.9630112540106852,0.4,4.537820453E-009,7.777815562E-007,-8.216460284E-005,1.033128860E-007,1.985274581E-005,-6.375934152E-007,2.068810300E-007,1.262682190E-007,-4.108229724E-005,-1.792443970E-006
C117-C,table_vii_117,C+,0.0001,0.01,10,-0.48874079137051452,7.9629947767882,-0.48872361061925923,7.9630112540106852,0.48,9.571724552E-009,-1.647652226E-006,-6.146561993E-005,3.221478338E-007,1.843092584E-005,7.768564209E-007,-5.723316063E-006,-2.837924740E-008,-3.073281205E-005,-2.488511110E-005
C117-C,table_vii_117,C+,0.0001,0.01,10,-0.48874079137051452,7.9629947767882,-0.48872361061925923,7.9630112540106852,0.56,1.109894510E-008,-3.266667360E-006,-1.904606703E-005,4.037820874E-007,1.013609706E-005,1.790784468E-006,-9.039992041E-006,-1.504062084E-007,-9.523023981E-006,-3.681655589E-005
C117-C,table_vii_117,C+,0.0001,0.01,10,-0.48874079137051452,7.9629947767882,-0.48872361061925923,7.9630112540106852,0.64,8.660204748E-009,-3.526788146E-006,2.739558904E-005,3.263340233E-007,-1.373415982E-006,2.050358649E-006,-8.683685157E-006,-2.073121550E-007,1.369780759E-005,-3.390779669E-005
C117-C,table_vii_117,C+,0.0001,0.01,10,-0.48874079137051452,7.9629947767882,-0.48872361061925923,7.9630112540106852,0.72,3.331608017E-009,-2.431721293E-006,5.996898368E-005,1.305635119E-007,-1.149705492E-005,1.513999689E-006,-5.065613417E-006,-1.883544201E-007,2.998449260E-005,-1.837669351E-005
C117-C,table_vii_117,C+,0.0001,0.01,10,-0.48874079137051452,7.9629947767882,-0.48872361061925923,7.9630112540106852,0.8,-2.451054845E-009,-4.981131686E-007,6.738153857E-005,-9.944269837E-008,-1.650518956E-005,4.447107851E-007,1.986829766E-007,-1.005994363E-007,3.369076181E-005,2.945577462E-006
C117-C,table_vii_117,C+,0.0001,0.01,10,-0.48874079137051452,7.9629947767882,-0.48872361061925923,7.9630112540106852,0.88,-6.936427113E-009,1.478688730E-006,4.871860500E-005,-2.763510701E-007,-1.488594903E-005,-7.125053933E-007,4.991746908E-006,-1.022499418E-009,2.435925997E-005,2.154847012E-005
C117-C,table_vii_117,C+,0.0001,0.01,10,-0.48874079137051452,7.9629947767882,-0.48872361061925923,7.9630112540106852,0.96,-7.721804376E-009,2.746805757E-006,1.300943360E-005,-3.326087668E-007,-7.751130296E-006,-1.512771388E-006,7.533854168E-006,1.039803124E-007,6.504697198E-006,3.059152277E-005
C117-C,table_vii_117,C+,0.0001,0.01,10,-0.48874079137051452,7.9629947767882,-0.48872361061925923,7.9630112540106852,1.04,-5.673367817E-009,2.879300093E-006,-2.494055495E-005,-2.615295758E-007,1.782469265E-006,-1.679864376E-006,7.031604968E-006,1.319929197E-007,-1.247031303E-005,2.736910413E-005
C117-C,table_vii_117,C+,0.0001,0.01,10,-0.48874079137051452,7.9629947767882,-0.48872361061925923,7.9630112540106852,1.12,-1.683737968E-009,1.911411343E-006,-5.059080999E-005,-9.735873228E-008,9.923939348E-006,-1.198206698E-006,3.904195283E-006,9.161595926E-008,-2.529545078E-005,1.402413724E-005
C117-C,table_vii_117,C+,0.0001,0.01,10,-0.48874079137051452,7.9629947767882,-0.48872361061925923,7.9630112540106852,1.2,2.872237878E-009,2.924579100E-007,-5.515243539E-005,9.191491349E-008,1.369470826E-005,-2.989937481E-007,-4.665348140E-007,1.390463922E-008,-2.757624528E-005,-3.628084417E-006
C117-C,table_vii_117,C+,0.0001,0.01,10,-0.48874079137051452,7.9629947767882,-0.48872361061925923,7.9630112540106852,1.28,6.064412444E-009,-1.315473322E-006,-3.848422291E-005,2.318392735E-007,1.199553720E-005,6.458450009E-007,-4.331825762E-006,-7.930611901E-008,-1.924212150E-005,-1.857850941E-005
C117-C,table_vii_117,C+,0.0001,0.01,10,-0.48874079137051452,7.9629947767882,-0.48872361061925923,7.9630112540106852,1.36,6.443225217E-009,-2.304277122E-006,-8.495558888E-006,2.717465592E-007,5.881401019E-006,1.275001621E-006,-6.265880478E-006,-1.596932293E-007,-4.247790557E-006,-2.536856511E-005
C117-C,table_vii_117,C+,0.0001,0.01,10,-0.48874079137051452,7.9629947767882,-0.48872361061925923,7.9630112540106852,1.44,4.440303306E-009,-2.346056343E-006,2.245480184E-005,2.065875842E-007,-2.000199782E-006,1.373942403E-006,-5.681522992E-006,-1.796216225E-007,1.122740710E-005,-2.204059093E-005
C117-C,table_vii_117,C+,0.0001,0.01,10,-0.48874079137051452,7.9629947767882,-0.48872361061925923,7.9630112540106852,1.52,9.437162440E-010,-1.496220606E-006,4.257326644E-005,6.807571232E-008,-8.531459992E-006,9.451132101E-007,-2.989483471E-006,-1.427007987E-007,2.128665260E-005,-1.061597632E-005
C117-C,table_vii_117,C+,0.0001,0.01,10,-0.48874079137051452,7.9629947767882,-0.48872361061925923,7.9630112540106852,1.6,-2.906732910E-009,-1.436776964E-007,4.505556183E-005,-8.712525763E-008,-1.134049153E-005,1.905789590E-007,6.322013586E-007,-7.580229067E-008,2.252778884E-005,3.969633601E-006
C117-C,table_vii_117,C+,0.0001,0.01,10,-0.48874079137051452,7.9629947767882,-0.48872361061925923,7.9630112540106852,1.68,-5.716490920E-009,1.161537624E-006,3.028818595E-005,-1.985558658E-007,-9.643468493E-006,-5.794500257E-007,3.742040361E-006,-4.811283816E-009,1.514407597E-005,1.595475287E-005
C117-C,table_vii_117,C+,0.0001,0.01,10,-0.48874079137051452,7.9629947767882,-0.48872361061925923,7.9630112540106852,1.76,-6.131851055E-009,1.928691108E-006,5.161316533E-006,-2.253754576E-007,-4.422069748E-006,-1.072181657E-006,5.200816557E-006,5.916234613E-008,2.580641129E-006,2.099617381E-005
C117-C,table_vii_117,C+,0.0001,0.01,10,-0.48874079137051452,7.9629947767882,-0.48872361061925923,7.9630112540106852,1.84,-4.778534846E-009,1.907727098E-006,-2.003022637E-005,-1.669299386E-007,2.081293194E-006,-1.121903899E-006,4.580271952E-006,7.075902886E-008,-1.001515000E-005,1.770691566E-005
C117-C,table_vii_117,C+,0.0001,0.01,10,-0.48874079137051452,7.9629947767882,-0.48872361061925923,7.9630112540106852,1.92,-2.052570156E-009,1.165866809E-006,-3.574118251E-005,-4.973357336E-008,7.307254046E-006,-7.431378684E-007,2.271821110E-006,4.604646620E-008,-1.787062792E-005,7.959309633E-006
C117-C,table_vii_117,C+,0.0001,0.01,10,-0.48874079137051452,7.9629947767882,-0.48872361061925923,7.9630112540106852,2,9.056922295E-010,3.828589818E-008,-3.673486200E-005,7.748078782E-008,9.372795247E-006,-1.115589975E-007,-7.233383367E-007,-8.809593055E-010,-1.836744892E-005,-4.069341581E-006
C117-C,table_vii_117,C+,0.0001,0.01,10,-0.48874079137051452,7.9629947767882,-0.48872361061925923,7.9630112540106852,2.08,2.958342113E-009,-1.018976798E-006,-2.374198295E-005,1.657196556E-007,7.733405270E-006,5.146316140E-007,-3.219258205E-006,-4.857179192E-008,-1.187098127E-005,-1.365210062E-005
C117-C,table_vii_117,C+,0.0001,0.01,10,-0.48874079137051452,7.9629947767882,-0.48872361061925923,7.9630112540106852,2.16,3.398827539E-009,-1.610815266E-006,-2.735128117E-006,1.848047850E-007,3.288618167E-006,8.986962455E-007,-4.308262577E-006,-7.689584436E-008,-1.367526495E-006,-1.734386441E-005
C117-C,table_vii_117,C+,0.0001,0.01,10,-0.48874079137051452,7.9629947767882,-0.48872361061925923,7.9630112540106852,2.24,2.187925105E-009,-1.548104421E-006,1.772740403E-005,1.322717890E-007,-2.067261429E-006,9.134018708E-007,-3.683764256E-006,-7.463279417E-008,8.863753875E-006,-1.418965297E-005
C117-C,table_vii_117,C+,0.0001,0.01,10,-0.48874079137051452,7.9629947767882,-0.48872361061925923,7.9630112540106852,2.32,-9.897779818E-011,-9.038289128E-007,2.993716156E-005,3.366807418E-008,-6.237367994E-006,5.809596179E-007,-1.711156158E-006,-4.296316547E-008,1.496863062E-005,-5.898957863E-006
C117-C,table_vii_117,C+,0.0001,0.01,10,-0.48874079137051452,7.9629947767882,-0.48872361061925923,7.9630112540106852,2.4,-2.513248110E-009,3.427192832E-008,2.989104315E-005,-7.027795758E-008,-7.731654007E-006,5.338241955E-008,7.611102582E-007,5.883975973E-009,1.494555413E-005,4.002090423E-006
C117-C,table_vii_117,C+,0.0001,0.01,10,-0.48874079137051452,7.9629947767882,-0.48872361061925923,7.9630112540106852,2.48,-4.129303718E-009,8.888300737E-007,1.852838029E-005,-1.397662088E-007,-6.185490914E-006,-4.548529166E-007,2.759183774E-006,5.408628567E-008,9.264198074E-006,1.164275041E-005
C117-C,table_vii_117,C+,0.0001,0.01,10,-0.48874079137051452,7.9629947767882,-0.48872361061925923,7.9630112540106852,2.56,-4.391085176E-009,1.342500065E-006,1.003522096E-006,-1.509218203E-007,-2.413119857E-006,-7.527255872E-007,3.562043854E-006,8.538370366E-008,5.017473558E-007,1.429945193E-005
C117-C,table_vii_117,C+,0.0001,0.01,10,-0.48874079137051452,7.9629947767882,-0.48872361061925923,7.9630112540106852,2.64,-3.295479875E-009,1.253627150E-006,-1.558316895E-005,-1.042003879E-007,1.989368537E-006,-7.432488029E-007,2.955543256E-006,9.109555776E-008,-7.791609277E-006,1.134096709E-005
C117-C,table_vii_117,C+,0.0001,0.01,10,-0.48874079137051452,7.9629947767882,-0.48872361061925923,7.9630112540106852,2.72,-1.369795374E-009,6.966784944E-007,-2.502070584E-005,-2.155914073E-008,5.307308289E-006,-4.531344645E-007,1.275382687E-006,7.290242365E-008,-1.251037499E-005,4.310079295E-006
C117-C,table_vii_117,C+,0.0001,0.01,10,-0.48874079137051452,7.9629947767882,-0.48872361061925923,7.9630112540106852,2.8000000000000003,5.995582225E-010,-8.221486496E-008,-2.427277550E-005,6.305703143E-008,6.365746260E-006,-1.335892049E-008,-7.613821025E-007,4.142350463E-008,-1.213639534E-005,-3.824216022E-006
C117-C,table_vii_117,C+,0.0001,0.01,10,-0.48874079137051452,7.9629947767882,-0.48872361061925923,7.9630112540106852,2.88,1.858558918E-009,-7.713842763E-007,-1.438876337E-005,1.174339486E-007,4.933798683E-006,3.982715996E-007,-2.356585388E-006,1.149965101E-008,-7.194369259E-006,-9.898387690E-006
C117-C,table_vii_117,C+,0.0001,0.01,10,-0.48874079137051452,7.9629947767882,-0.48872361061925923,7.9630112540106852,2.96,1.985815026E-009,-1.116583435E-006,2.009240700E-007,1.232360253E-007,1.741089658E-006,6.279868240E-007,-2.939321230E-006,-3.725915576E-009,1.004918315E-007,-1.176705074E-005
C117-C,table_vii_117,C+,0.0001,0.01,10,-0.48874079137051452,7.9629947767882,-0.48872361061925923,7.9630112540106852,3.04,1.014947015E-009,-1.012955099E-006,1.361708104E-005,8.186055146E-008,-1.870830432E-006,6.024738079E-007,-2.365058114E-006,2.328931714E-009,6.808579233E-006,-9.038856959E-006
C117-C,table_vii_117,C+,0.0001,0.01,10,-0.48874079137051452,7.9629947767882,-0.48872361061925923,7.9630112540106852,3.12,-6.090397076E-010,-5.335061105E-007,2.086715858E-005,1.250464558E-008,-4.502558141E-006,3.505916039E-007,-9.383062606E-007,2.771236041E-008,1.043361416E-005,-3.092785364E-006
C117-C,table_vii_117,C+,0.0001,0.01,10,-0.48874079137051452,7.9629947767882,-0.48872361061925923,7.9630112540106852,3.2,-2.228094223E-009,1.119230384E-007,1.966926107E-005,-5.635517464E-008,-5.231156683E-006,-1.524461206E-008,7.364880881E-007,6.334215641E-008,9.834653509E-006,3.577284178E-006
C117-C,table_vii_117,C+,0.0001,0.01,10,-0.48874079137051452,7.9629947767882,-0.48872361061925923,7.9630112540106852,3.2800000000000002,-3.228003823E-009,6.664167126E-007,1.111255524E-005,-9.869514386E-008,-3.923863706E-006,-3.479161336E-007,2.006406034E-006,9.693394531E-008,5.556283465E-006,8.390875228E-006
C117-C,table_vii_117,C+,0.0001,0.01,10,-0.48874079137051452,7.9629947767882,-0.48872361061925923,7.9630112540106852,3.36,-3.273270127E-009,9.268235194E-007,-1.008945165E-006,-1.003557485E-007,-1.228899245E-006,-5.239300008E-007,2.420974290E-006,1.178917728E-007,-5.044807429E-007,9.664682111E-006
C117-C,table_vii_117,C+,0.0001,0.01,10,-0.48874079137051452,7.9629947767882,-0.48872361061925923,7.9630112540106852,3.44,-2.419158193E-009,8.166461434E-007,-1.183657934E-005,-6.400748970E-008,1.728749893E-006,-4.884115726E-007,1.887531930E-006,1.211656695E-007,-5.918303817E-006,7.182563193E-006
C117-C,table_vii_117,C+,0.0001,0.01,10,-0.48874079137051452,7.9629947767882,-0.48872361061925923,7.9630112540106852,3.52,-1.058362495E-009,4.054845851E-007,-1.736716076E-005,-6.118703530E-009,3.809240722E-006,-2.707232453E-007,6.794072807E-007,1.088046133E-007,-8.683591192E-006,2.167033207E-006
C117-C,table_vii_117,C+,0.0001,0.01,10,-0.48874079137051452,7.9629947767882,-0.48872361061925923,7.9630112540106852,3.6,2.578022795E-010,-1.283097843E-007,-1.590460408E-005,4.981180178E-008,4.290639014E-006,3.299281705E-008,-6.951197107E-007,8.861377410E-008,-7.952302226E-006,-3.291904350E-006
C117-C,table_vii_117,C+,0.0001,0.01,10,-0.48874079137051452,7.9629947767882,-0.48872361061925923,7.9630112540106852,3.68,1.040291825E-009,-5.733598312E-007,-8.528831886E-006,8.278904025E-008,3.110923442E-006,3.012488809E-007,-1.702985946E-006,7.073947472E-008,-4.264403561E-006,-7.093549885E-006
C117-C,table_vii_117,C+,0.0001,0.01,10,-0.48874079137051452,7.9629947767882,-0.48872361061925923,7.9630112540106852,3.7600000000000002,1.028879662E-009,-7.677959238E-007,1.522074201E-006,8.169353238E-008,8.418153711E-007,4.351199227E-007,-1.990081550E-006,6.367235983E-008,7.610588934E-007,-7.922844557E-006
C117-C,table_vii_117,C+,0.0001,0.01,10,-0.48874079137051452,7.9629947767882,-0.48872361061925923,7.9630112540106852,3.84,2.917713293E-010,-6.568343329E-007,1.024053130E-005,5.009480643E-008,-1.575412002E-006,3.940186075E-007,-1.501896206E-006,7.118597978E-008,5.120291768E-006,-5.689303225E-006
C117-C,table_vii_117,C+,0.0001,0.01,10,-0.48874079137051452,7.9629947767882,-0.48872361061925923,7.9630112540106852,3.92,-8.279789215E-010,-3.054699621E-007,1.442495157E-005,1.840143912E-009,-3.214175997E-006,2.066769321E-007,-4.816279942E-007,9.117917443E-008,7.212499327E-006,-1.469189410E-006
C117-C,table_vii_117,C+,0.0001,0.01,10,-0.48874079137051452,7.9629947767882,-0.48872361061925923,7.9630112540106852,4,-1.881280756E-009,1.351488764E-007,1.283178532E-005,-4.350690767E-008,-3.512436396E-006,-4.495748931E-008,6.443147590E-007,1.169685220E-007,6.415907326E-006,2.989877155E-006
C117-C,table_vii_117,C+,0.0001,0.01,10,-0.48874079137051452,7.9629947767882,-0.48872361061925923,7.9630112540106852,4.08,-2.469521476E-009,4.914425233E-007,6.498937879E-006,-6.882928853E-008,-2.458064218E-006,-2.607497269E-007,1.441580373E-006,1.401752456E-007,3.249472336E-006,5.981234214E-006
C117-C,table_vii_117,C+,0.0001,0.01,10,-0.48874079137051452,7.9629947767882,-0.48872361061925923,7.9630112540106852,4.16,-2.419252243E-009,6.348224813E-007,-1.818758348E-006,-6.657250836E-008,-5.521068618E-007,-3.616787791E-007,1.632961600E-006,1.540243488E-007,-9.093859773E-007,6.482430958E-006
C117-C,table_vii_117,C+,0.0001,0.01,10,-0.48874079137051452,7.9629947767882,-0.48872361061925923,7.9630112540106852,4.24,-1.797360927E-009,5.270037996E-007,-8.822032921E-006,-3.900419165E-008,1.419581613E-006,-3.181603705E-007,1.191553548E-006,1.558840381E-007,-4.411026156E-006,4.490957383E-006
C117-C,table_vii_117,C+,0.0001,0.01,10,-0.48874079137051452,7.9629947767882,-0.48872361061925923,7.9630112540106852,4.32,-8.787907901E-010,2.277142643E-007,-1.195753304E-005,1.193476984E-009,2.705354649E-006,-1.575386095E-007,3.321223501E-007,1.477982323E-007,-5.978772389E-006,9.485108695E-007
C117-C,table_vii_117,C+,0.0001,0.01,10,-0.48874079137051452,7.9629947767882,-0.48872361061925923,7.9630112540106852,4.4,-3.537210802E-011,-1.352999661E-007,-1.032873746E-005,3.791985633E-008,2.869870509E-006,5.054927320E-008,-5.884129762E-007,1.354304686E-007,-5.164366920E-006,-2.686685785E-006
C117-C,table_vii_117,C+,0.0001,0.01,10,-0.48874079137051452,7.9629947767882,-0.48872361061925923,7.9630112540106852,4.48,4.112553353E-010,-4.197684124E-007,-4.910874991E-006,5.733230713E-008,1.935169918E-006,2.237254791E-007,-1.216839464E-006,1.256503879E-007,-2.455426423E-006,-5.030972913E-006
C117-C,table_vii_117,C+,0.0001,0.01,10,-0.48874079137051452,7.9629947767882,-0.48872361061925923,7.9630112540106852,4.5600000000000005,3.126570114E-010,-5.238687681E-007,1.959205909E-006,5.351991696E-008,3.379262822E-007,2.990298316E-007,-1.337138584E-006,1.238913683E-007,9.796222201E-007,-5.293657651E-006
C117-C,table_vii_117,C+,0.0001,0.01,10,-0.48874079137051452,7.9629947767882,-0.48872361061925923,7.9630112540106852,4.64,-2.521673148E-010,-4.217457967E-007,7.570557023E-006,2.981906602E-008,-1.267143044E-006,2.553078470E-007,-9.419756636E-007,1.321533887E-007,3.785301160E-006,-3.531844016E-006
C117-C,table_vii_117,C+,0.0001,0.01,10,-0.48874079137051452,7.9629947767882,-0.48872361061925923,7.9630112540106852,4.72,-1.039800593E-009,-1.675856939E-007,9.892793383E-006,-3.562347230E-009,-2.271597104E-006,1.180688166E-007,-2.197724094E-007,1.484946779E-007,4.946416504E-006,-5.650209462E-007
C117-C,table_vii_117,C+,0.0001,0.01,10,-0.48874079137051452,7.9629947767882,-0.48872361061925923,7.9630112540106852,4.8,-1.737608973E-009,1.309229054E-007,8.293871893E-006,-3.308449107E-008,-2.340219753E-006,-5.367939148E-008,5.313678597E-007,1.680839432E-007,4.146949482E-006,2.392611939E-006
C117-C,table_vii_117,C+,0.0001,0.01,10,-0.48874079137051452,7.9629947767882,-0.48872361061925923,7.9630112540106852,4.88,-2.007804187E-009,3.573955194E-007,3.674231806E-006,-4.731348312E-008,-1.517410161E-006,-1.922956159E-007,1.024803921E-006,1.885936172E-007,1.837128724E-006,4.221655223E-006
C117-C,table_vii_117,C+,0.0001,0.01,10,-0.48874079137051452,7.9629947767882,-0.48872361061925923,7.9630112540106852,4.96,-1.824094389E-009,4.314843083E-007,-1.989359580E-006,-4.269321442E-008,-1.818345233E-007,-2.477580158E-007,1.093052919E-006,1.997519803E-007,-9.946722325E-007,4.314337787E-006
C117-C,table_vii_117,C+,0.0001,0.01,10,-0.48874079137051452,7.9629947767882,-0.48872361061925923,7.9630112540106852,5.04,-1.300642871E-009,3.365938603E-007,-6.473547783E-006,-2.237095020E-008,1.122145499E-006,-2.053295509E-007,7.422531896E-007,2.008573006E-007,-3.236770086E-006,2.766170376E-006
C117-C,table_vii_117,C+,0.0001,0.01,10,-0.48874079137051452,7.9629947767882,-0.48872361061925923,7.9630112540106852,5.12,-6.225500254E-010,1.213703807E-007,-8.168864164E-006,5.175729394E-009,1.903082155E-006,-8.843686347E-008,1.367760952E-007,1.952907951E-007,-4.084427446E-006,2.868787305E-007
C117-C,table_vii_117,C+,0.0001,0.01,10,-0.48874079137051452,7.9629947767882,-0.48872361061925923,7.9630112540106852,5.2,-4.090039418E-011,-1.236275838E-007,-6.643025147E-006,2.882098005E-008,1.904563722E-006,5.305914978E-008,-4.749218563E-007,1.872023745E-007,-3.321504513E-006,-2.114563851E-006
C117-C,table_vii_117,C+,0.0001,0.01,10,-0.48874079137051452,7.9629947767882,-0.48872361061925923,7.9630112540106852,5.28,2.430072393E-010,-3.033768924E-007,-2.716197193E-006,3.996191698E-008,1.184664504E-006,1.637278751E-007,-8.607157056E-007,1.812848041E-007,-1.358085856E-006,-3.534561642E-006
C117-C,table_vii_117,C+,0.0001,0.01,10,-0.48874079137051452,7.9629947767882,-0.48872361061925923,7.9630112540106852,5.36,1.588403992E-010,-3.547135592E-007,1.943875710E-006,3.527080648E-008,7.028479302E-008,2.039848134E-007,-8.914961247E-007,1.809829655E-007,9.719540354E-007,-3.509182132E-006
C117-C,table_vii_117,C+,0.0001,0.01,10,-0.48874079137051452,7.9629947767882,-0.48872361061925923,7.9630112540106852,5.44,-2.335638627E-010,-2.678556154E-007,5.517261586E-006,1.765902016E-008,-9.868843421E-007,1.638823071E-007,-5.823113669E-007,1.872913344E-007,2.758647128E-006,-2.156759259E-006
C117-C,table_vii_117,C+,0.0001,0.01,10,-0.48874079137051452,7.9629947767882,-0.48872361061925923,7.9630112540106852,5.5200000000000005,-7.515398720E-010,-8.609141720E-008,6.732388608E-006,-5.275575067E-009,-1.590778114E-006,6.465776427E-008,-7.582292283E-008,1.985933409E-007,3.366208199E-006,-8.928681901E-008
C117-C,table_vii_117,C+,0.0001,0.01,10,-0.48874079137051452,7.9629947767882,-0.48872361061925923,7.9630112540106852,5.6000000000000005,-9.049469091E-010,1.146048581E-007,5.306565943E-006,-2.308409598E-008,-1.546831179E-006,-5.164075892E-008,4.213156057E-007,2.211177161E-007,2.653309869E-006,1.856505440E-006
C117-C,table_vii_117,C+,0.0001,0.01,10,-0.48874079137051452,7.9629947767882,-0.48872361061925923,7.9630112540106852,5.68,-8.987747907E-010,2.568050627E-007,1.978288461E-006,-3.121390427E-008,-9.203674301E-007,-1.396660620E-007,7.215385829E-007,2.331859719E-007,9.891671303E-007,2.952869189E-006
C117-C,table_vii_117,C+,0.0001,0.01,10,-0.48874079137051452,7.9629947767882,-0.48872361061925923,7.9630112540106852,5.76,-6.807237135E-010,2.910552394E-007,-1.848850148E-006,-2.689061825E-008,7.534341519E-009,-1.682188402E-007,7.259576054E-007,2.360131930E-007,-9.244121885E-007,2.848487841E-006
C117-C,table_vii_117,C+,0.0001,0.01,10,-0.48874079137051452,7.9629947767882,-0.48872361061925923,7.9630112540106852,5.84,-2.390524723E-010,2.125039804E-007,-4.687951897E-006,-1.206905437E-008,8.627910968E-007,-1.309412403E-007,4.551472795E-007,2.327000743E-007,-2.343968631E-006,1.673209838E-006
C117-C,table_vii_117,C+,0.0001,0.01,10,-0.48874079137051452,7.9629947767882,-0.48872361061925923,7.9630112540106852,5.92,2.748165862E-010,5.938496736E-008,-5.538130298E-006,6.662806737E-009,1.326970492E-006,-4.688763655E-008,3.236912172E-008,2.248351620E-007,-2.769059636E-006,-4.731461122E-008
C117-C,table_vii_117,C+,0.0001,0.01,10,-0.48874079137051452,7.9629947767882,-0.48872361061925923,7.9630112540106852,6,6.823019233E-010,-1.047065133E-007,-4.227087690E-006,2.170543885E-008,1.253719974E-006,4.860734238E-008,-3.708401392E-007,2.149247962E-007,-2.113537607E-006,-1.620515124E-006
C117-C,table_vii_117,C+,0.0001,0.01,10,-0.48874079137051452,7.9629947767882,-0.48872361061925923,7.9630112540106852,6.08,6.938669778E-010,-2.168029517E-007,-1.413791089E-006,2.680986196E-008,7.111896974E-007,1.185127613E-007,-6.032548036E-007,2.013224503E-007,-7.068992482E-007,-2.461689650E-006
C117-C,table_vii_117,C+,0.0001,0.01,10,-0.48874079137051452,7.9629947767882,-0.48872361061925923,7.9630112540106852,6.16,5.453160840E-010,-2.383626925E-007,1.723309184E-006,2.214680495E-008,-5.986814903E-008,1.382798730E-007,-5.897024410E-007,1.986437610E-007,8.616548017E-007,-2.307326930E-006
C117-C,table_vii_117,C+,0.0001,0.01,10,-0.48874079137051452,7.9629947767882,-0.48872361061925923,7.9630112540106852,6.24,2.126425425E-010,-1.680305676E-007,3.971807258E-006,9.431808105E-009,-7.502480225E-007,1.042122405E-007,-3.538170880E-007,2.007304261E-007,1.985905632E-006,-1.290770060E-006
C117-C,table_vii_117,C+,0.0001,0.01,10,-0.48874079137051452,7.9629947767882,-0.48872361061925923,7.9630112540106852,6.32,-1.818150908E-010,-3.935427045E-008,4.547013881E-006,-6.151014045E-009,-1.104564890E-006,3.325478356E-008,-1.654705484E-009,2.062143380E-007,2.273508472E-006,1.381447619E-007
C117-C,table_vii_117,C+,0.0001,0.01,10,-0.48874079137051452,7.9629947767882,-0.48872361061925923,7.9630112540106852,6.4,-4.136600507E-010,9.454644363E-008,3.356950437E-006,-1.776123999E-008,-1.013917110E-006,-4.494707217E-008,3.246708136E-007,2.159925998E-007,1.678481930E-006,1.407257031E-006
C117-C,table_vii_117,C+,0.0001,0.01,10,-0.48874079137051452,7.9629947767882,-0.48872361061925923,7.9630112540106852,6.48,-4.140037757E-010,1.825701343E-007,9.851173239E-007,-2.201910487E-008,-5.461090266E-007,-1.002169062E-007,5.035212407E-007,2.234302201E-007,4.925667878E-007,2.047974489E-006
C117-C,table_vii_117,C+,0.0001,0.01,10,-0.48874079137051452,7.9629947767882,-0.48872361061925923,7.9630112540106852,6.5600000000000005,-2.975760055E-010,1.948318652E-007,-1.581413040E-006,-1.791627161E-008,9.334298992E-008,-1.133683712E-007,4.782570860E-007,2.236390060E-007,-7.907025594E-007,1.864905749E-006
C117-C,table_vii_117,C+,0.0001,0.01,10,-0.48874079137051452,7.9629947767882,-0.48872361061925923,7.9630112540106852,6.6400000000000006,-3.075646682E-011,1.323866151E-007,-3.355973008E-006,-6.999926867E-009,6.493439681E-007,-8.258124227E-008,2.737987509E-007,2.200558811E-007,-1.677984438E-006,9.893535548E-007
C117-C,table_vii_117,C+,0.0001,0.01,10,-0.48874079137051452,7.9629947767882,-0.48872361061925923,7.9630112540106852,6.72,2.344803518E-010,2.450268514E-008,-3.726127958E-006,5.522960249E-009,9.176201345E-007,-2.281711671E-008,-1.894452328E-008,2.119229521E-007,-1.863065884E-006,-1.950175930E-007
C117-C,table_vii_117,C+,0.0001,0.01,10,-0.48874079137051452,7.9629947767882,-0.48872361061925923,7.9630112540106852,6.8,2.962158574E-010,-8.454666530E-008,-2.657346406E-006,1.452313018E-008,8.182226108E-007,4.109225016E-008,-2.824692080E-007,2.005108968E-007,-1.328682135E-006,-1.216463636E-006
C117-C,table_vii_117,C+,0.0001,0.01,10,-0.48874079137051452,7.9629947767882,-0.48872361061925923,7.9630112540106852,6.88,2.445575686E-010,-1.533752791E-007,-6.625618445E-007,1.733082503E-008,4.164280380E-007,8.463096156E-008,-4.191726283E-007,1.949280204E-007,-3.312890006E-007,-1.700392146E-006
C117-C,table_vii_117,C+,0.0001,0.01,10,-0.48874079137051452,7.9629947767882,-0.48872361061925923,7.9630112540106852,6.96,5.132223813E-011,-1.589411777E-007,1.433120580E-006,1.326556146E-008,-1.128506933E-007,9.283781746E-008,-3.868203805E-007,1.948332056E-007,7.165560305E-007,-1.503955745E-006
C117-C,table_vii_117,C+,0.0001,0.01,10,-0.48874079137051452,7.9629947767882,-0.48872361061925923,7.9630112540106852,7.04,-1.766526786E-010,-1.038951881E-007,2.828422631E-006,4.640035654E-009,-5.595749143E-007,6.526263164E-008,-2.103809394E-007,2.012060918E-007,1.414215653E-006,-7.527272937E-007
C117-C,table_vii_117,C+,0.0001,0.01,10,-0.48874079137051452,7.9629947767882,-0.48872361061925923,7.9630112540106852,7.12,-2.774740437E-010,-1.364230702E-008,3.047621364E-006,-4.832154413E-009,-7.607812818E-007,1.504950653E-008,3.248829727E-008,2.131243377E-007,1.523827213E-006,2.270746087E-007
C117-C,table_vii_117,C+,0.0001,0.01,10,-0.48874079137051452,7.9629947767882,-0.48872361061925923,7.9630112540106852,7.2,-3.323248066E-010,7.498977084E-008,2.096169434E-006,-1.215296574E-008,-6.587318471E-007,-3.708563075E-008,2.448136212E-007,2.211592118E-007,1.048102606E-006,1.047193664E-006
C117-C,table_vii_117,C+,0.0001,0.01,10,-0.48874079137051452,7.9629947767882,-0.48872361061925923,7.9630112540106852,7.28,-3.231323820E-010,1.285563895E-007,4.223925262E-007,-1.442809303E-008,-3.148720272E-007,-7.126234133E-008,3.484812474E-007,2.237572403E-007,2.112091534E-007,1.409040633E-006
C117-C,table_vii_117,C+,0.0001,0.01,10,-0.48874079137051452,7.9629947767882,-0.48872361061925923,7.9630112540106852,7.36,-1.895162915E-010,1.294076704E-007,-1.285458826E-006,-1.106471812E-008,1.223738667E-007,-7.588769122E-008,3.124008615E-007,2.235644274E-007,-6.427212104E-007,1.210045469E-006
C117-C,table_vii_117,C+,0.0001,0.01,10,-0.48874079137051452,7.9629947767882,-0.48872361061925923,7.9630112540106852,7.44,2.286026923E-011,8.118697363E-008,-2.378022079E-006,-3.279983889E-009,4.803860914E-007,-5.142592302E-008,1.607487754E-007,2.206864451E-007,-1.189004286E-006,5.677645749E-007
C117-C,table_vii_117,C+,0.0001,0.01,10,-0.48874079137051452,7.9629947767882,-0.48872361061925923,7.9630112540106852,7.5200000000000005,1.224500640E-010,5.847475227E-009,-2.487860861E-006,4.654141531E-009,6.295610465E-007,-9.325820900E-009,-4.034908185E-008,2.113774826E-007,-1.243933104E-006,-2.412271880E-007
C117-C,table_vii_117,C+,0.0001,0.01,10,-0.48874079137051452,7.9629947767882,-0.48872361061925923,7.9630112540106852,7.6000000000000005,1.307136899E-010,-6.604121923E-008,-1.647258586E-006,1.010476960E-008,5.290999117E-007,3.313097884E-008,-2.110199778E-007,2.035917532E-007,-8.236362595E-007,-8.980307055E-007
C117-C,table_vii_117,C+,0.0001,0.01,10,-0.48874079137051452,7.9629947767882,-0.48872361061925923,7.9630112540106852,7.68,1.055871918E-010,-1.075125803E-007,-2.460151744E-007,1.197093049E-008,2.358138977E-007,5.984780684E-008,-2.889155122E-007,2.015914902E-007,-1.230100827E-007,-1.165337077E-006
C117-C,table_vii_117,C+,0.0001,0.01,10,-0.48874079137051452,7.9629947767882,-0.48872361061925923,7.9630112540106852,7.76,-2.322919634E-012,-1.051482002E-007,1.142980726E-006,8.847880671E-009,-1.247052970E-007,6.189999196E-008,-2.515128541E-007,2.018902592E-007,5.714906359E-007,-9.712142193E-007
C117-C,table_vii_117,C+,0.0001,0.01,10,-0.48874079137051452,7.9629947767882,-0.48872361061925923,7.9630112540106852,7.84,-8.011778740E-011,-6.314076503E-008,1.994684247E-006,2.779365071E-009,-4.108891264E-007,4.035709429E-008,-1.216495144E-007,2.080643640E-007,9.973499426E-007,-4.238760540E-007
C117-C,table_vii_117,C+,0.0001,0.01,10,-0.48874079137051452,7.9629947767882,-0.48872361061925923,7.9630112540106852,7.92,-1.099061120E-010,-3.797395043E-010,2.026909301E-006,-3.696195287E-009,-5.199341542E-007,5.164784924E-009,4.454084956E-008,2.153919922E-007,1.013468365E-006,2.428307436E-007
C117-C,table_vii_117,C+,0.0001,0.01,10,-0.48874079137051452,7.9629947767882,-0.48872361061925923,7.9630112540106852,8,-1.116896436E-010,5.780555821E-008,1.289053382E-006,-8.172232439E-009,-4.238563099E-007,-2.932146522E-008,1.813872431E-007,2.195955631E-007,6.445403171E-007,7.674327679E-007
C117-C,table_vii_117,C+,0.0001,0.01,10,-0.48874079137051452,7.9629947767882,-0.48872361061925923,7.9630112540106852,8.08,-5.003704395E-011,8.972331287E-008,1.185621645E-007,-9.171852458E-009,-1.744924197E-007,-5.008725134E-008,2.392694991E-007,2.201251164E-007,5.928925942E-008,9.619516243E-007
C117-C,table_vii_117,C+,0.0001,0.01,10,-0.48874079137051452,7.9629947767882,-0.48872361061925923,7.9630112540106852,8.16,6.703264332E-011,8.526174664E-008,-1.008826925E-006,-6.280517932E-009,1.222106528E-007,-5.029408060E-008,2.022059165E-007,2.169966820E-007,-5.044115115E-007,7.775404192E-007
C117-C,table_vii_117,C+,0.0001,0.01,10,-0.48874079137051452,7.9629947767882,-0.48872361061925923,7.9630112540106852,8.24,1.377920555E-010,4.884639049E-008,-1.669391718E-006,-1.620958402E-009,3.503288041E-007,-3.141082678E-008,9.137333545E-008,2.092753562E-007,-8.347037235E-007,3.125334816E-007
C117-C,table_vii_117,C+,0.0001,0.01,10,-0.48874079137051452,7.9629947767882,-0.48872361061925923,7.9630112540106852,8.32,1.917563469E-010,-3.329652939E-009,-1.648057635E-006,3.765551530E-009,4.286229867E-007,-2.024500827E-009,-4.570909895E-008,2.024854666E-007,-8.240410521E-007,-2.358681528E-007
C117-C,table_vii_117,C+,0.0001,0.01,10,-0.48874079137051452,7.9629947767882,-0.48872361061925923,7.9630112540106852,8.4,1.995769661E-010,-5.032070972E-008,-1.004180674E-006,7.243894477E-009,3.387086993E-007,2.595680387E-008,-1.551513134E-007,1.971608299E-007,-5.021035688E-007,-6.536995762E-007
C117-C,table_vii_117,C+,0.0001,0.01,10,-0.48874079137051452,7.9629947767882,-0.48872361061925923,7.9630112540106852,8.48,1.549561868E-010,-7.472061454E-008,-2.844028482E-008,7.574301200E-009,1.272908332E-007,4.203698975E-008,-1.975849053E-007,1.951181616E-007,-1.422943180E-008,-7.925442559E-007
C117-C,table_vii_117,C+,0.0001,0.01,10,-0.48874079137051452,7.9629947767882,-0.48872361061925923,7.9630112540106852,8.56,2.167351021E-011,-6.898820539E-008,8.847176542E-007,4.857660441E-009,-1.164309302E-007,4.101567462E-008,-1.619800422E-007,1.948810109E-007,4.423517037E-007,-6.208033100E-007
C117-C,table_vii_117,C+,0.0001,0.01,10,-0.48874079137051452,7.9629947767882,-0.48872361061925923,7.9630112540106852,8.64,-6.474867864E-011,-3.755953545E-008,1.394147566E-006,1.009840843E-009,-2.977270601E-007,2.457154879E-008,-6.768698568E-008,1.991754743E-007,6.970747494E-007,-2.268640807E-007
C117-C,table_vii_117,C+,0.0001,0.01,10,-0.48874079137051452,7.9629947767882,-0.48872361061925923,7.9630112540106852,8.72,-6.616387993E-011,5.730285251E-009,1.337297311E-006,-3.252386679E-009,-3.526352752E-007,9.832802281E-011,4.516905971E-008,2.053070602E-007,6.686566992E-007,2.233719522E-007
C117-C,table_vii_117,C+,0.0001,0.01,10,-0.48874079137051452,7.9629947767882,-0.48872361061925923,7.9630112540106852,8.8,-5.756506383E-011,4.359501376E-008,7.782312206E-007,-5.991785304E-009,-2.698499386E-007,-2.253995986E-008,1.324525246E-007,2.083742174E-007,3.891247911E-007,5.551545616E-007
C117-C,table_vii_117,C+,0.0001,0.01,10,-0.48874079137051452,7.9629947767882,-0.48872361061925923,7.9630112540106852,8.88,-3.171518603E-012,6.210190079E-008,-3.350702517E-008,-5.824502165E-009,-9.109089751E-008,-3.489933153E-008,1.630286047E-007,2.082321089E-007,-1.674644646E-008,6.517399564E-007
C117-C,table_vii_117,C+,0.0001,0.01,10,-0.48874079137051452,7.9629947767882,-0.48872361061925923,7.9630112540106852,8.96,-5.305228479E-012,5.569734132E-008,-7.715213457E-007,-4.230926151E-009,1.087358228E-007,-3.307924820E-008,1.295814491E-007,2.024011110E-007,-3.857645091E-007,4.942252713E-007
C117-C,table_vii_117,C+,0.0001,0.01,10,-0.48874079137051452,7.9629947767882,-0.48872361061925923,7.9630112540106852,9.0400000000000009,-8.022721376E-012,2.868015506E-008,-1.161857161E-006,-1.194896480E-009,2.523625530E-007,-1.884511531E-008,4.959298228E-008,1.967910066E-007,-5.809387286E-007,1.613751082E-007
C117-C,table_vii_117,C+,0.0001,0.01,10,-0.48874079137051452,7.9629947767882,-0.48872361061925923,7.9630112540106852,9.120000000000001,-3.000377724E-012,-7.166751977E-009,-1.082759339E-006,2.616162495E-009,2.896025199E-007,1.484834697E-009,-4.314210489E-008,1.930959570E-007,-5.413899043E-007,-2.075497153E-007
C117-C,table_vii_117,C+,0.0001,0.01,10,-0.48874079137051452,7.9629947767882,-0.48872361061925923,7.9630112540106852,9.2000000000000011,-1.948735617E-011,-3.760317457E-008,-5.995790813E-007,4.904627239E-009,2.143776397E-007,1.976033719E-008,-1.125442309E-007,1.904927558E-007,-2.997977325E-007,-4.701274422E-007
C117-C,table_vii_117,C+,0.0001,0.01,10,-0.48874079137051452,7.9629947767882,-0.48872361061925923,7.9630112540106852,9.28,-1.581237918E-011,-5.150894695E-008,7.435004818E-008,5.286250777E-009,6.362253115E-008,2.921432401E-008,-1.340843295E-007,1.911893719E-007,3.717128052E-008,-5.349038995E-007
C117-C,table_vii_117,C+,0.0001,0.01,10,-0.48874079137051452,7.9629947767882,-0.48872361061925923,7.9630112540106852,9.36,-2.170168212E-011,-4.486116646E-008,6.694224215E-007,3.592373482E-009,-9.987974276E-008,2.693126398E-008,-1.032051092E-007,1.932442615E-007,3.347114161E-007,-3.922302984E-007
C117-C,table_vii_117,C+,0.0001,0.01,10,-0.48874079137051452,7.9629947767882,-0.48872361061925923,7.9630112540106852,9.44,-3.041844554E-012,-2.172364804E-008,9.662146152E-007,1.001890085E-009,-2.132529391E-007,1.466562748E-008,-3.554483974E-008,1.963326213E-007,4.831121534E-007,-1.117430351E-007
C117-C,table_vii_117,C+,0.0001,0.01,10,-0.48874079137051452,7.9629947767882,-0.48872361061925923,7.9630112540106852,9.52,-1.033387265E-011,7.900461338E-009,8.747456640E-007,-2.221995962E-009,-2.373238971E-007,-2.188858408E-009,4.050518077E-008,1.974381689E-007,4.373761876E-007,1.899595613E-007
C117-C,table_vii_117,C+,0.0001,0.01,10,-0.48874079137051452,7.9629947767882,-0.48872361061925923,7.9630112540106852,9.6,-8.230513493E-012,3.230468823E-008,4.589086002E-007,-4.116486034E-009,-1.697085205E-007,-1.690468105E-008,9.551349156E-008,1.975060968E-007,2.294544896E-007,3.970355552E-007
C117-C,table_vii_117,C+,0.0001,0.01,10,-0.48874079137051452,7.9629947767882,-0.48872361061925923,7.9630112540106852,9.68,-7.804437652E-012,4.263915998E-008,-9.946288835E-008,-4.202665563E-009,-4.289681928E-008,-2.406271052E-008,1.102297056E-007,1.953905553E-007,-4.973579975E-008,4.381707348E-007
C117-C,table_vii_117,C+,0.0001,0.01,10,-0.48874079137051452,7.9629947767882,-0.48872361061925923,7.9630112540106852,9.76,1.081648660E-011,3.604818652E-008,-5.781524108E-007,-2.922154574E-009,9.062427902E-008,-2.151869346E-008,8.211025571E-008,1.924610160E-007,-2.890845381E-007,3.102706737E-007
C117-C,table_vii_117,C+,0.0001,0.01,10,-0.48874079137051452,7.9629947767882,-0.48872361061925923,7.9630112540106852,9.84,5.895312016E-012,1.630063574E-008,-8.018916009E-007,-5.873540404E-010,1.797900936E-007,-1.097831991E-008,2.502615015E-008,1.897279276E-007,-4.009543112E-007,7.448076992E-008
C117-C,table_vii_117,C+,0.0001,0.01,10,-0.48874079137051452,7.9629947767882,-0.48872361061925923,7.9630112540106852,9.92,-1.231639790E-011,-8.134273724E-009,-7.051041577E-007,1.904616014E-009,1.941646542E-007,2.981133090E-009,-3.722429054E-008,1.864474939E-007,-3.525606622E-007,-1.717750031E-007
C117-C,table_vii_117,C+,0.0001,0.01,10,-0.48874079137051452,7.9629947767882,-0.48872361061925923,7.9630112540106852,10,1.852076825E-011,-2.765088508E-008,-3.485526677E-007,3.657866093E-009,1.339259205E-007,1.481329763E-008,-8.067884927E-008,1.866374646E-007,-1.742792787E-007,-3.344544268E-007
D123-E,table_vii_123,E,0.0001,0.1,2000,-0.0011118672698481648,0,-0.0011097124569554447,0,0,-7.964167957E-006,1.152346939E-007,-2.853003922E-006,1.333880899E-005,1.361694743E-006,-4.103100558E-005,-9.260482018E-005,5.363202515E-002,5.363202515E-002,0.000000000E+000
D123-E,table_vii_123,E,0.0001,0.1,2000,-0.0011118672698481648,0,-0.0011097124569554447,0,16,-7.825486517E-006,1.132477785E-007,-2.802264780E-006,1.310282697E-005,1.337599965E-006,-4.030337547E-005,-9.097477095E-005,5.268508159E-002,5.268648743E-002,0.000000000E+000
D123-E,table_vii_123,E,0.0001,0.1,2000,-0.0011118672698481648,0,-0.0011097124569554447,0,32,-7.687777251E-006,1.111919655E-007,-2.753918735E-006,1.287340358E-005,1.314158394E-006,-3.959609386E-005,-8.936598081E-005,5.175683355E-002,5.175675922E-002,0.000000000E+000
D123-E,table_vii_123,E,0.0001,0.1,2000,-0.0011118672698481648,0,-0.0011097124569554447,0,48,-7.549469307E-006,1.092617522E-007,-2.704896713E-006,1.264608621E-005,1.290775752E-006,-3.890019537E-005,-8.779254377E-005,5.084330433E-002,5.084389331E-002,0.000000000E+000
D123-E,table_vii_123,E,0.0001,0.1,2000,-0.0011118672698481648,0,-0.0011097124569554447,0,64,-7.417590531E-006,1.071869934E-007,-2.657831388E-006,1.242289565E-005,1.268275788E-006,-3.820846410E-005,-8.624705497E-005,4.994665822E-002,4.994800520E-002,0.000000000E+000
D123-E,table_vii_123,E,0.0001,0.1,2000,-0.0011118672698481648,0,-0.0011097124569554447,0,80,-7.287372652E-006,1.055422835E-007,-2.612009731E-006,1.220562566E-005,1.245966894E-006,-3.753769460E-005,-8.471934466E-005,4.906679209E-002,4.906618220E-002,0.000000000E+000
D123-E,table_vii_123,E,0.0001,0.1,2000,-0.0011118672698481648,0,-0.0011097124569554447,0,96,-7.157630403E-006,1.035408356E-007,-2.561181458E-006,1.198626364E-005,1.223398753E-006,-3.687699519E-005,-8.323004694E-005,4.819993890E-002,4.820100305E-002,0.000000000E+000
D123-E,table_vii_123,E,0.0001,0.1,2000,-0.0011118672698481648,0,-0.0011097124569554447,0,112,-7.036118322E-006,1.018536898E-007,-2.517834456E-006,1.177795507E-005,1.201669022E-006,-3.622090542E-005,-8.176166784E-005,4.735025268E-002,4.735160482E-002,0.000000000E+000
D123-E,table_vii_123,E,0.0001,0.1,2000,-0.0011118672698481648,0,-0.0011097124569554447,0,128,-6.909598616E-006,1.000016164E-007,-2.472621955E-006,1.156821336E-005,1.180871425E-006,-3.558856493E-005,-8.031432507E-005,4.651623213E-002,4.651548563E-002,0.000000000E+000
D123-E,table_vii_123,E,0.0001,0.1,2000,-0.0011118672698481648,0,-0.0011097124569554447,0,144,-6.782797923E-006,9.814410945E-008,-2.430079503E-006,1.136290845E-005,1.160158831E-006,-3.495271824E-005,-7.890956805E-005,4.569331907E-002,4.569598251E-002,0.000000000E+000
D123-E,table_vii_123,E,0.0001,0.1,2000,-0.0011118672698481648,0,-0.0011097124569554447,0,160,-6.667246961E-006,9.634604428E-008,-2.386555463E-006,1.116646007E-005,1.139462837E-006,-3.434412574E-005,-7.750901795E-005,4.488988144E-002,4.488956933E-002,0.000000000E+000
D123-E,table_vii_123,E,0.0001,0.1,2000,-0.0011118672698481648,0,-0.0011097124569554447,0,176,-6.548215010E-006,9.481664671E-008,-2.348148206E-006,1.096709762E-005,1.120189465E-006,-3.373857276E-005,-7.614416912E-005,4.409771137E-002,4.409811722E-002,0.000000000E+000
D123-E,table_vii_123,E,0.0001,0.1,2000,-0.0011118672698481648,0,-0.0011097124569554447,0,192,-6.436060992E-006,9.317789946E-008,-2.304252633E-006,1.077716140E-005,1.099391027E-006,-3.313614124E-005,-7.480183400E-005,4.331992069E-002,4.332087966E-002,0.000000000E+000
D123-E,table_vii_123,E,0.0001,0.1,2000,-0.0011118672698481648,0,-0.0011097124569554447,0,208,-6.321160354E-006,9.146319979E-008,-2.261444957E-006,1.058258987E-005,1.080119417E-006,-3.256218875E-005,-7.348125567E-005,4.255612551E-002,4.255649753E-002,0.000000000E+000
D123-E,table_vii_123,E,0.0001,0.1,2000,-0.0011118672698481648,0,-0.0011097124569554447,0,224,-6.208686832E-006,8.977998485E-008,-2.223734447E-006,1.039807032E-005,1.061366437E-006,-3.197755738E-005,-7.219034817E-005,4.180534361E-002,4.180687753E-002,0.000000000E+000
D123-E,table_vii_123,E,0.0001,0.1,2000,-0.0011118672698481648,0,-0.0011097124569554447,0,240,-6.099849632E-006,8.832621315E-008,-2.184109141E-006,1.021517722E-005,1.042413190E-006,-3.142384155E-005,-7.091250183E-005,4.106882673E-002,4.106895706E-002,0.000000000E+000
D123-E,table_vii_123,E,0.0001,0.1,2000,-0.0011118672698481648,0,-0.0011097124569554447,0,256,-5.993367213E-006,8.674873272E-008,-2.146903048E-006,1.003419171E-005,1.024431994E-006,-3.086376825E-005,-6.966397579E-005,4.034470193E-002,4.034543260E-002,0.000000000E+000
D123-E,table_vii_123,E,0.0001,0.1,2000,-0.0011118672698481648,0,-0.0011097124569554447,0,272,-5.887238097E-006,8.517152028E-008,-2.107498019E-006,9.857877604E-006,1.006145252E-006,-3.032174351E-005,-6.843471349E-005,3.963351640E-002,3.963376793E-002,0.000000000E+000
D123-E,table_vii_123,E,0.0001,0.1,2000,-0.0011118672698481648,0,-0.0011097124569554447,0,288,-5.783102969E-006,8.358776394E-008,-2.070396471E-006,9.684236569E-006,9.882627751E-007,-2.978631099E-005,-6.723176965E-005,3.893406373E-002,3.893543395E-002,0.000000000E+000
D123-E,table_vii_123,E,0.0001,0.1,2000,-0.0011118672698481648,0,-0.0011097124569554447,0,304,-5.682097979E-006,8.220751590E-008,-2.034742615E-006,9.512704177E-006,9.712690221E-007,-2.926354188E-005,-6.604056001E-005,3.824900398E-002,3.824850171E-002,0.000000000E+000
D123-E,table_vii_123,E,0.0001,0.1,2000,-0.0011118672698481648,0,-0.0011097124569554447,0,320,-5.582475095E-006,8.074730170E-008,-1.998268792E-006,9.344701646E-006,9.538402727E-007,-2.874206502E-005,-6.488056543E-005,3.757284529E-002,3.757426110E-002,0.000000000E+000
D123-E,table_vii_123,E,0.0001,0.1,2000,-0.0011118672698481648,0,-0.0011097124569554447,0,336,-5.482072517E-006,7.925662797E-008,-1.963463872E-006,9.181925389E-006,9.369716220E-007,-2.824230534E-005,-6.373688664E-005,3.691101786E-002,3.691184180E-002,0.000000000E+000
D123-E,table_vii_123,E,0.0001,0.1,2000,-0.0011118672698481648,0,-0.0011097124569554447,0,352,-5.385601518E-006,7.788228536E-008,-1.928368027E-006,9.018553162E-006,9.209081141E-007,-2.774134515E-005,-6.260887242E-005,3.626172677E-002,3.626089609E-002,0.000000000E+000
D123-E,table_vii_123,E,0.0001,0.1,2000,-0.0011118672698481648,0,-0.0011097124569554447,0,368,-5.293353226E-006,7.647259113E-008,-1.893809347E-006,8.857961184E-006,9.041786842E-007,-2.724789872E-005,-6.151197625E-005,3.562002960E-002,3.562235283E-002,0.000000000E+000
D123-E,table_vii_123,E,0.0001,0.1,2000,-0.0011118672698481648,0,-0.0011097124569554447,0,384,-5.198443844E-006,7.521146717E-008,-1.859668406E-006,8.702425688E-006,8.881481025E-007,-2.677728882E-005,-6.042469411E-005,3.499296262E-002,3.499388619E-002,0.000000000E+000
D123-E,table_vii_123,E,0.0001,0.1,2000,-0.0011118672698481648,0,-0.0011097124569554447,0,400,-5.107926593E-006,7.383979205E-008,-1.827100653E-006,8.548305294E-006,8.728279663E-007,-2.629724508E-005,-5.935852301E-005,3.437707559E-002,3.437751267E-002,0.000000000E+000
D123-E,table_vii_123,E,0.0001,0.1,2000,-0.0011118672698481648,0,-0.0011097124569554447,0,416,-5.014292085E-006,7.251651053E-008,-1.795359025E-006,8.399148163E-006,8.574211491E-007,-2.583449516E-005,-5.831118323E-005,3.377074044E-002,3.377063326E-002,0.000000000E+000
D123-E,table_vii_123,E,0.0001,0.1,2000,-0.0011118672698481648,0,-0.0011097124569554447,0,432,-4.928665174E-006,7.126063698E-008,-1.765751234E-006,8.253730534E-006,8.421446025E-007,-2.537315257E-005,-5.728620526E-005,3.317424494E-002,3.317568429E-002,0.000000000E+000
D123-E,table_vii_123,E,0.0001,0.1,2000,-0.0011118672698481648,0,-0.0011097124569554447,0,448,-4.839880267E-006,7.002626070E-008,-1.731990446E-006,8.103294496E-006,8.271208768E-007,-2.493787077E-005,-5.628074496E-005,3.258894326E-002,3.259144233E-002,0.000000000E+000
D123-E,table_vii_123,E,0.0001,0.1,2000,-0.0011118672698481648,0,-0.0011097124569554447,0,464,-4.756566079E-006,6.883072723E-008,-1.704184086E-006,7.964677154E-006,8.132406604E-007,-2.449349333E-005,-5.527421037E-005,3.201898744E-002,3.201629016E-002,0.000000000E+000
D123-E,table_vii_123,E,0.0001,0.1,2000,-0.0011118672698481648,0,-0.0011097124569554447,0,480,-4.674086555E-006,6.758744256E-008,-1.672629704E-006,7.820874329E-006,7.979130605E-007,-2.405139710E-005,-5.431939562E-005,3.144824451E-002,3.145334170E-002,0.000000000E+000
D123-E,table_vii_123,E,0.0001,0.1,2000,-0.0011118672698481648,0,-0.0011097124569554447,0,496,-4.590447744E-006,6.641049407E-008,-1.643426835E-006,7.684011030E-006,7.844335844E-007,-2.365256495E-005,-5.334970769E-005,3.089830490E-002,3.089806909E-002,0.000000000E+000
D123-E,table_vii_123,E,0.0001,0.1,2000,-0.0011118672698481648,0,-0.0011097124569554447,0,512,-4.509688538E-006,6.521291238E-008,-1.616489236E-006,7.552960154E-006,7.709415545E-007,-2.321067429E-005,-5.240829279E-005,3.035534555E-002,3.035425143E-002,0.000000000E+000
D123-E,table_vii_123,E,0.0001,0.1,2000,-0.0011118672698481648,0,-0.0011097124569554447,0,528,-4.429505833E-006,6.408935030E-008,-1.584240113E-006,7.413736315E-006,7.566984499E-007,-2.281257749E-005,-5.149280229E-005,2.981607755E-002,2.981871380E-002,0.000000000E+000
D123-E,table_vii_123,E,0.0001,0.1,2000,-0.0011118672698481648,0,-0.0011097124569554447,0,544,-4.352740557E-006,6.289172453E-008,-1.558082392E-006,7.286522441E-006,7.441187576E-007,-2.240967958E-005,-5.057415056E-005,2.929405248E-002,2.929243063E-002,0.000000000E+000
D123-E,table_vii_123,E,0.0001,0.1,2000,-0.0011118672698481648,0,-0.0011097124569554447,0,560,-4.273133176E-006,6.173663233E-008,-1.530855059E-006,7.161188767E-006,7.296960731E-007,-2.200315871E-005,-4.970205530E-005,2.877322126E-002,2.877803768E-002,0.000000000E+000
D123-E,table_vii_123,E,0.0001,0.1,2000,-0.0011118672698481648,0,-0.0011097124569554447,0,576,-4.199712392E-006,6.073802165E-008,-1.503153028E-006,7.029758844E-006,7.181312361E-007,-2.164257577E-005,-4.880971070E-005,2.827130430E-002,2.826988224E-002,0.000000000E+000
D123-E,table_vii_123,E,0.0001,0.1,2000,-0.0011118672698481648,0,-0.0011097124569554447,0,592,-4.127670174E-006,5.970440210E-008,-1.478031479E-006,6.909235389E-006,7.055510492E-007,-2.123208534E-005,-4.794612608E-005,2.777388921E-002,2.777180545E-002,0.000000000E+000
D123-E,table_vii_123,E,0.0001,0.1,2000,-0.0011118672698481648,0,-0.0011097124569554447,0,608,-4.049881424E-006,5.858649649E-008,-1.450778595E-006,6.785308372E-006,6.912606160E-007,-2.086321344E-005,-4.713410375E-005,2.727461807E-002,2.728422802E-002,0.000000000E+000
D123-E,table_vii_123,E,0.0001,0.1,2000,-0.0011118672698481648,0,-0.0011097124569554447,0,624,-3.983976656E-006,5.762699171E-008,-1.426130628E-006,6.665264939E-006,6.812943553E-007,-2.052945907E-005,-4.626919477E-005,2.680639567E-002,2.680243830E-002,0.000000000E+000
D123-E,table_vii_123,E,0.0001,0.1,2000,-0.0011118672698481648,0,-0.0011097124569554447,0,640,-3.912603541E-006,5.661964350E-008,-1.402207195E-006,6.552107822E-006,6.691230865E-007,-2.011909144E-005,-4.545685237E-005,2.633336915E-002,2.633077389E-002,0.000000000E+000
D123-E,table_vii_123,E,0.0001,0.1,2000,-0.0011118672698481648,0,-0.0011097124569554447,0,656,-3.842587865E-006,5.553146301E-008,-1.374801363E-006,6.429787551E-006,6.553637322E-007,-1.978859640E-005,-4.468652934E-005,2.585775190E-002,2.586746309E-002,0.000000000E+000
D123-E,table_vii_123,E,0.0001,0.1,2000,-0.0011118672698481648,0,-0.0011097124569554447,0,672,-3.773807407E-006,5.459893439E-008,-1.352370255E-006,6.322119863E-006,6.459925817E-007,-1.946136115E-005,-4.386189388E-005,2.541629169E-002,2.541020606E-002,0.000000000E+000
D123-E,table_vii_123,E,0.0001,0.1,2000,-0.0011118672698481648,0,-0.0011097124569554447,0,688,-3.709684245E-006,5.363397545E-008,-1.328207697E-006,6.211604537E-006,6.341433554E-007,-1.906760725E-005,-4.309929203E-005,2.496462117E-002,2.496343742E-002,0.000000000E+000
D123-E,table_vii_123,E,0.0001,0.1,2000,-0.0011118672698481648,0,-0.0011097124569554447,0,704,-3.639582071E-006,5.268452190E-008,-1.304843644E-006,6.098122309E-006,6.207755949E-007,-1.876251281E-005,-4.237467794E-005,2.451334564E-002,2.452505365E-002,0.000000000E+000
D123-E,table_vii_123,E,0.0001,0.1,2000,-0.0011118672698481648,0,-0.0011097124569554447,0,720,-3.579272587E-006,5.177579950E-008,-1.281081949E-006,5.993393330E-006,6.127284414E-007,-1.846001007E-005,-4.158090086E-005,2.409878133E-002,2.409117784E-002,0.000000000E+000
D123-E,table_vii_123,E,0.0001,0.1,2000,-0.0011118672698481648,0,-0.0011097124569554447,0,736,-3.520717107E-006,5.085753659E-008,-1.258129570E-006,5.886458948E-006,6.015558079E-007,-1.807020828E-005,-4.085597304E-005,2.367027316E-002,2.366758225E-002,0.000000000E+000
D123-E,table_vii_123,E,0.0001,0.1,2000,-0.0011118672698481648,0,-0.0011097124569554447,0,752,-3.455067637E-006,4.993227404E-008,-1.236567280E-006,5.781503577E-006,5.881619562E-007,-1.777969844E-005,-4.018352551E-005,2.323712081E-002,2.325224929E-002,0.000000000E+000
D123-E,table_vii_123,E,0.0001,0.1,2000,-0.0011118672698481648,0,-0.0011097124569554447,0,768,-3.392467392E-006,4.905415119E-008,-1.214692050E-006,5.682248569E-006,5.805646195E-007,-1.751736287E-005,-3.942373789E-005,2.284764912E-002,2.284071035E-002,0.000000000E+000
D123-E,table_vii_123,E,0.0001,0.1,2000,-0.0011118672698481648,0,-0.0011097124569554447,0,784,-3.333970688E-006,4.818757332E-008,-1.194260174E-006,5.583424693E-006,5.713473167E-007,-1.712847856E-005,-3.872360945E-005,2.244620761E-002,2.243832994E-002,0.000000000E+000
D123-E,table_vii_123,E,0.0001,0.1,2000,-0.0011118672698481648,0,-0.0011097124569554447,0,800,-3.278166975E-006,4.737217638E-008,-1.172750882E-006,5.483815854E-006,5.570552687E-007,-1.683916251E-005,-3.809966260E-005,2.202852474E-002,2.204482647E-002,0.000000000E+000
D123-E,table_vii_123,E,0.0001,0.1,2000,-0.0011118672698481648,0,-0.0011097124569554447,0,816,-3.218032139E-006,4.651041794E-008,-1.151584632E-006,5.384077959E-006,5.496080399E-007,-1.662171082E-005,-3.739431846E-005,2.165606829E-002,2.165616168E-002,0.000000000E+000
D123-E,table_vii_123,E,0.0001,0.1,2000,-0.0011118672698481648,0,-0.0011097124569554447,0,832,-3.158572257E-006,4.565112153E-008,-1.130425117E-006,5.293640407E-006,5.427689627E-007,-1.625568563E-005,-3.669762415E-005,2.128834502E-002,2.127329167E-002,0.000000000E+000
D123-E,table_vii_123,E,0.0001,0.1,2000,-0.0011118672698481648,0,-0.0011097124569554447,0,848,-3.110057780E-006,4.484818210E-008,-1.111491369E-006,5.196488677E-006,5.291234466E-007,-1.593682824E-005,-3.611091216E-005,2.088738820E-002,2.089968146E-002,0.000000000E+000
D123-E,table_vii_123,E,0.0001,0.1,2000,-0.0011118672698481648,0,-0.0011097124569554447,0,864,-3.051027458E-006,4.411920064E-008,-1.093413944E-006,5.107978799E-006,5.189195573E-007,-1.575392721E-005,-3.547996870E-005,2.052152111E-002,2.053270671E-002,0.000000000E+000
D123-E,table_vii_123,E,0.0001,0.1,2000,-0.0011118672698481648,0,-0.0011097124569554447,0,880,-2.997378473E-006,4.335279890E-008,-1.072749192E-006,5.018374998E-006,5.145735327E-007,-1.545668763E-005,-3.479326363E-005,2.018585578E-002,2.017062904E-002,0.000000000E+000
D123-E,table_vii_123,E,0.0001,0.1,2000,-0.0011118672698481648,0,-0.0011097124569554447,0,896,-2.943041285E-006,4.255425936E-008,-1.054208803E-006,4.928802996E-006,5.039011956E-007,-1.509733802E-005,-3.420841803E-005,1.981635777E-002,1.981496975E-002,0.000000000E+000
D123-E,table_vii_123,E,0.0001,0.1,2000,-0.0011118672698481648,0,-0.0011097124569554447,0,912,-2.898039820E-006,4.179052683E-008,-1.034871365E-006,4.838649719E-006,4.912050451E-007,-1.489315665E-005,-3.365414287E-005,1.944854913E-002,1.946732950E-002,0.000000000E+000
D123-E,table_vii_123,E,0.0001,0.1,2000,-0.0011118672698481648,0,-0.0011097124569554447,0,928,-2.844998291E-006,4.110570964E-008,-1.017081799E-006,4.757652461E-006,4.858032725E-007,-1.468885642E-005,-3.301483729E-005,1.912917738E-002,1.912535193E-002,0.000000000E+000
D123-E,table_vii_123,E,0.0001,0.1,2000,-0.0011118672698481648,0,-0.0011097124569554447,0,944,-2.792635522E-006,4.035219218E-008,-9.971715731E-007,4.672262929E-006,4.794646637E-007,-1.434833940E-005,-3.240727696E-005,1.880078835E-002,1.878745958E-002,0.000000000E+000
D123-E,table_vii_123,E,0.0001,0.1,2000,-0.0011118672698481648,0,-0.0011097124569554447,0,960,-2.744984343E-006,3.961469905E-008,-9.802214169E-007,4.589190380E-006,4.672290288E-007,-1.407270444E-005,-3.188857094E-005,1.844638329E-002,1.845646398E-002,0.000000000E+000
D123-E,table_vii_123,E,0.0001,0.1,2000,-0.0011118672698481648,0,-0.0011097124569554447,0,976,-2.697020264E-006,3.893691686E-008,-9.655531380E-007,4.509957249E-006,4.584718807E-007,-1.390531602E-005,-3.133266576E-005,1.812186337E-002,1.813237407E-002,0.000000000E+000
D123-E,table_vii_123,E,0.0001,0.1,2000,-0.0011118672698481648,0,-0.0011097124569554447,0,992,-2.649129499E-006,3.830445678E-008,-9.477276469E-007,4.431550152E-006,4.539938745E-007,-1.365195237E-005,-3.073095322E-005,1.782417498E-002,1.781307831E-002,0.000000000E+000
D123-E,table_vii_123,E,0.0001,0.1,2000,-0.0011118672698481648,0,-0.0011097124569554447,0,1008,-2.596506183E-006,3.757323640E-008,-9.308200027E-007,4.351968467E-006,4.446915900E-007,-1.334070285E-005,-3.021535633E-005,1.749993044E-002,1.749987315E-002,0.000000000E+000
D123-E,table_vii_123,E,0.0001,0.1,2000,-0.0011118672698481648,0,-0.0011097124569554447,0,1024,-2.557171475E-006,3.695740794E-008,-9.147395273E-007,4.275270768E-006,4.349125569E-007,-1.315372607E-005,-2.970343260E-005,1.718169451E-002,1.719107885E-002,0.000000000E+000
D123-E,table_vii_123,E,0.0001,0.1,2000,-0.0011118672698481648,0,-0.0011097124569554447,0,1040,-2.514860753E-006,3.632877248E-008,-9.002609477E-007,4.202529580E-006,4.292291798E-007,-1.294431419E-005,-2.915487389E-005,1.689121416E-002,1.688899209E-002,0.000000000E+000
D123-E,table_vii_123,E,0.0001,0.1,2000,-0.0011118672698481648,0,-0.0011097124569554447,0,1056,-2.465786685E-006,3.559732592E-008,-8.821448021E-007,4.125362112E-006,4.219366900E-007,-1.267990006E-005,-2.864527759E-005,1.659392343E-002,1.659243209E-002,0.000000000E+000
D123-E,table_vii_123,E,0.0001,0.1,2000,-0.0011118672698481648,0,-0.0011097124569554447,0,1072,-2.421254151E-006,3.500587725E-008,-8.661326771E-007,4.053466799E-006,4.132638424E-007,-1.245887868E-005,-2.815549516E-005,1.629597989E-002,1.630040302E-002,0.000000000E+000
D123-E,table_vii_123,E,0.0001,0.1,2000,-0.0011118672698481648,0,-0.0011097124569554447,0,1088,-2.376544019E-006,3.433382830E-008,-8.507849204E-007,3.982089655E-006,4.062570560E-007,-1.226397631E-005,-2.765738781E-005,1.601085041E-002,1.601330164E-002,0.000000000E+000
D123-E,table_vii_123,E,0.0001,0.1,2000,-0.0011118672698481648,0,-0.0011097124569554447,0,1104,-2.336588651E-006,3.383950894E-008,-8.372495704E-007,3.916175368E-006,4.002637906E-007,-1.203242057E-005,-2.715012805E-005,1.573729989E-002,1.573153278E-002,0.000000000E+000
D123-E,table_vii_123,E,0.0001,0.1,2000,-0.0011118672698481648,0,-0.0011097124569554447,0,1120,-2.301221889E-006,3.317111490E-008,-8.207928438E-007,3.844708360E-006,3.917924551E-007,-1.180035645E-005,-2.669532782E-005,1.545037115E-002,1.545528883E-002,0.000000000E+000
D123-E,table_vii_123,E,0.0001,0.1,2000,-0.0011118672698481648,0,-0.0011097124569554447,0,1136,-2.255584729E-006,3.259228913E-008,-8.070923393E-007,3.775317241E-006,3.850166418E-007,-1.163036981E-005,-2.622126718E-005,1.517924558E-002,1.518199555E-002,0.000000000E+000
D123-E,table_vii_123,E,0.0001,0.1,2000,-0.0011118672698481648,0,-0.0011097124569554447,0,1152,-2.219762948E-006,3.205241955E-008,-7.930725200E-007,3.711026543E-006,3.795813219E-007,-1.140942031E-005,-2.574226346E-005,1.491957588E-002,1.491519360E-002,0.000000000E+000
D123-E,table_vii_123,E,0.0001,0.1,2000,-0.0011118672698481648,0,-0.0011097124569554447,0,1168,-2.175183194E-006,3.143440149E-008,-7.790689689E-007,3.643563679E-006,3.719010801E-007,-1.119417222E-005,-2.530710659E-005,1.464926272E-002,1.465228735E-002,0.000000000E+000
D123-E,table_vii_123,E,0.0001,0.1,2000,-0.0011118672698481648,0,-0.0011097124569554447,0,1184,-2.138308424E-006,3.091901933E-008,-7.652824711E-007,3.581943892E-006,3.652030715E-007,-1.101636999E-005,-2.485646715E-005,1.439298513E-002,1.439392658E-002,0.000000000E+000
D123-E,table_vii_123,E,0.0001,0.1,2000,-0.0011118672698481648,0,-0.0011097124569554447,0,1200,-2.100899814E-006,3.031326733E-008,-7.520679746E-007,3.518571871E-006,3.591839997E-007,-1.081481094E-005,-2.441750439E-005,1.414167009E-002,1.414147020E-002,0.000000000E+000
D123-E,table_vii_123,E,0.0001,0.1,2000,-0.0011118672698481648,0,-0.0011097124569554447,0,1216,-2.064080148E-006,2.985871863E-008,-7.391068384E-007,3.455643835E-006,3.526168428E-007,-1.062917111E-005,-2.398977080E-005,1.389136141E-002,1.389236458E-002,0.000000000E+000
D123-E,table_vii_123,E,0.0001,0.1,2000,-0.0011118672698481648,0,-0.0011097124569554447,0,1232,-2.030838726E-006,2.928881906E-008,-7.263996079E-007,3.395183358E-006,3.468709768E-007,-1.043759220E-005,-2.356239000E-005,1.364874434E-002,1.364796839E-002,0.000000000E+000
D123-E,table_vii_123,E,0.0001,0.1,2000,-0.0011118672698481648,0,-0.0011097124569554447,0,1248,-1.993510430E-006,2.883170773E-008,-7.146844970E-007,3.337337898E-006,3.398599103E-007,-1.025048241E-005,-2.315920587E-005,1.340497521E-002,1.340849961E-002,0.000000000E+000
D123-E,table_vii_123,E,0.0001,0.1,2000,-0.0011118672698481648,0,-0.0011097124569554447,0,1264,-1.958452900E-006,2.831131534E-008,-7.011822252E-007,3.276216093E-006,3.343538306E-007,-1.009100405E-005,-2.274669210E-005,1.317219134E-002,1.317294502E-002,0.000000000E+000
D123-E,table_vii_123,E,0.0001,0.1,2000,-0.0011118672698481648,0,-0.0011097124569554447,0,1280,-1.922097300E-006,2.780078948E-008,-6.879043514E-007,3.218643876E-006,3.291729417E-007,-9.892392974E-006,-2.233686672E-005,1.294443325E-002,1.294108796E-002,0.000000000E+000
D123-E,table_vii_123,E,0.0001,0.1,2000,-0.0011118672698481648,0,-0.0011097124569554447,0,1296,-1.892227058E-006,2.731821852E-008,-6.765454279E-007,3.160597880E-006,3.220762870E-007,-9.710808412E-006,-2.196391068E-005,1.270788018E-002,1.271384728E-002,0.000000000E+000
D123-E,table_vii_123,E,0.0001,0.1,2000,-0.0011118672698481648,0,-0.0011097124569554447,0,1312,-1.855121242E-006,2.679585969E-008,-6.638482388E-007,3.104985037E-006,3.169667570E-007,-9.575108640E-006,-2.156790393E-005,1.248919573E-002,1.248982450E-002,0.000000000E+000
D123-E,table_vii_123,E,0.0001,0.1,2000,-0.0011118672698481648,0,-0.0011097124569554447,0,1328,-1.825185307E-006,2.638025919E-008,-6.523264810E-007,3.052020038E-006,3.125595433E-007,-9.376966282E-006,-2.117323749E-005,1.227463356E-002,1.226974526E-002,0.000000000E+000
D123-E,table_vii_123,E,0.0001,0.1,2000,-0.0011118672698481648,0,-0.0011097124569554447,0,1344,-1.794843888E-006,2.592259367E-008,-6.405405485E-007,2.998402753E-006,3.051869685E-007,-9.201050486E-006,-2.082720429E-005,1.204770333E-002,1.205431044E-002,0.000000000E+000
D123-E,table_vii_123,E,0.0001,0.1,2000,-0.0011118672698481648,0,-0.0011097124569554447,0,1360,-1.758669695E-006,2.541731879E-008,-6.298212618E-007,2.945707362E-006,2.996559924E-007,-9.081589772E-006,-2.046423723E-005,1.183781585E-002,1.184347083E-002,0.000000000E+000
D123-E,table_vii_123,E,0.0001,0.1,2000,-0.0011118672698481648,0,-0.0011097124569554447,0,1376,-1.732724299E-006,2.497335689E-008,-6.196936926E-007,2.896105153E-006,2.968771314E-007,-8.911103742E-006,-2.007028961E-005,1.164288197E-002,1.163493069E-002,0.000000000E+000
D123-E,table_vii_123,E,0.0001,0.1,2000,-0.0011118672698481648,0,-0.0011097124569554447,0,1392,-1.705271084E-006,2.457048949E-008,-6.076339200E-007,2.842428310E-006,2.900406354E-007,-8.712657465E-006,-1.973942309E-005,1.142769655E-002,1.143063848E-002,0.000000000E+000
D123-E,table_vii_123,E,0.0001,0.1,2000,-0.0011118672698481648,0,-0.0011097124569554447,0,1408,-1.668694340E-006,2.409325330E-008,-5.963915959E-007,2.790033129E-006,2.842209404E-007,-8.602419719E-006,-1.939857659E-005,1.122268779E-002,1.122784417E-002,0.000000000E+000
D123-E,table_vii_123,E,0.0001,0.1,2000,-0.0011118672698481648,0,-0.0011097124569554447,0,1424,-1.638852398E-006,2.372986589E-008,-5.861501487E-007,2.743700460E-006,2.811616934E-007,-8.444067641E-006,-1.902972633E-005,1.103620804E-002,1.102968000E-002,0.000000000E+000
D123-E,table_vii_123,E,0.0001,0.1,2000,-0.0011118672698481648,0,-0.0011097124569554447,0,1440,-1.609246473E-006,2.321518464E-008,-5.760263605E-007,2.695470760E-006,2.752564394E-007,-8.263088969E-006,-1.871411324E-005,1.083554178E-002,1.083680402E-002,0.000000000E+000
D123-E,table_vii_123,E,0.0001,0.1,2000,-0.0011118672698481648,0,-0.0011097124569554447,0,1456,-1.587493530E-006,2.287750912E-008,-5.680005989E-007,2.648688269E-006,2.687362824E-007,-8.149645307E-006,-1.840224516E-005,1.063828968E-002,1.064729310E-002,0.000000000E+000
D123-E,table_vii_123,E,0.0001,0.1,2000,-0.0011118672698481648,0,-0.0011097124569554447,0,1472,-1.554033990E-006,2.248361441E-008,-5.566308191E-007,2.602056608E-006,2.658845722E-007,-8.028786272E-006,-1.805619591E-005,1.046241428E-002,1.045996184E-002,0.000000000E+000
D123-E,table_vii_123,E,0.0001,0.1,2000,-0.0011118672698481648,0,-0.0011097124569554447,0,1488,-1.527015001E-006,2.210617810E-008,-5.462599742E-007,2.558251724E-006,2.621464872E-007,-7.843436341E-006,-1.772819651E-005,1.028284863E-002,1.027625997E-002,0.000000000E+000
D123-E,table_vii_123,E,0.0001,0.1,2000,-0.0011118672698481648,0,-0.0011097124569554447,0,1504,-1.504617052E-006,2.166196602E-008,-5.361094061E-007,2.509792165E-006,2.550837005E-007,-7.702572786E-006,-1.744967902E-005,1.008748955E-002,1.009605910E-002,0.000000000E+000
D123-E,table_vii_123,E,0.0001,0.1,2000,-0.0011118672698481648,0,-0.0011097124569554447,0,1520,-1.475056131E-006,2.129278546E-008,-5.268030312E-007,2.464912424E-006,2.515690879E-007,-7.616888467E-006,-1.712664655E-005,9.915896420E-003,9.917065493E-003,0.000000000E+000
D123-E,table_vii_123,E,0.0001,0.1,2000,-0.0011118672698481648,0,-0.0011097124569554447,0,1536,-1.445490325E-006,2.097091518E-008,-5.185366497E-007,2.425219999E-006,2.490793688E-007,-7.445594302E-006,-1.679852419E-005,9.752530120E-003,9.742311692E-003,0.000000000E+000
D123-E,table_vii_123,E,0.0001,0.1,2000,-0.0011118672698481648,0,-0.0011097124569554447,0,1552,-1.423155165E-006,2.057611022E-008,-5.085799398E-007,2.379804049E-006,2.421921760E-007,-7.284725625E-006,-1.653558650E-005,9.564951701E-003,9.570501554E-003,0.000000000E+000
D123-E,table_vii_123,E,0.0001,0.1,2000,-0.0011118672698481648,0,-0.0011097124569554447,0,1568,-1.400569364E-006,2.020416708E-008,-5.000384722E-007,2.336615127E-006,2.372241267E-007,-7.211717711E-006,-1.625349296E-005,9.394036642E-003,9.402552344E-003,0.000000000E+000
D123-E,table_vii_123,E,0.0001,0.1,2000,-0.0011118672698481648,0,-0.0011097124569554447,0,1584,-1.378170694E-006,1.990484048E-008,-4.926212772E-007,2.298675205E-006,2.351767474E-007,-7.088218123E-006,-1.594081350E-005,9.243857241E-003,9.239425703E-003,0.000000000E+000
D123-E,table_vii_123,E,0.0001,0.1,2000,-0.0011118672698481648,0,-0.0011097124569554447,0,1600,-1.350124249E-006,1.950541960E-008,-4.824314740E-007,2.256982547E-006,2.305087212E-007,-6.922652987E-006,-1.567526658E-005,9.076663469E-003,9.077785962E-003,0.000000000E+000
D123-E,table_vii_123,E,0.0001,0.1,2000,-0.0011118672698481648,0,-0.0011097124569554447,0,1616,-1.326015257E-006,1.917022286E-008,-4.741710734E-007,2.216796067E-006,2.257854317E-007,-6.825735072E-006,-1.540730006E-005,8.913834689E-003,8.917959657E-003,0.000000000E+000
D123-E,table_vii_123,E,0.0001,0.1,2000,-0.0011118672698481648,0,-0.0011097124569554447,0,1632,-1.306492474E-006,1.886368896E-008,-4.669472013E-007,2.179594230E-006,2.224776816E-007,-6.710059459E-006,-1.512353948E-005,8.761933337E-003,8.761188930E-003,0.000000000E+000
D123-E,table_vii_123,E,0.0001,0.1,2000,-0.0011118672698481648,0,-0.0011097124569554447,0,1648,-1.274050615E-006,1.847624313E-008,-4.564390088E-007,2.138096988E-006,2.187613271E-007,-6.578822035E-006,-1.485871258E-005,8.607657139E-003,8.606404710E-003,0.000000000E+000
D123-E,table_vii_123,E,0.0001,0.1,2000,-0.0011118672698481648,0,-0.0011097124569554447,0,1664,-1.258857729E-006,1.815479015E-008,-4.486708096E-007,2.100832458E-006,2.149309718E-007,-6.460624402E-006,-1.459259941E-005,8.454994831E-003,8.453873822E-003,0.000000000E+000
D123-E,table_vii_123,E,0.0001,0.1,2000,-0.0011118672698481648,0,-0.0011097124569554447,0,1680,-1.233121411E-006,1.785121689E-008,-4.409102717E-007,2.065460738E-006,2.106019066E-007,-6.343799014E-006,-1.434008645E-005,8.302828071E-003,8.303813108E-003,0.000000000E+000
D123-E,table_vii_123,E,0.0001,0.1,2000,-0.0011118672698481648,0,-0.0011097124569554447,0,1696,-1.214247136E-006,1.749212437E-008,-4.333749718E-007,2.029012930E-006,2.069441575E-007,-6.242223543E-006,-1.409004469E-005,8.156589759E-003,8.158282806E-003,0.000000000E+000
D123-E,table_vii_123,E,0.0001,0.1,2000,-0.0011118672698481648,0,-0.0011097124569554447,0,1712,-1.196600302E-006,1.722587808E-008,-4.270859454E-007,1.995223246E-006,2.033880724E-007,-6.133322924E-006,-1.384073873E-005,8.014206632E-003,8.015425131E-003,0.000000000E+000
D123-E,table_vii_123,E,0.0001,0.1,2000,-0.0011118672698481648,0,-0.0011097124569554447,0,1728,-1.173382254E-006,1.694151043E-008,-4.198355127E-007,1.959689928E-006,1.993423415E-007,-6.024664770E-006,-1.360352641E-005,7.872826548E-003,7.875734036E-003,0.000000000E+000
D123-E,table_vii_123,E,0.0001,0.1,2000,-0.0011118672698481648,0,-0.0011097124569554447,0,1744,-1.154747477E-006,1.657660356E-008,-4.125874006E-007,1.924755703E-006,1.957733825E-007,-5.926642165E-006,-1.337089620E-005,7.735176601E-003,7.739429176E-003,0.000000000E+000
D123-E,table_vii_123,E,0.0001,0.1,2000,-0.0011118672698481648,0,-0.0011097124569554447,0,1760,-1.125583356E-006,1.635004886E-008,-4.054103156E-007,1.893481199E-006,1.929394320E-007,-5.828591010E-006,-1.313244212E-005,7.604365252E-003,7.604345248E-003,0.000000000E+000
D123-E,table_vii_123,E,0.0001,0.1,2000,-0.0011118672698481648,0,-0.0011097124569554447,0,1776,-1.109998109E-006,1.602103054E-008,-3.968162743E-007,1.859107989E-006,1.901772391E-007,-5.710028666E-006,-1.289330556E-005,7.473622141E-003,7.470829948E-003,0.000000000E+000
D123-E,table_vii_123,E,0.0001,0.1,2000,-0.0011118672698481648,0,-0.0011097124569554447,0,1792,-1.087758430E-006,1.572681560E-008,-3.892130809E-007,1.821536946E-006,1.862782791E-007,-5.606833830E-006,-1.267632763E-005,7.338154118E-003,7.339580266E-003,0.000000000E+000
D123-E,table_vii_123,E,0.0001,0.1,2000,-0.0011118672698481648,0,-0.0011097124569554447,0,1808,-1.070056754E-006,1.549539711E-008,-3.831084568E-007,1.793099450E-006,1.837638187E-007,-5.514796682E-006,-1.244069098E-005,7.212146090E-003,7.208909522E-003,0.000000000E+000
D123-E,table_vii_123,E,0.0001,0.1,2000,-0.0011118672698481648,0,-0.0011097124569554447,0,1824,-1.055267110E-006,1.519742629E-008,-3.762138044E-007,1.761027147E-006,1.802663382E-007,-5.403371677E-006,-1.222104650E-005,7.082135349E-003,7.080694768E-003,0.000000000E+000
D123-E,table_vii_123,E,0.0001,0.1,2000,-0.0011118672698481648,0,-0.0011097124569554447,0,1840,-1.035161369E-006,1.494975299E-008,-3.697788792E-007,1.728485383E-006,1.763599602E-007,-5.315881644E-006,-1.201460564E-005,6.953016656E-003,6.955547955E-003,0.000000000E+000
D123-E,table_vii_123,E,0.0001,0.1,2000,-0.0011118672698481648,0,-0.0011097124569554447,0,1856,-1.013287039E-006,1.465722952E-008,-3.623143389E-007,1.699720993E-006,1.734403479E-007,-5.228957404E-006,-1.179906589E-005,6.832187465E-003,6.832356958E-003,0.000000000E+000
D123-E,table_vii_123,E,0.0001,0.1,2000,-0.0011118672698481648,0,-0.0011097124569554447,0,1872,-9.982786045E-007,1.438388060E-008,-3.566406604E-007,1.669823880E-006,1.703793279E-007,-5.133336558E-006,-1.159207860E-005,6.713510107E-003,6.713666242E-003,0.000000000E+000
D123-E,table_vii_123,E,0.0001,0.1,2000,-0.0011118672698481648,0,-0.0011097124569554447,0,1888,-9.833095893E-007,1.419073298E-008,-3.509270727E-007,1.641284169E-006,1.669493437E-007,-5.043335229E-006,-1.139675789E-005,6.593687472E-003,6.596922866E-003,0.000000000E+000
D123-E,table_vii_123,E,0.0001,0.1,2000,-0.0011118672698481648,0,-0.0011097124569554447,0,1904,-9.685628695E-007,1.391096717E-008,-3.454105993E-007,1.612138357E-006,1.640258683E-007,-4.965051735E-006,-1.120057402E-005,6.478684197E-003,6.482687638E-003,0.000000000E+000
D123-E,table_vii_123,E,0.0001,0.1,2000,-0.0011118672698481648,0,-0.0011097124569554447,0,1920,-9.532695336E-007,1.369880468E-008,-3.393745384E-007,1.586515204E-006,1.613052867E-007,-4.883948459E-006,-1.100435210E-005,6.369645412E-003,6.371701911E-003,0.000000000E+000
D123-E,table_vii_123,E,0.0001,0.1,2000,-0.0011118672698481648,0,-0.0011097124569554447,0,1936,-9.303231348E-007,1.344073404E-008,-3.324856896E-007,1.557498930E-006,1.590949308E-007,-4.793152429E-006,-1.080477187E-005,6.260303775E-003,6.259054152E-003,0.000000000E+000
D123-E,table_vii_123,E,0.0001,0.1,2000,-0.0011118672698481648,0,-0.0011097124569554447,0,1952,-9.162616241E-007,1.318275744E-008,-3.270290247E-007,1.528262772E-006,1.564142277E-007,-4.696897248E-006,-1.061427025E-005,6.150212375E-003,6.149406072E-003,0.000000000E+000
D123-E,table_vii_123,E,0.0001,0.1,2000,-0.0011118672698481648,0,-0.0011097124569554447,0,1968,-8.988707128E-007,1.295210457E-008,-3.210614382E-007,1.503960828E-006,1.528974713E-007,-4.615682539E-006,-1.043880274E-005,6.037732211E-003,6.041108644E-003,0.000000000E+000
D123-E,table_vii_123,E,0.0001,0.1,2000,-0.0011118672698481648,0,-0.0011097124569554447,0,1984,-8.789981034E-007,1.275900573E-008,-3.149358529E-007,1.474717797E-006,1.513509953E-007,-4.549274476E-006,-1.023874802E-005,5.937841997E-003,5.934049379E-003,0.000000000E+000
D123-E,table_vii_123,E,0.0001,0.1,2000,-0.0011118672698481648,0,-0.0011097124569554447,0,2000,-8.643363415E-007,1.252553773E-008,-3.094654993E-007,1.447990450E-006,1.490182785E-007,-4.440593625E-006,-1.005201898E-005,5.833286658E-003,5.828439685E-003,0.000000000E+000
D125-E,table_vii_125,E,0.0001,0.1,2000,0.0051467947719835826,0,0.005154789833224171,0,0,-9.726892585E-006,1.278866918E-007,-3.748830806E-006,1.248623789E-005,9.458572507E-007,-4.677975909E-005,-9.307138459E-005,5.207172852E-002,5.207172852E-002,0.000000000E+000
D125-E,table_vii_125,E,0.0001,0.1,2000,0.0051467947719835826,0,0.005154789833224171,0,8,-1.013754797E-005,1.332411309E-007,-3.906444976E-006,1.301093456E-005,9.855672342E-007,-4.874751494E-005,-9.698320549E-005,5.426066672E-002,5.426077363E-002,0.000000000E+000
D125-E,table_vii_125,E,0.0001,0.1,2000,0.0051467947719835826,0,0.005154789833224171,0,16,-1.056378881E-005,1.389003517E-007,-4.070690222E-006,1.355789592E-005,1.026962316E-006,-5.079710853E-005,-1.010597229E-004,5.654178146E-002,5.654177829E-002,0.000000000E+000
D125-E,table_vii_125,E,0.0001,0.1,2000,0.0051467947719835826,0,0.005154789833224171,0,24,-1.100664235E-005,1.446836593E-007,-4.242201452E-006,1.412806742E-005,1.070233364E-006,-5.293187173E-005,-1.053082542E-004,5.891896677E-002,5.891871738E-002,0.000000000E+000
D125-E,table_vii_125,E,0.0001,0.1,2000,0.0051467947719835826,0,0.005154789833224171,0,32,-1.146662308E-005,1.507858053E-007,-4.420686239E-006,1.472179685E-005,1.115404004E-006,-5.515657822E-005,-1.097352304E-004,6.139614707E-002,6.139539078E-002,0.000000000E+000
D125-E,table_vii_125,E,0.0001,0.1,2000,0.0051467947719835826,0,0.005154789833224171,0,40,-1.195209408E-005,1.571352468E-007,-4.605962043E-006,1.534034735E-005,1.162249472E-006,-5.747480599E-005,-1.143478433E-004,6.397680268E-002,6.397643024E-002,0.000000000E+000
D125-E,table_vii_125,E,0.0001,0.1,2000,0.0051467947719835826,0,0.005154789833224171,0,48,-1.245229626E-005,1.637251373E-007,-4.799757617E-006,1.598560845E-005,1.210966161E-006,-5.989050125E-005,-1.191556810E-004,6.666614923E-002,6.666581083E-002,0.000000000E+000
D125-E,table_vii_125,E,0.0001,0.1,2000,0.0051467947719835826,0,0.005154789833224171,0,56,-1.297845572E-005,1.706400740E-007,-5.001622324E-006,1.665760388E-005,1.261754879E-006,-6.240886270E-005,-1.241649329E-004,6.946831401E-002,6.946852258E-002,0.000000000E+000
D125-E,table_vii_125,E,0.0001,0.1,2000,0.0051467947719835826,0,0.005154789833224171,0,64,-1.352143588E-005,1.777935748E-007,-5.211344593E-006,1.735743497E-005,1.314954555E-006,-6.503285506E-005,-1.293846657E-004,7.238885157E-002,7.238859623E-002,0.000000000E+000
D125-E,table_vii_125,E,0.0001,0.1,2000,0.0051467947719835826,0,0.005154789833224171,0,72,-1.408984087E-005,1.852438320E-007,-5.430621394E-006,1.808729748E-005,1.370214768E-006,-6.776749845E-005,-1.348232455E-004,7.543227307E-002,7.543176495E-002,0.000000000E+000
D125-E,table_vii_125,E,0.0001,0.1,2000,0.0051467947719835826,0,0.005154789833224171,0,80,-1.468242679E-005,1.930351651E-007,-5.659459209E-006,1.884779506E-005,1.427932657E-006,-7.061595107E-005,-1.404910761E-004,7.860362158E-002,7.860300645E-002,0.000000000E+000
D125-E,table_vii_125,E,0.0001,0.1,2000,0.0051467947719835826,0,0.005154789833224171,0,88,-1.529850934E-005,2.012014356E-007,-5.897155146E-006,1.964044166E-005,1.487824414E-006,-7.358385156E-005,-1.463972999E-004,8.190809526E-002,8.190735084E-002,0.000000000E+000
D125-E,table_vii_125,E,0.0001,0.1,2000,0.0051467947719835826,0,0.005154789833224171,0,96,-1.594317345E-005,2.096162647E-007,-6.144791198E-006,2.046573016E-005,1.550370072E-006,-7.667732608E-005,-1.525521387E-004,8.535109239E-002,8.535073740E-002,0.000000000E+000
D125-E,table_vii_125,E,0.0001,0.1,2000,0.0051467947719835826,0,0.005154789833224171,0,104,-1.661474371E-005,2.184585273E-007,-6.403222937E-006,2.132605703E-005,1.615523897E-006,-7.990120323E-005,-1.589652789E-004,8.893901825E-002,8.893888654E-002,0.000000000E+000
D125-E,table_vii_125,E,0.0001,0.1,2000,0.0051467947719835826,0,0.005154789833224171,0,112,-1.731151814E-005,2.276232526E-007,-6.672173658E-006,2.222295029E-005,1.683349943E-006,-8.326020172E-005,-1.656483900E-004,9.267803238E-002,9.267772179E-002,0.000000000E+000
D125-E,table_vii_125,E,0.0001,0.1,2000,0.0051467947719835826,0,0.005154789833224171,0,120,-1.804084983E-005,2.372101436E-007,-6.952573008E-006,2.315725904E-005,1.754048402E-006,-8.676073608E-005,-1.726118803E-004,9.657407182E-002,9.657391719E-002,0.000000000E+000
D125-E,table_vii_125,E,0.0001,0.1,2000,0.0051467947719835826,0,0.005154789833224171,0,128,-1.879886644E-005,2.471806184E-007,-7.245044907E-006,2.413081066E-005,1.827817708E-006,-9.040853000E-005,-1.798682989E-004,1.006343081E-001,1.006339548E-001,0.000000000E+000
D125-E,table_vii_125,E,0.0001,0.1,2000,0.0051467947719835826,0,0.005154789833224171,0,136,-1.958910329E-005,2.575431205E-007,-7.550277331E-006,2.514478491E-005,1.905000153E-006,-9.420928859E-005,-1.874302561E-004,1.048652557E-001,1.048647762E-001,0.000000000E+000
D125-E,table_vii_125,E,0.0001,0.1,2000,0.0051467947719835826,0,0.005154789833224171,0,144,-2.041231018E-005,2.683814958E-007,-7.867371630E-006,2.620184894E-005,1.984973042E-006,-9.816970642E-005,-1.953097623E-004,1.092738131E-001,1.092732879E-001,0.000000000E+000
D125-E,table_vii_125,E,0.0001,0.1,2000,0.0051467947719835826,0,0.005154789833224171,0,152,-2.127034067E-005,2.796651739E-007,-8.197782793E-006,2.730381681E-005,2.068296052E-006,-1.022965743E-004,-2.035207933E-004,1.138677077E-001,1.138671642E-001,0.000000000E+000
D125-E,table_vii_125,E,0.0001,0.1,2000,0.0051467947719835826,0,0.005154789833224171,0,160,-2.216522014E-005,2.913895168E-007,-8.542053771E-006,2.845164239E-005,2.155115573E-006,-1.065970052E-004,-2.120772594E-004,1.186545222E-001,1.186542450E-001,0.000000000E+000
D125-E,table_vii_125,E,0.0001,0.1,2000,0.0051467947719835826,0,0.005154789833224171,0,168,-2.309660233E-005,3.036656741E-007,-8.901618146E-006,2.964765685E-005,2.245815597E-006,-1.110787762E-004,-2.209931931E-004,1.236428090E-001,1.236425040E-001,0.000000000E+000
D125-E,table_vii_125,E,0.0001,0.1,2000,0.0051467947719835826,0,0.005154789833224171,0,176,-2.406647589E-005,3.164371443E-007,-9.275799118E-006,3.089423214E-005,2.340212628E-006,-1.157486956E-004,-2.302838972E-004,1.288409353E-001,1.288404345E-001,0.000000000E+000
D125-E,table_vii_125,E,0.0001,0.1,2000,0.0051467947719835826,0,0.005154789833224171,0,184,-2.507886619E-005,3.297236954E-007,-9.666095844E-006,3.219290239E-005,2.438720905E-006,-1.206151650E-004,-2.399649585E-004,1.342575210E-001,1.342569897E-001,0.000000000E+000
D125-E,table_vii_125,E,0.0001,0.1,2000,0.0051467947719835826,0,0.005154789833224171,0,192,-2.613426835E-005,3.435973440E-007,-1.007145635E-005,3.354646112E-005,2.541031823E-006,-1.256855261E-004,-2.500528464E-004,1.399017679E-001,1.399012434E-001,0.000000000E+000
D125-E,table_vii_125,E,0.0001,0.1,2000,0.0051467947719835826,0,0.005154789833224171,0,200,-2.723398242E-005,3.580387910E-007,-1.049623929E-005,3.495601144E-005,2.648004196E-006,-1.309699285E-004,-2.605658808E-004,1.457833397E-001,1.457832315E-001,0.000000000E+000
D125-E,table_vii_125,E,0.0001,0.1,2000,0.0051467947719835826,0,0.005154789833224171,0,208,-2.837882916E-005,3.731301264E-007,-1.093736611E-005,3.642605173E-005,2.759279761E-006,-1.364785893E-004,-2.715216779E-004,1.519131776E-001,1.519129220E-001,0.000000000E+000
D125-E,table_vii_125,E,0.0001,0.1,2000,0.0051467947719835826,0,0.005154789833224171,0,216,-2.957063090E-005,3.887672974E-007,-1.139776939E-005,3.795782485E-005,2.875520533E-006,-1.422167732E-004,-2.829373772E-004,1.583004531E-001,1.582997956E-001,0.000000000E+000
D125-E,table_vii_125,E,0.0001,0.1,2000,0.0051467947719835826,0,0.005154789833224171,0,224,-3.081365483E-005,4.051442274E-007,-1.187610406E-005,3.955367995E-005,2.996216542E-006,-1.481955125E-004,-2.948322523E-004,1.649560698E-001,1.649551537E-001,0.000000000E+000
D125-E,table_vii_125,E,0.0001,0.1,2000,0.0051467947719835826,0,0.005154789833224171,0,232,-3.211100874E-005,4.221674595E-007,-1.237552137E-005,4.121671674E-005,3.122210573E-006,-1.544251607E-004,-3.072282814E-004,1.718912428E-001,1.718906125E-001,0.000000000E+000
D125-E,table_vii_125,E,0.0001,0.1,2000,0.0051467947719835826,0,0.005154789833224171,0,240,-3.346051613E-005,4.398866255E-007,-1.289624788E-005,4.294942730E-005,3.253575855E-006,-1.609173347E-004,-3.201464047E-004,1.791180707E-001,1.791176709E-001,0.000000000E+000
D125-E,table_vii_125,E,0.0001,0.1,2000,0.0051467947719835826,0,0.005154789833224171,0,248,-3.486748589E-005,4.584143913E-007,-1.343823011E-005,4.475535072E-005,3.390178524E-006,-1.676840993E-004,-3.336074397E-004,1.866488945E-001,1.866487434E-001,0.000000000E+000
D125-E,table_vii_125,E,0.0001,0.1,2000,0.0051467947719835826,0,0.005154789833224171,0,256,-3.633324361E-005,4.777170597E-007,-1.400442085E-005,4.663683772E-005,3.532907306E-006,-1.747357126E-004,-3.476342920E-004,1.944966631E-001,1.944965644E-001,0.000000000E+000
D125-E,table_vii_125,E,0.0001,0.1,2000,0.0051467947719835826,0,0.005154789833224171,0,264,-3.786184342E-005,4.977827683E-007,-1.459288559E-005,4.859812553E-005,3.681292503E-006,-1.820837845E-004,-3.622508722E-004,2.026747215E-001,2.026746040E-001,0.000000000E+000
D125-E,table_vii_125,E,0.0001,0.1,2000,0.0051467947719835826,0,0.005154789833224171,0,272,-3.945315114E-005,5.187308263E-007,-1.520581858E-005,5.064121966E-005,3.836029412E-006,-1.897406118E-004,-3.774821630E-004,2.111970450E-001,2.111965919E-001,0.000000000E+000
D125-E,table_vii_125,E,0.0001,0.1,2000,0.0051467947719835826,0,0.005154789833224171,0,280,-4.111247926E-005,5.405356358E-007,-1.584579227E-005,5.277065116E-005,3.997467555E-006,-1.977189449E-004,-3.933543392E-004,2.200775776E-001,2.200770389E-001,0.000000000E+000
D125-E,table_vii_125,E,0.0001,0.1,2000,0.0051467947719835826,0,0.005154789833224171,0,288,-4.284212403E-005,5.632513259E-007,-1.651220455E-005,5.498963690E-005,4.165492084E-006,-2.060331702E-004,-4.098947785E-004,2.293318698E-001,2.293314238E-001,0.000000000E+000
D125-E,table_vii_125,E,0.0001,0.1,2000,0.0051467947719835826,0,0.005154789833224171,0,296,-4.464355825E-005,5.869386155E-007,-1.720640080E-005,5.730146724E-005,4.340716657E-006,-2.146970681E-004,-4.271313530E-004,2.389753805E-001,2.389749861E-001,0.000000000E+000
D125-E,table_vii_125,E,0.0001,0.1,2000,0.0051467947719835826,0,0.005154789833224171,0,304,-4.652125819E-005,6.116105850E-007,-1.792998713E-005,5.971137864E-005,4.523100457E-006,-2.237258062E-004,-4.450936155E-004,2.490245159E-001,2.490244230E-001,0.000000000E+000
D125-E,table_vii_125,E,0.0001,0.1,2000,0.0051467947719835826,0,0.005154789833224171,0,312,-4.847799220E-005,6.373414782E-007,-1.868419719E-005,6.222206130E-005,4.713274919E-006,-2.331354232E-004,-4.638114714E-004,2.594965953E-001,2.594967606E-001,0.000000000E+000
D125-E,table_vii_125,E,0.0001,0.1,2000,0.0051467947719835826,0,0.005154789833224171,0,320,-5.051625075E-005,6.641619413E-007,-1.946959501E-005,6.483901149E-005,4.911272141E-006,-2.429411268E-004,-4.833169370E-004,2.704095633E-001,2.704097673E-001,0.000000000E+000
D125-E,table_vii_125,E,0.0001,0.1,2000,0.0051467947719835826,0,0.005154789833224171,0,328,-5.264080333E-005,6.920737433E-007,-2.028857077E-005,6.756594254E-005,5.117841658E-006,-2.531588998E-004,-5.036428760E-004,2.817818545E-001,2.817819863E-001,0.000000000E+000
D125-E,table_vii_125,E,0.0001,0.1,2000,0.0051467947719835826,0,0.005154789833224171,0,336,-5.485652914E-005,7.211879695E-007,-2.114178799E-005,7.040708671E-005,5.333023679E-006,-2.638091488E-004,-5.248250037E-004,2.936334593E-001,2.936336920E-001,0.000000000E+000
D125-E,table_vii_125,E,0.0001,0.1,2000,0.0051467947719835826,0,0.005154789833224171,0,344,-5.716297077E-005,7.514853525E-007,-2.203190132E-005,7.336741696E-005,5.557429349E-006,-2.749073419E-004,-5.468996869E-004,3.059842058E-001,3.059844396E-001,0.000000000E+000
D125-E,table_vii_125,E,0.0001,0.1,2000,0.0051467947719835826,0,0.005154789833224171,0,352,-5.956887336E-005,7.831568544E-007,-2.296031085E-005,7.645459644E-005,5.791227419E-006,-2.864727353E-004,-5.699024421E-004,3.188552778E-001,3.188551909E-001,0.000000000E+000
D125-E,table_vii_125,E,0.0001,0.1,2000,0.0051467947719835826,0,0.005154789833224171,0,360,-6.207467821E-005,8.161310384E-007,-2.392489396E-005,7.966929216E-005,6.034719683E-006,-2.985233719E-004,-5.938750364E-004,3.322676325E-001,3.322676782E-001,0.000000000E+000
D125-E,table_vii_125,E,0.0001,0.1,2000,0.0051467947719835826,0,0.005154789833224171,0,368,-6.468666882E-005,8.504442030E-007,-2.493169098E-005,8.302093725E-005,6.288392830E-006,-3.110822707E-004,-6.188577884E-004,3.462449649E-001,3.462453292E-001,0.000000000E+000
D125-E,table_vii_125,E,0.0001,0.1,2000,0.0051467947719835826,0,0.005154789833224171,0,376,-6.740905412E-005,8.862166489E-007,-2.598132414E-005,8.651340889E-005,6.552865502E-006,-3.241714991E-004,-6.448936802E-004,3.608110858E-001,3.608120191E-001,0.000000000E+000
D125-E,table_vii_125,E,0.0001,0.1,2000,0.0051467947719835826,0,0.005154789833224171,0,384,-7.024614729E-005,9.235233896E-007,-2.707466332E-005,9.015228066E-005,6.828342439E-006,-3.378134166E-004,-6.720267413E-004,3.759909893E-001,3.759926467E-001,0.000000000E+000
D125-E,table_vii_125,E,0.0001,0.1,2000,0.0051467947719835826,0,0.005154789833224171,0,392,-7.320330328E-005,9.624204712E-007,-2.821482498E-005,9.394523365E-005,7.115643947E-006,-3.520321148E-004,-7.003021906E-004,3.918113556E-001,3.918131426E-001,0.000000000E+000
D125-E,table_vii_125,E,0.0001,0.1,2000,0.0051467947719835826,0,0.005154789833224171,0,400,-7.628487517E-005,1.002884061E-006,-2.940291220E-005,9.789799793E-005,7.415050529E-006,-3.668494030E-004,-7.297696881E-004,4.082988666E-001,4.083006918E-001,0.000000000E+000
D125-E,table_vii_125,E,0.0001,0.1,2000,0.0051467947719835826,0,0.005154789833224171,0,408,-7.949632876E-005,1.045094629E-006,-3.064062015E-005,1.020174229E-004,7.726969578E-006,-3.822904402E-004,-7.604799583E-004,4.254816470E-001,4.254835587E-001,0.000000000E+000
D125-E,table_vii_125,E,0.0001,0.1,2000,0.0051467947719835826,0,0.005154789833224171,0,416,-8.284464232E-005,1.089121818E-006,-3.193034070E-005,1.063102532E-004,8.051854052E-006,-3.983837722E-004,-7.924863733E-004,4.433892483E-001,4.433917003E-001,0.000000000E+000
D125-E,table_vii_125,E,0.0001,0.1,2000,0.0051467947719835826,0,0.005154789833224171,0,424,-8.633272557E-005,1.134958215E-006,-3.327585452E-005,1.107841579E-004,8.390616850E-006,-4.151567385E-004,-8.258447068E-004,4.620520630E-001,4.620554541E-001,0.000000000E+000
D125-E,table_vii_125,E,0.0001,0.1,2000,0.0051467947719835826,0,0.005154789833224171,0,432,-8.996860945E-005,1.182737365E-006,-3.467731480E-005,1.154472270E-004,8.743514085E-006,-4.326400706E-004,-8.606108144E-004,4.815029248E-001,4.815071173E-001,0.000000000E+000
D125-E,table_vii_125,E,0.0001,0.1,2000,0.0051467947719835826,0,0.005154789833224171,0,440,-9.375838102E-005,1.232550014E-006,-3.613770355E-005,1.203069398E-004,9.111188052E-006,-4.508631605E-004,-8.968444200E-004,5.017755522E-001,5.017803974E-001,0.000000000E+000
D125-E,table_vii_125,E,0.0001,0.1,2000,0.0051467947719835826,0,0.005154789833224171,0,448,-9.770986161E-005,1.284502615E-006,-3.766181822E-005,1.253718565E-004,9.494769205E-006,-4.698569883E-004,-9.346081533E-004,5.229049200E-001,5.229104050E-001,0.000000000E+000
D125-E,table_vii_125,E,0.0001,0.1,2000,0.0051467947719835826,0,0.005154789833224171,0,456,-1.018272914E-004,1.338594220E-006,-3.924925418E-005,1.306507831E-004,9.894410040E-006,-4.896529489E-004,-9.739681871E-004,5.449273922E-001,5.449334131E-001,0.000000000E+000
D125-E,table_vii_125,E,0.0001,0.1,2000,0.0051467947719835826,0,0.005154789833224171,0,464,-1.061195183E-004,1.395029987E-006,-4.090412427E-005,1.361525866E-004,1.031064464E-005,-5.102881828E-004,-1.014993373E-003,5.678813179E-001,5.678883239E-001,0.000000000E+000
D125-E,table_vii_125,E,0.0001,0.1,2000,0.0051467947719835826,0,0.005154789833224171,0,472,-1.105935125E-004,1.453862539E-006,-4.262927284E-005,1.418867999E-004,1.074476254E-005,-5.317963816E-004,-1.057754516E-003,5.918060145E-001,5.918141860E-001,0.000000000E+000
D125-E,table_vii_125,E,0.0001,0.1,2000,0.0051467947719835826,0,0.005154789833224171,0,480,-1.152577191E-004,1.515098088E-006,-4.442714614E-005,1.478642740E-004,1.119699064E-005,-5.542164450E-004,-1.102325731E-003,6.167434387E-001,6.167529583E-001,0.000000000E+000
D125-E,table_vii_125,E,0.0001,0.1,2000,0.0051467947719835826,0,0.005154789833224171,0,488,-1.201216530E-004,1.578960344E-006,-4.630240590E-005,1.540938728E-004,1.166825744E-005,-5.775897441E-004,-1.148785701E-003,6.427372421E-001,6.427489048E-001,0.000000000E+000
D125-E,table_vii_125,E,0.0001,0.1,2000,0.0051467947719835826,0,0.005154789833224171,0,496,-1.251921433E-004,1.645603147E-006,-4.825659451E-005,1.605869602E-004,1.215966649E-005,-6.019566775E-004,-1.197214966E-003,6.698333243E-001,6.698469652E-001,0.000000000E+000
D125-E,table_vii_125,E,0.0001,0.1,2000,0.0051467947719835826,0,0.005154789833224171,0,504,-1.304755870E-004,1.715010394E-006,-5.029375920E-005,1.673565348E-004,1.267137637E-005,-6.273592623E-004,-1.247698196E-003,6.980792847E-001,6.980946547E-001,0.000000000E+000
D125-E,table_vii_125,E,0.0001,0.1,2000,0.0051467947719835826,0,0.005154789833224171,0,512,-1.359856561E-004,1.787469913E-006,-5.241850592E-005,1.744124769E-004,1.320503456E-005,-6.538422598E-004,-1.300323863E-003,7.275245850E-001,7.275418956E-001,0.000000000E+000
D125-E,table_vii_125,E,0.0001,0.1,2000,0.0051467947719835826,0,0.005154789833224171,0,520,-1.417312518E-004,1.862878634E-006,-5.463490026E-005,1.817683757E-004,1.376149398E-005,-6.814524630E-004,-1.355186110E-003,7.582212298E-001,7.582408117E-001,0.000000000E+000
D125-E,table_vii_125,E,0.0001,0.1,2000,0.0051467947719835826,0,0.005154789833224171,0,528,-1.477224559E-004,1.941616693E-006,-5.694487720E-005,1.894360879E-004,1.434120014E-005,-7.102393975E-004,-1.412381978E-003,7.902233042E-001,7.902458012E-001,0.000000000E+000
D125-E,table_vii_125,E,0.0001,0.1,2000,0.0051467947719835826,0,0.005154789833224171,0,536,-1.539698895E-004,2.023649724E-006,-5.935455455E-005,1.974294743E-004,1.494562737E-005,-7.402556009E-004,-1.472014206E-003,8.235875653E-001,8.236138530E-001,0.000000000E+000
D125-E,table_vii_125,E,0.0001,0.1,2000,0.0051467947719835826,0,0.005154789833224171,0,544,-1.604836149E-004,2.109225325E-006,-6.186701402E-005,2.057638596E-004,1.557530162E-005,-7.715573527E-004,-1.534189445E-003,8.583743684E-001,8.584049676E-001,0.000000000E+000
D125-E,table_vii_125,E,0.0001,0.1,2000,0.0051467947719835826,0,0.005154789833224171,0,552,-1.672788816E-004,2.198429202E-006,-6.448834377E-005,2.144528297E-004,1.623208773E-005,-8.042018712E-004,-1.599017210E-003,8.946461662E-001,8.946814513E-001,0.000000000E+000
D125-E,table_vii_125,E,0.0001,0.1,2000,0.0051467947719835826,0,0.005154789833224171,0,560,-1.743653937E-004,2.291502723E-006,-6.722179745E-005,2.235130562E-004,1.691645949E-005,-8.382455558E-004,-1.666614817E-003,9.324687187E-001,9.325088742E-001,0.000000000E+000
D125-E,table_vii_125,E,0.0001,0.1,2000,0.0051467947719835826,0,0.005154789833224171,0,568,-1.817580481E-004,2.388580878E-006,-7.007366884E-005,2.329587491E-004,1.763002522E-005,-8.737524786E-004,-1.737104743E-003,9.719105037E-001,9.719561940E-001,0.000000000E+000
D125-E,table_vii_125,E,0.0001,0.1,2000,0.0051467947719835826,0,0.005154789833224171,0,576,-1.894685596E-004,2.489778647E-006,-7.304801930E-005,2.428098968E-004,1.837396042E-005,-9.107873748E-004,-1.810616862E-003,1.013043586E+000,1.013095103E+000,0.000000000E+000
D125-E,table_vii_125,E,0.0001,0.1,2000,0.0051467947719835826,0,0.005154789833224171,0,584,-1.975136704E-004,2.595395673E-006,-7.615164304E-005,2.530823839E-004,1.914966474E-005,-9.494178552E-004,-1.887285523E-003,1.055942663E+000,1.056001222E+000,0.000000000E+000
D125-E,table_vii_125,E,0.0001,0.1,2000,0.0051467947719835826,0,0.005154789833224171,0,592,-2.059066871E-004,2.705548111E-006,-7.939069668E-005,2.637952739E-004,1.995805338E-005,-9.897198300E-004,-1.967254215E-003,1.100686784E+000,1.100754259E+000,0.000000000E+000
D125-E,table_vii_125,E,0.0001,0.1,2000,0.0051467947719835826,0,0.005154789833224171,0,600,-2.146661270E-004,2.820502609E-006,-8.277143944E-005,2.749691038E-004,2.080093942E-005,-1.031771452E-003,-2.050669879E-003,1.147360004E+000,1.147437618E+000,0.000000000E+000
D125-E,table_vii_125,E,0.0001,0.1,2000,0.0051467947719835826,0,0.005154789833224171,0,608,-2.238085704E-004,2.940382451E-006,-8.629916512E-005,2.866234584E-004,2.167995848E-005,-1.075652618E-003,-2.137688882E-003,1.196050421E+000,1.196139207E+000,0.000000000E+000
D125-E,table_vii_125,E,0.0001,0.1,2000,0.0051467947719835826,0,0.005154789833224171,0,616,-2.333491307E-004,3.065539433E-006,-8.998216293E-005,2.987813520E-004,2.259644231E-005,-1.121446781E-003,-2.228475730E-003,1.246850105E+000,1.246951131E+000,0.000000000E+000
D125-E,table_vii_125,E,0.0001,0.1,2000,0.0051467947719835826,0,0.005154789833224171,0,624,-2.433105553E-004,3.196135337E-006,-9.382854530E-005,3.114648278E-004,2.355249395E-005,-1.169244042E-003,-2.323203049E-003,1.299856175E+000,1.299970886E+000,0.000000000E+000
D125-E,table_vii_125,E,0.0001,0.1,2000,0.0051467947719835826,0,0.005154789833224171,0,632,-2.537104750E-004,3.332554888E-006,-9.784373446E-005,3.246985028E-004,2.454916037E-005,-1.219138209E-003,-2.422055013E-003,1.355171370E+000,1.355301403E+000,0.000000000E+000
D125-E,table_vii_125,E,0.0001,0.1,2000,0.0051467947719835826,0,0.005154789833224171,0,640,-2.645709057E-004,3.474880800E-006,-1.020377382E-004,3.385071620E-004,2.558889004E-005,-1.271228575E-003,-2.525224933E-003,1.412902449E+000,1.413050306E+000,0.000000000E+000
D125-E,table_vii_125,E,0.0001,0.1,2000,0.0051467947719835826,0,0.005154789833224171,0,648,-2.759145392E-004,3.623491243E-006,-1.064177770E-004,3.529179290E-004,2.667299508E-005,-1.325622813E-003,-2.632916198E-003,1.473163479E+000,1.473332037E+000,0.000000000E+000
D125-E,table_vii_125,E,0.0001,0.1,2000,0.0051467947719835826,0,0.005154789833224171,0,656,-2.877631010E-004,3.778793778E-006,-1.109961786E-004,3.679583609E-004,2.780411078E-005,-1.382433587E-003,-2.745344512E-003,1.536074582E+000,1.536267184E+000,0.000000000E+000
D125-E,table_vii_125,E,0.0001,0.1,2000,0.0051467947719835826,0,0.005154789833224171,0,664,-3.001476247E-004,3.940954041E-006,-1.157813544E-004,3.836602734E-004,2.898379835E-005,-1.441785418E-003,-2.862735270E-003,1.601764389E+000,1.601984300E+000,0.000000000E+000
D125-E,table_vii_125,E,0.0001,0.1,2000,0.0051467947719835826,0,0.005154789833224171,0,672,-3.130905195E-004,4.110405899E-006,-1.207832001E-004,4.000533745E-004,3.021471654E-005,-1.503800917E-003,-2.985329665E-003,1.670368444E+000,1.670618621E+000,0.000000000E+000
D125-E,table_vii_125,E,0.0001,0.1,2000,0.0051467947719835826,0,0.005154789833224171,0,680,-3.266215825E-004,4.287532340E-006,-1.260136509E-004,4.171709711E-004,3.149909676E-005,-1.568615199E-003,-3.113382920E-003,1.742030078E+000,1.742314122E+000,0.000000000E+000
D125-E,table_vii_125,E,0.0001,0.1,2000,0.0051467947719835826,0,0.005154789833224171,0,688,-3.407738643E-004,4.472587637E-006,-1.314857529E-004,4.350497320E-004,3.283987411E-005,-1.636370492E-003,-3.247167438E-003,1.816901434E+000,1.817223660E+000,0.000000000E+000
D125-E,table_vii_125,E,0.0001,0.1,2000,0.0051467947719835826,0,0.005154789833224171,0,696,-3.555774000E-004,4.666190957E-006,-1.372118475E-004,4.537264905E-004,3.423896473E-005,-1.707220416E-003,-3.386974640E-003,1.895144032E+000,1.895510264E+000,0.000000000E+000
D125-E,table_vii_125,E,0.0001,0.1,2000,0.0051467947719835826,0,0.005154789833224171,0,704,-3.710691861E-004,4.868643795E-006,-1.432050788E-004,4.732414030E-004,3.569902884E-005,-1.781331963E-003,-3.533111880E-003,1.976930454E+000,1.977347247E+000,0.000000000E+000
D125-E,table_vii_125,E,0.0001,0.1,2000,0.0051467947719835826,0,0.005154789833224171,0,712,-3.872873610E-004,5.080522668E-006,-1.494826048E-004,4.936361256E-004,3.722363700E-005,-1.858883892E-003,-3.685907886E-003,2.062444850E+000,2.062919675E+000,0.000000000E+000
D125-E,table_vii_125,E,0.0001,0.1,2000,0.0051467947719835826,0,0.005154789833224171,0,720,-4.042725170E-004,5.302259298E-006,-1.560587172E-004,5.149574202E-004,3.881543962E-005,-1.940065511E-003,-3.845712504E-003,2.151885729E+000,2.152425925E+000,0.000000000E+000
D125-E,table_vii_125,E,0.0001,0.1,2000,0.0051467947719835826,0,0.005154789833224171,0,728,-4.220711738E-004,5.534475820E-006,-1.629525312E-004,5.372526208E-004,4.047772759E-005,-2.025082324E-003,-4.012901699E-003,2.245464652E+000,2.246079006E+000,0.000000000E+000
D125-E,table_vii_125,E,0.0001,0.1,2000,0.0051467947719835826,0,0.005154789833224171,0,736,-4.407286156E-004,5.777744852E-006,-1.701827737E-004,5.605742381E-004,4.221437215E-005,-2.114152436E-003,-4.187881307E-003,2.343408741E+000,2.344106945E+000,0.000000000E+000
D125-E,table_vii_125,E,0.0001,0.1,2000,0.0051467947719835826,0,0.005154789833224171,0,744,-4.602994842E-004,6.032692717E-006,-1.777691059E-004,5.849774644E-004,4.402851828E-005,-2.207515364E-003,-4.371085516E-003,2.445962277E+000,2.446755824E+000,0.000000000E+000
D125-E,table_vii_125,E,0.0001,0.1,2000,0.0051467947719835826,0,0.005154789833224171,0,752,-4.808403263E-004,6.300112391E-006,-1.857358541E-004,6.105223408E-004,4.592433107E-005,-2.305431054E-003,-4.562984841E-003,2.553388895E+000,2.554291243E+000,0.000000000E+000
D125-E,table_vii_125,E,0.0001,0.1,2000,0.0051467947719835826,0,0.005154789833224171,0,760,-5.024108717E-004,6.580641789E-006,-1.941078286E-004,6.372718370E-004,4.790636314E-005,-2.408180947E-003,-4.764087294E-003,2.665973311E+000,2.666999880E+000,0.000000000E+000
D125-E,table_vii_125,E,0.0001,0.1,2000,0.0051467947719835826,0,0.005154789833224171,0,768,-5.250811821E-004,6.875123231E-006,-2.029112996E-004,6.652975663E-004,4.997831605E-005,-2.516076998E-003,-4.974941989E-003,2.784025862E+000,2.785193953E+000,0.000000000E+000
D125-E,table_vii_125,E,0.0001,0.1,2000,0.0051467947719835826,0,0.005154789833224171,0,776,-5.489272466E-004,7.184686405E-006,-2.121784465E-004,6.946719875E-004,5.214568572E-005,-2.629456692E-003,-5.196144479E-003,2.907883109E+000,2.909212339E+000,0.000000000E+000
D125-E,table_vii_125,E,0.0001,0.1,2000,0.0051467947719835826,0,0.005154789833224171,0,784,-5.740304541E-004,7.510101556E-006,-2.219402209E-004,7.254797649E-004,5.441295057E-005,-2.748689371E-003,-5.428348625E-003,3.037912354E+000,3.039425225E+000,0.000000000E+000
D125-E,table_vii_125,E,0.0001,0.1,2000,0.0051467947719835826,0,0.005154789833224171,0,792,-6.004801470E-004,7.852569196E-006,-2.322351307E-004,7.578062429E-004,5.678611151E-005,-2.874186269E-003,-5.672265945E-003,3.174515976E+000,3.176237932E+000,0.000000000E+000
D125-E,table_vii_125,E,0.0001,0.1,2000,0.0051467947719835826,0,0.005154789833224171,0,800,-6.283831825E-004,8.213283529E-006,-2.431036491E-004,7.917490194E-004,5.927094741E-005,-3.006401565E-003,-5.928676572E-003,3.318136122E+000,3.320096168E+000,0.000000000E+000
D125-E,table_vii_125,E,0.0001,0.1,2000,0.0051467947719835826,0,0.005154789833224171,0,808,-6.578512977E-004,8.593676903E-006,-2.545921322E-004,8.274148020E-004,6.187357018E-005,-3.145837441E-003,-6.198442581E-003,3.469259603E+000,3.471491174E+000,0.000000000E+000
D125-E,table_vii_125,E,0.0001,0.1,2000,0.0051467947719835826,0,0.005154789833224171,0,816,-6.890097522E-004,8.995194310E-006,-2.667539957E-004,8.649191648E-004,6.460111166E-005,-3.293057028E-003,-6.482518485E-003,3.628425249E+000,3.630967253E+000,0.000000000E+000
D125-E,table_vii_125,E,0.0001,0.1,2000,0.0051467947719835826,0,0.005154789833224171,0,824,-7.220067857E-004,9.419599036E-006,-2.796479203E-004,9.043888452E-004,6.746113202E-005,-3.448695591E-003,-6.781961448E-003,3.796231887E+000,3.799129810E+000,0.000000000E+000
D125-E,table_vii_125,E,0.0001,0.1,2000,0.0051467947719835826,0,0.005154789833224171,0,832,-7.570047182E-004,9.868870101E-006,-2.933392685E-004,9.459664636E-004,7.046107243E-005,-3.613471902E-003,-7.097948084E-003,3.973350302E+000,3.976655270E+000,0.000000000E+000
D125-E,table_vii_125,E,0.0001,0.1,2000,0.0051467947719835826,0,0.005154789833224171,0,840,-7.941882887E-004,1.034504317E-005,-3.079062371E-004,9.898095318E-004,7.361031019E-005,-3.788193243E-003,-7.431797845E-003,4.160532627E+000,4.164302724E+000,0.000000000E+000
D125-E,table_vii_125,E,0.0001,0.1,2000,0.0051467947719835826,0,0.005154789833224171,0,848,-8.337756734E-004,1.085070029E-005,-3.234373007E-004,1.036091626E-003,7.691843853E-005,-3.973784571E-003,-7.784995479E-003,4.358626981E+000,4.362929613E+000,0.000000000E+000
D125-E,table_vii_125,E,0.0001,0.1,2000,0.0051467947719835826,0,0.005154789833224171,0,856,-8.760135384E-004,1.138877645E-005,-3.400357563E-004,1.085008995E-003,8.039617470E-005,-4.171307504E-003,-8.159224453E-003,4.568595910E+000,4.573509058E+000,0.000000000E+000
D125-E,table_vii_125,E,0.0001,0.1,2000,0.0051467947719835826,0,0.005154789833224171,0,864,-9.211915280E-004,1.196243134E-005,-3.578210136E-004,1.136783431E-003,8.405469396E-005,-4.381992372E-003,-8.556403453E-003,4.791538662E+000,4.797153398E+000,0.000000000E+000
D125-E,table_vii_125,E,0.0001,0.1,2000,0.0051467947719835826,0,0.005154789833224171,0,872,-9.696505302E-004,1.257562304E-005,-3.769350248E-004,1.191662631E-003,8.790672067E-005,-4.607276148E-003,-8.978726153E-003,5.028719185E+000,5.035141131E+000,0.000000000E+000
D125-E,table_vii_125,E,0.0001,0.1,2000,0.0051467947719835826,0,0.005154789833224171,0,880,-1.021793890E-003,1.323287783E-005,-3.975463782E-004,1.249927795E-003,9.196669495E-005,-4.848850928E-003,-9.428728499E-003,5.281602844E+000,5.288955031E+000,0.000000000E+000
D125-E,table_vii_125,E,0.0001,0.1,2000,0.0051467947719835826,0,0.005154789833224171,0,888,-1.078106985E-003,1.393960128E-005,-4.198586212E-004,1.311904138E-003,9.624972403E-005,-5.108727508E-003,-9.909356368E-003,5.551903271E+000,5.560328242E+000,0.000000000E+000
D125-E,table_vii_125,E,0.0001,0.1,2000,0.0051467947719835826,0,0.005154789833224171,0,896,-1.139177228E-003,1.470217028E-005,-4.441195488E-004,1.377960367E-003,1.007736111E-004,-5.389318936E-003,-1.042406838E-002,5.841641288E+000,5.851305416E+000,0.000000000E+000
D125-E,table_vii_125,E,0.0001,0.1,2000,0.0051467947719835826,0,0.005154789833224171,0,904,-1.205726264E-003,1.552853236E-005,-4.706335054E-004,1.448525047E-003,1.055571210E-004,-5.693563103E-003,-1.097696399E-002,6.153226736E+000,6.164325127E+000,0.000000000E+000
D125-E,table_vii_125,E,0.0001,0.1,2000,0.0051467947719835826,0,0.005154789833224171,0,912,-1.278659967E-003,1.642838211E-005,-4.997826382E-004,1.524090281E-003,1.106213524E-004,-6.025089733E-003,-1.157295177E-002,6.489567405E+000,6.502330610E+000,0.000000000E+000
D125-E,table_vii_125,E,0.0001,0.1,2000,0.0051467947719835826,0,0.005154789833224171,0,920,-1.359131507E-003,1.741378958E-005,-5.320587295E-004,1.605236300E-003,1.159894433E-004,-6.388461485E-003,-1.221799154E-002,6.854224306E+000,6.868926170E+000,0.000000000E+000
D125-E,table_vii_125,E,0.0001,0.1,2000,0.0051467947719835826,0,0.005154789833224171,0,928,-1.448636064E-003,1.850032197E-005,-5.680979532E-004,1.692630312E-003,1.216861580E-004,-6.789529829E-003,-1.291942336E-002,7.251630199E+000,7.268598701E+000,0.000000000E+000
D125-E,table_vii_125,E,0.0001,0.1,2000,0.0051467947719835826,0,0.005154789833224171,0,936,-1.549180946E-003,1.970838168E-005,-6.087591670E-004,1.787056449E-003,1.277367519E-004,-7.235988914E-003,-1.368644724E-002,7.687414946E+000,7.707047639E+000,0.000000000E+000
D125-E,table_vii_125,E,0.0001,0.1,2000,0.0051467947719835826,0,0.005154789833224171,0,944,-1.663538056E-003,2.106542616E-005,-6.552297169E-004,1.889411880E-003,1.341653565E-004,-7.738265474E-003,-1.453084615E-002,8.168903917E+000,8.191691315E+000,0.000000000E+000
D125-E,table_vii_125,E,0.0001,0.1,2000,0.0051467947719835826,0,0.005154789833224171,0,952,-1.795708991E-003,2.261000201E-005,-7.092237861E-004,2.000694512E-003,1.409867301E-004,-8.311046160E-003,-1.546812976E-002,8.705925262E+000,8.732494118E+000,0.000000000E+000
D125-E,table_vii_125,E,0.0001,0.1,2000,0.0051467947719835826,0,0.005154789833224171,0,960,-1.951809035E-003,2.439920119E-005,-7.733650967E-004,2.121894982E-003,1.481912045E-004,-8.976093978E-003,-1.651942760E-002,9.312192279E+000,9.343393834E+000,0.000000000E+000
D125-E,table_vii_125,E,0.0001,0.1,2000,0.0051467947719835826,0,0.005154789833224171,0,968,-2.141940664E-003,2.652268657E-005,-8.519620598E-004,2.253615728E-003,1.556955849E-004,-9.767966697E-003,-1.771494292E-002,1.000788928E+001,1.004501701E+001,0.000000000E+000
D125-E,table_vii_125,E,0.0001,0.1,2000,0.0051467947719835826,0,0.005154789833224171,0,976,-2.384817295E-003,2.913760802E-005,-9.529304995E-004,2.394664221E-003,1.631957422E-004,-1.074728995E-002,-1.910091003E-002,1.082507342E+001,1.087050888E+001,0.000000000E+000
D125-E,table_vii_125,E,0.0001,0.1,2000,0.0051467947719835826,0,0.005154789833224171,0,984,-2.722167779E-003,3.256675955E-005,-1.093537799E-003,2.535902514E-003,1.695932411E-004,-1.203834367E-002,-2.075626358E-002,1.182105073E+001,1.188074357E+001,0.000000000E+000
D125-E,table_vii_125,E,0.0001,0.1,2000,0.0051467947719835826,0,0.005154789833224171,0,992,-3.285109973E-003,3.770978288E-005,-1.325490155E-003,2.620976400E-003,1.698036515E-004,-1.397840759E-002,-2.284550607E-002,1.312244467E+001,1.321999522E+001,0.000000000E+000
D125-E,table_vii_125,E,0.0001,0.1,2000,0.0051467947719835826,0,0.005154789833224171,0,1000,-5.109094812E-003,5.028591530E-005,-1.999075300E-003,1.780867461E-003,1.113073895E-004,-1.844868985E-002,-2.591138823E-002,1.520453369E+001,1.559655831E+001,0.000000000E+000
E124-E,table_vii_124,E,0.0001,0.1,2000,-6.7850521865934614E-06,0,-2.2962609320566554E-07,0,0,-8.281516403E-006,1.175566826E-007,-3.011571042E-006,1.318388338E-005,1.290876161E-006,-4.204518542E-005,-9.266487189E-005,5.333702393E-002,5.333702393E-002,0.000000000E+000
E124-E,table_vii_124,E,0.0001,0.1,2000,-6.7850521865934614E-06,0,-2.2962609320566554E-07,0,16,-8.277673117E-006,1.175126978E-007,-3.011401924E-006,1.318281422E-005,1.290100237E-006,-4.204071465E-005,-9.265957467E-005,5.332612334E-002,5.332915603E-002,0.000000000E+000
E124-E,table_vii_124,E,0.0001,0.1,2000,-6.7850521865934614E-06,0,-2.2962609320566554E-07,0,32,-8.277776022E-006,1.175232103E-007,-3.011317954E-006,1.318121830E-005,1.290161484E-006,-4.204715397E-005,-9.264309692E-005,5.332121492E-002,5.332235197E-002,0.000000000E+000
E124-E,table_vii_124,E,0.0001,0.1,2000,-6.7850521865934614E-06,0,-2.2962609320566554E-07,0,48,-8.277620477E-006,1.175113489E-007,-3.010758745E-006,1.317999708E-005,1.290397708E-006,-4.203302300E-005,-9.262673761E-005,5.331694097E-002,5.331600439E-002,0.000000000E+000
E124-E,table_vii_124,E,0.0001,0.1,2000,-6.7850521865934614E-06,0,-2.2962609320566554E-07,0,64,-8.277791003E-006,1.175077442E-007,-3.010462548E-006,1.317791179E-005,1.289741598E-006,-4.202340443E-005,-9.262417013E-005,5.330803870E-002,5.331050323E-002,0.000000000E+000
E124-E,table_vii_124,E,0.0001,0.1,2000,-6.7850521865934614E-06,0,-2.2962609320566554E-07,0,80,-8.277556002E-006,1.175032354E-007,-3.010433844E-006,1.317681154E-005,1.289410042E-006,-4.203371886E-005,-9.261710883E-005,5.330355664E-002,5.330621863E-002,0.000000000E+000
E124-E,table_vii_124,E,0.0001,0.1,2000,-6.7850521865934614E-06,0,-2.2962609320566554E-07,0,96,-8.277589148E-006,1.175179049E-007,-3.010495369E-006,1.317617288E-005,1.289944385E-006,-4.202972909E-005,-9.260227740E-005,5.330334815E-002,5.330251720E-002,0.000000000E+000
E124-E,table_vii_124,E,0.0001,0.1,2000,-6.7850521865934614E-06,0,-2.2962609320566554E-07,0,112,-8.277708405E-006,1.174857375E-007,-3.010268678E-006,1.317507463E-005,1.289745343E-006,-4.201593703E-005,-9.259975219E-005,5.329851600E-002,5.329927785E-002,0.000000000E+000
E124-E,table_vii_124,E,0.0001,0.1,2000,-6.7850521865934614E-06,0,-2.2962609320566554E-07,0,128,-8.277562258E-006,1.174592564E-007,-3.010055755E-006,1.317416985E-005,1.289328180E-006,-4.201981553E-005,-9.259932758E-005,5.329322168E-002,5.329609244E-002,0.000000000E+000
E124-E,table_vii_124,E,0.0001,0.1,2000,-6.7850521865934614E-06,0,-2.2962609320566554E-07,0,144,-8.277518992E-006,1.174606026E-007,-3.009615551E-006,1.317371111E-005,1.289575231E-006,-4.201869203E-005,-9.258650868E-005,5.329163380E-002,5.329202745E-002,0.000000000E+000
E124-E,table_vii_124,E,0.0001,0.1,2000,-6.7850521865934614E-06,0,-2.2962609320566554E-07,0,160,-8.277352456E-006,1.174624813E-007,-3.009457861E-006,1.317302584E-005,1.289460537E-006,-4.200613914E-005,-9.258101308E-005,5.328698553E-002,5.328810145E-002,0.000000000E+000
E124-E,table_vii_124,E,0.0001,0.1,2000,-6.7850521865934614E-06,0,-2.2962609320566554E-07,0,176,-8.277463320E-006,1.174584923E-007,-3.008848004E-006,1.317199285E-005,1.288910263E-006,-4.200509284E-005,-9.258008593E-005,5.328053730E-002,5.328420460E-002,0.000000000E+000
E124-E,table_vii_124,E,0.0001,0.1,2000,-6.7850521865934614E-06,0,-2.2962609320566554E-07,0,192,-8.277410762E-006,1.174623306E-007,-3.008821616E-006,1.317129815E-005,1.288948478E-006,-4.200768129E-005,-9.257092499E-005,5.327745529E-002,5.328018167E-002,0.000000000E+000
E124-E,table_vii_124,E,0.0001,0.1,2000,-6.7850521865934614E-06,0,-2.2962609320566554E-07,0,208,-8.277400363E-006,1.174578567E-007,-3.008672176E-006,1.317023368E-005,1.289000266E-006,-4.200092802E-005,-9.256227555E-005,5.327463473E-002,5.327657241E-002,0.000000000E+000
E124-E,table_vii_124,E,0.0001,0.1,2000,-6.7850521865934614E-06,0,-2.2962609320566554E-07,0,224,-8.277443223E-006,1.174563835E-007,-3.008743922E-006,1.316910576E-005,1.288767497E-006,-4.199892775E-005,-9.255970863E-005,5.327094944E-002,5.327395169E-002,0.000000000E+000
E124-E,table_vii_124,E,0.0001,0.1,2000,-6.7850521865934614E-06,0,-2.2962609320566554E-07,0,240,-8.277311780E-006,1.174610860E-007,-3.008874245E-006,1.316858337E-005,1.288749622E-006,-4.200186749E-005,-9.255474492E-005,5.326955344E-002,5.327196901E-002,0.000000000E+000
E124-E,table_vii_124,E,0.0001,0.1,2000,-6.7850521865934614E-06,0,-2.2962609320566554E-07,0,256,-8.277363020E-006,1.174541609E-007,-3.009096828E-006,1.316816843E-005,1.288945090E-006,-4.199938291E-005,-9.254993906E-005,5.326911943E-002,5.327058939E-002,0.000000000E+000
E124-E,table_vii_124,E,0.0001,0.1,2000,-6.7850521865934614E-06,0,-2.2962609320566554E-07,0,272,-8.277369943E-006,1.174637783E-007,-3.008952937E-006,1.316770954E-005,1.288792318E-006,-4.199667196E-005,-9.254943550E-005,5.326754191E-002,5.326963272E-002,0.000000000E+000
E124-E,table_vii_124,E,0.0001,0.1,2000,-6.7850521865934614E-06,0,-2.2962609320566554E-07,0,288,-8.277543696E-006,1.174282851E-007,-3.008591253E-006,1.316726664E-005,1.288761707E-006,-4.199855939E-005,-9.254807914E-005,5.326660373E-002,5.326874465E-002,0.000000000E+000
E124-E,table_vii_124,E,0.0001,0.1,2000,-6.7850521865934614E-06,0,-2.2962609320566554E-07,0,304,-8.277573394E-006,1.174202706E-007,-3.008568429E-006,1.316692749E-005,1.288942044E-006,-4.199600395E-005,-9.254302268E-005,5.326634425E-002,5.326738817E-002,0.000000000E+000
E124-E,table_vii_124,E,0.0001,0.1,2000,-6.7850521865934614E-06,0,-2.2962609320566554E-07,0,320,-8.277301077E-006,1.173907090E-007,-3.008514269E-006,1.316670342E-005,1.288751585E-006,-4.199314395E-005,-9.254327604E-005,5.326473279E-002,5.326656448E-002,0.000000000E+000
E124-E,table_vii_124,E,0.0001,0.1,2000,-6.7850521865934614E-06,0,-2.2962609320566554E-07,0,336,-8.277326582E-006,1.174005620E-007,-3.008467459E-006,1.316640518E-005,1.288725156E-006,-4.199546924E-005,-9.254186631E-005,5.326390203E-002,5.326573374E-002,0.000000000E+000
E124-E,table_vii_124,E,0.0001,0.1,2000,-6.7850521865934614E-06,0,-2.2962609320566554E-07,0,352,-8.277473201E-006,1.174035242E-007,-3.008535681E-006,1.316613952E-005,1.288857034E-006,-4.199464602E-005,-9.253875125E-005,5.326399502E-002,5.326506459E-002,0.000000000E+000
E124-E,table_vii_124,E,0.0001,0.1,2000,-6.7850521865934614E-06,0,-2.2962609320566554E-07,0,368,-8.277422204E-006,1.174204728E-007,-3.008692686E-006,1.316594317E-005,1.288824697E-006,-4.199211163E-005,-9.253846204E-005,5.326316859E-002,5.326456200E-002,0.000000000E+000
E124-E,table_vii_124,E,0.0001,0.1,2000,-6.7850521865934614E-06,0,-2.2962609320566554E-07,0,384,-8.277512032E-006,1.173997980E-007,-3.008461806E-006,1.316572610E-005,1.288678169E-006,-4.199391013E-005,-9.253922714E-005,5.326247487E-002,5.326436510E-002,0.000000000E+000
E124-E,table_vii_124,E,0.0001,0.1,2000,-6.7850521865934614E-06,0,-2.2962609320566554E-07,0,400,-8.277368120E-006,1.174157693E-007,-3.008639364E-006,1.316587325E-005,1.288822986E-006,-4.199495728E-005,-9.253698239E-005,5.326300575E-002,5.326408289E-002,0.000000000E+000
E124-E,table_vii_124,E,0.0001,0.1,2000,-6.7850521865934614E-06,0,-2.2962609320566554E-07,0,416,-8.277328295E-006,1.174215918E-007,-3.008590359E-006,1.316579828E-005,1.288799556E-006,-4.199199013E-005,-9.253651745E-005,5.326277942E-002,5.326388197E-002,0.000000000E+000
E124-E,table_vii_124,E,0.0001,0.1,2000,-6.7850521865934614E-06,0,-2.2962609320566554E-07,0,432,-8.277376526E-006,1.174247209E-007,-3.008664936E-006,1.316566004E-005,1.288699151E-006,-4.199279069E-005,-9.253790921E-005,5.326202464E-002,5.326380057E-002,0.000000000E+000
E124-E,table_vii_124,E,0.0001,0.1,2000,-6.7850521865934614E-06,0,-2.2962609320566554E-07,0,448,-8.277489220E-006,1.174266510E-007,-3.008864420E-006,1.316562597E-005,1.288835420E-006,-4.199497629E-005,-9.253683540E-005,5.326243986E-002,5.326374996E-002,0.000000000E+000
E124-E,table_vii_124,E,0.0001,0.1,2000,-6.7850521865934614E-06,0,-2.2962609320566554E-07,0,464,-8.277280242E-006,1.174022039E-007,-3.008861404E-006,1.316578598E-005,1.288867244E-006,-4.199269115E-005,-9.253571633E-005,5.326271436E-002,5.326363870E-002,0.000000000E+000
E124-E,table_vii_124,E,0.0001,0.1,2000,-6.7850521865934614E-06,0,-2.2962609320566554E-07,0,480,-8.277414852E-006,1.174012786E-007,-3.008663511E-006,1.316558505E-005,1.288737818E-006,-4.199198592E-005,-9.253711380E-005,5.326201423E-002,5.326361042E-002,0.000000000E+000
E124-E,table_vii_124,E,0.0001,0.1,2000,-6.7850521865934614E-06,0,-2.2962609320566554E-07,0,496,-8.277375782E-006,1.174118183E-007,-3.008425918E-006,1.316561134E-005,1.288689581E-006,-4.199430323E-005,-9.253698064E-005,5.326207268E-002,5.326358160E-002,0.000000000E+000
E124-E,table_vii_124,E,0.0001,0.1,2000,-6.7850521865934614E-06,0,-2.2962609320566554E-07,0,512,-8.277418379E-006,1.173986968E-007,-3.008514633E-006,1.316564253E-005,1.288813282E-006,-4.199342944E-005,-9.253559272E-005,5.326255177E-002,5.326351693E-002,0.000000000E+000
E124-E,table_vii_124,E,0.0001,0.1,2000,-6.7850521865934614E-06,0,-2.2962609320566554E-07,0,528,-8.277501369E-006,1.174082947E-007,-3.008256460E-006,1.316552598E-005,1.288693697E-006,-4.199204623E-005,-9.253654637E-005,5.326214283E-002,5.326355267E-002,0.000000000E+000
E124-E,table_vii_124,E,0.0001,0.1,2000,-6.7850521865934614E-06,0,-2.2962609320566554E-07,0,544,-8.277427062E-006,1.173960099E-007,-3.008442762E-006,1.316555835E-005,1.288690098E-006,-4.199364471E-005,-9.253717429E-005,5.326196573E-002,5.326357826E-002,0.000000000E+000
E124-E,table_vii_124,E,0.0001,0.1,2000,-6.7850521865934614E-06,0,-2.2962609320566554E-07,0,560,-8.277204468E-006,1.174223439E-007,-3.008642607E-006,1.316580112E-005,1.288754335E-006,-4.199403755E-005,-9.253591622E-005,5.326246589E-002,5.326354198E-002,0.000000000E+000
E124-E,table_vii_124,E,0.0001,0.1,2000,-6.7850521865934614E-06,0,-2.2962609320566554E-07,0,576,-8.277223488E-006,1.174026166E-007,-3.008694975E-006,1.316575635E-005,1.288793274E-006,-4.199222950E-005,-9.253607598E-005,5.326234221E-002,5.326351234E-002,0.000000000E+000
E124-E,table_vii_124,E,0.0001,0.1,2000,-6.7850521865934614E-06,0,-2.2962609320566554E-07,0,592,-8.277397242E-006,1.173972189E-007,-3.008548347E-006,1.316556680E-005,1.288720204E-006,-4.199290791E-005,-9.253697518E-005,5.326194612E-002,5.326352094E-002,0.000000000E+000
E124-E,table_vii_124,E,0.0001,0.1,2000,-6.7850521865934614E-06,0,-2.2962609320566554E-07,0,608,-8.277500122E-006,1.174020194E-007,-3.008742807E-006,1.316553097E-005,1.288809925E-006,-4.199403117E-005,-9.253628028E-005,5.326224052E-002,5.326351935E-002,0.000000000E+000
E124-E,table_vii_124,E,0.0001,0.1,2000,-6.7850521865934614E-06,0,-2.2962609320566554E-07,0,624,-8.277407493E-006,1.174058030E-007,-3.008376335E-006,1.316562831E-005,1.288745752E-006,-4.199280040E-005,-9.253578654E-005,5.326239235E-002,5.326349154E-002,0.000000000E+000
E124-E,table_vii_124,E,0.0001,0.1,2000,-6.7850521865934614E-06,0,-2.2962609320566554E-07,0,640,-8.277377893E-006,1.174073267E-007,-3.008672914E-006,1.316558408E-005,1.288728847E-006,-4.199250272E-005,-9.253680372E-005,5.326201020E-002,5.326353361E-002,0.000000000E+000
E124-E,table_vii_124,E,0.0001,0.1,2000,-6.7850521865934614E-06,0,-2.2962609320566554E-07,0,656,-8.277375029E-006,1.174172238E-007,-3.008473693E-006,1.316562565E-005,1.288704063E-006,-4.199410196E-005,-9.253673526E-005,5.326214878E-002,5.326357196E-002,0.000000000E+000
E124-E,table_vii_124,E,0.0001,0.1,2000,-6.7850521865934614E-06,0,-2.2962609320566554E-07,0,672,-8.277305561E-006,1.174175743E-007,-3.008514718E-006,1.316572512E-005,1.288785362E-006,-4.199333197E-005,-9.253570018E-005,5.326250461E-002,5.326351010E-002,0.000000000E+000
E124-E,table_vii_124,E,0.0001,0.1,2000,-6.7850521865934614E-06,0,-2.2962609320566554E-07,0,688,-8.277547217E-006,1.174095598E-007,-3.008854452E-006,1.316547064E-005,1.288823024E-006,-4.199221843E-005,-9.253653784E-005,5.326212994E-002,5.326354754E-002,0.000000000E+000
E124-E,table_vii_124,E,0.0001,0.1,2000,-6.7850521865934614E-06,0,-2.2962609320566554E-07,0,704,-8.277317652E-006,1.174206654E-007,-3.008313229E-006,1.316563559E-005,1.288644012E-006,-4.199360835E-005,-9.253685287E-005,5.326202628E-002,5.326353657E-002,0.000000000E+000
E124-E,table_vii_124,E,0.0001,0.1,2000,-6.7850521865934614E-06,0,-2.2962609320566554E-07,0,720,-8.277442671E-006,1.174148858E-007,-3.008384974E-006,1.316559888E-005,1.288747548E-006,-4.199366131E-005,-9.253590952E-005,5.326237925E-002,5.326350758E-002,0.000000000E+000
E124-E,table_vii_124,E,0.0001,0.1,2000,-6.7850521865934614E-06,0,-2.2962609320566554E-07,0,736,-8.277283779E-006,1.174081691E-007,-3.008504931E-006,1.316569225E-005,1.288737791E-006,-4.199235073E-005,-9.253624020E-005,5.326222461E-002,5.326349628E-002,0.000000000E+000
E124-E,table_vii_124,E,0.0001,0.1,2000,-6.7850521865934614E-06,0,-2.2962609320566554E-07,0,752,-8.277509001E-006,1.174148592E-007,-3.008760309E-006,1.316550703E-005,1.288746916E-006,-4.199319143E-005,-9.253678980E-005,5.326199470E-002,5.326353340E-002,0.000000000E+000
E124-E,table_vii_124,E,0.0001,0.1,2000,-6.7850521865934614E-06,0,-2.2962609320566554E-07,0,768,-8.277505350E-006,1.174248099E-007,-3.008787252E-006,1.316554694E-005,1.288816863E-006,-4.199390551E-005,-9.253624082E-005,5.326228407E-002,5.326354024E-002,0.000000000E+000
E124-E,table_vii_124,E,0.0001,0.1,2000,-6.7850521865934614E-06,0,-2.2962609320566554E-07,0,784,-8.277363767E-006,1.174293336E-007,-3.008556409E-006,1.316564586E-005,1.288774437E-006,-4.199279942E-005,-9.253598734E-005,5.326236218E-002,5.326351797E-002,0.000000000E+000
E124-E,table_vii_124,E,0.0001,0.1,2000,-6.7850521865934614E-06,0,-2.2962609320566554E-07,0,800,-8.277473482E-006,1.174102947E-007,-3.008472002E-006,1.316553486E-005,1.288708891E-006,-4.199283437E-005,-9.253676703E-005,5.326206996E-002,5.326356091E-002,0.000000000E+000
E124-E,table_vii_124,E,0.0001,0.1,2000,-6.7850521865934614E-06,0,-2.2962609320566554E-07,0,816,-8.277202436E-006,1.174251837E-007,-3.008853635E-006,1.316578539E-005,1.288733353E-006,-4.199394120E-005,-9.253663158E-005,5.326224113E-002,5.326360382E-002,0.000000000E+000
E124-E,table_vii_124,E,0.0001,0.1,2000,-6.7850521865934614E-06,0,-2.2962609320566554E-07,0,832,-8.277550860E-006,1.174010723E-007,-3.008535653E-006,1.316554333E-005,1.288809436E-006,-4.199325962E-005,-9.253606262E-005,5.326244827E-002,5.326358920E-002,0.000000000E+000
E124-E,table_vii_124,E,0.0001,0.1,2000,-6.7850521865934614E-06,0,-2.2962609320566554E-07,0,848,-8.277471456E-006,1.173994440E-007,-3.008542675E-006,1.316557591E-005,1.288755453E-006,-4.199269241E-005,-9.253679377E-005,5.326219381E-002,5.326362364E-002,0.000000000E+000
E124-E,table_vii_124,E,0.0001,0.1,2000,-6.7850521865934614E-06,0,-2.2962609320566554E-07,0,864,-8.277410130E-006,1.174203221E-007,-3.008694290E-006,1.316560412E-005,1.288767723E-006,-4.199370966E-005,-9.253679165E-005,5.326219670E-002,5.326361521E-002,0.000000000E+000
E124-E,table_vii_124,E,0.0001,0.1,2000,-6.7850521865934614E-06,0,-2.2962609320566554E-07,0,880,-8.277325481E-006,1.174031219E-007,-3.008801328E-006,1.316569428E-005,1.288839644E-006,-4.199322024E-005,-9.253597492E-005,5.326240133E-002,5.326351678E-002,0.000000000E+000
E124-E,table_vii_124,E,0.0001,0.1,2000,-6.7850521865934614E-06,0,-2.2962609320566554E-07,0,896,-8.277327699E-006,1.174144502E-007,-3.008646352E-006,1.316565383E-005,1.288732653E-006,-4.199262067E-005,-9.253666076E-005,5.326215067E-002,5.326357076E-002,0.000000000E+000
E124-E,table_vii_124,E,0.0001,0.1,2000,-6.7850521865934614E-06,0,-2.2962609320566554E-07,0,912,-8.277312774E-006,1.174068270E-007,-3.008392435E-006,1.316568682E-005,1.288678260E-006,-4.199372514E-005,-9.253673779E-005,5.326217026E-002,5.326358315E-002,0.000000000E+000
E124-E,table_vii_124,E,0.0001,0.1,2000,-6.7850521865934614E-06,0,-2.2962609320566554E-07,0,928,-8.277390806E-006,1.174128435E-007,-3.008676288E-006,1.316565814E-005,1.288797699E-006,-4.199351527E-005,-9.253618447E-005,5.326243087E-002,5.326359931E-002,0.000000000E+000
E124-E,table_vii_124,E,0.0001,0.1,2000,-6.7850521865934614E-06,0,-2.2962609320566554E-07,0,944,-8.277256855E-006,1.173976141E-007,-3.008689717E-006,1.316576626E-005,1.288763901E-006,-4.199280273E-005,-9.253668857E-005,5.326230811E-002,5.326364225E-002,0.000000000E+000
E124-E,table_vii_124,E,0.0001,0.1,2000,-6.7850521865934614E-06,0,-2.2962609320566554E-07,0,960,-8.277272803E-006,1.174307709E-007,-3.008397834E-006,1.316571632E-005,1.288669039E-006,-4.199336406E-005,-9.253676190E-005,5.326219939E-002,5.326361115E-002,0.000000000E+000
E124-E,table_vii_124,E,0.0001,0.1,2000,-6.7850521865934614E-06,0,-2.2962609320566554E-07,0,976,-8.277349463E-006,1.174199782E-007,-3.008873608E-006,1.316567512E-005,1.288803752E-006,-4.199342431E-005,-9.253636614E-005,5.326232595E-002,5.326359034E-002,0.000000000E+000
E124-E,table_vii_124,E,0.0001,0.1,2000,-6.7850521865934614E-06,0,-2.2962609320566554E-07,0,992,-8.277401267E-006,1.174064966E-007,-3.008631580E-006,1.316563240E-005,1.288781175E-006,-4.199294659E-005,-9.253637909E-005,5.326227731E-002,5.326356171E-002,0.000000000E+000
E124-E,table_vii_124,E,0.0001,0.1,2000,-6.7850521865934614E-06,0,-2.2962609320566554E-07,0,1008,-8.277435242E-006,1.174042328E-007,-3.008621309E-006,1.316559063E-005,1.288767621E-006,-4.199317292E-005,-9.253663979E-005,5.326217165E-002,5.326356607E-002,0.000000000E+000
E124-E,table_vii_124,E,0.0001,0.1,2000,-6.7850521865934614E-06,0,-2.2962609320566554E-07,0,1024,-8.277489513E-006,1.173885779E-007,-3.008558968E-006,1.316555322E-005,1.288768869E-006,-4.199341872E-005,-9.253649880E-005,5.326224301E-002,5.326357630E-002,0.000000000E+000
E124-E,table_vii_124,E,0.0001,0.1,2000,-6.7850521865934614E-06,0,-2.2962609320566554E-07,0,1040,-8.277296552E-006,1.174148428E-007,-3.008753685E-006,1.316572007E-005,1.288763357E-006,-4.199317731E-005,-9.253627237E-005,5.326231355E-002,5.326356316E-002,0.000000000E+000
E124-E,table_vii_124,E,0.0001,0.1,2000,-6.7850521865934614E-06,0,-2.2962609320566554E-07,0,1056,-8.277309716E-006,1.174110759E-007,-3.008531192E-006,1.316567550E-005,1.288748671E-006,-4.199299295E-005,-9.253640129E-005,5.326222089E-002,5.326352408E-002,0.000000000E+000
E124-E,table_vii_124,E,0.0001,0.1,2000,-6.7850521865934614E-06,0,-2.2962609320566554E-07,0,1072,-8.277453044E-006,1.174064150E-007,-3.008666016E-006,1.316557137E-005,1.288761274E-006,-4.199331870E-005,-9.253658750E-005,5.326218788E-002,5.326357534E-002,0.000000000E+000
E124-E,table_vii_124,E,0.0001,0.1,2000,-6.7850521865934614E-06,0,-2.2962609320566554E-07,0,1088,-8.277529676E-006,1.174012971E-007,-3.008689557E-006,1.316554011E-005,1.288816420E-006,-4.199342936E-005,-9.253646037E-005,5.326229379E-002,5.326359329E-002,0.000000000E+000
E124-E,table_vii_124,E,0.0001,0.1,2000,-6.7850521865934614E-06,0,-2.2962609320566554E-07,0,1104,-8.277575529E-006,1.174238044E-007,-3.008878886E-006,1.316549076E-005,1.288855412E-006,-4.199296482E-005,-9.253628168E-005,5.326227163E-002,5.326355462E-002,0.000000000E+000
E124-E,table_vii_124,E,0.0001,0.1,2000,-6.7850521865934614E-06,0,-2.2962609320566554E-07,0,1120,-8.277415239E-006,1.174255687E-007,-3.008670312E-006,1.316558508E-005,1.288763409E-006,-4.199302019E-005,-9.253658841E-005,5.326213415E-002,5.326354011E-002,0.000000000E+000
E124-E,table_vii_124,E,0.0001,0.1,2000,-6.7850521865934614E-06,0,-2.2962609320566554E-07,0,1136,-8.277404740E-006,1.174227714E-007,-3.008624698E-006,1.316562682E-005,1.288755195E-006,-4.199367905E-005,-9.253659613E-005,5.326223763E-002,5.326359289E-002,0.000000000E+000
E124-E,table_vii_124,E,0.0001,0.1,2000,-6.7850521865934614E-06,0,-2.2962609320566554E-07,0,1152,-8.277467528E-006,1.174266058E-007,-3.008438377E-006,1.316558809E-005,1.288750988E-006,-4.199324259E-005,-9.253620987E-005,5.326237086E-002,5.326358434E-002,0.000000000E+000
E124-E,table_vii_124,E,0.0001,0.1,2000,-6.7850521865934614E-06,0,-2.2962609320566554E-07,0,1168,-8.277470649E-006,1.173962932E-007,-3.008298211E-006,1.316554645E-005,1.288718868E-006,-4.199278530E-005,-9.253659619E-005,5.326220354E-002,5.326357814E-002,0.000000000E+000
E124-E,table_vii_124,E,0.0001,0.1,2000,-6.7850521865934614E-06,0,-2.2962609320566554E-07,0,1184,-8.277432729E-006,1.174164867E-007,-3.008481025E-006,1.316556894E-005,1.288711726E-006,-4.199334240E-005,-9.253661964E-005,5.326215410E-002,5.326356610E-002,0.000000000E+000
E124-E,table_vii_124,E,0.0001,0.1,2000,-6.7850521865934614E-06,0,-2.2962609320566554E-07,0,1200,-8.277342218E-006,1.174074368E-007,-3.008408035E-006,1.316567712E-005,1.288701897E-006,-4.199345301E-005,-9.253640527E-005,5.326230893E-002,5.326359000E-002,0.000000000E+000
E124-E,table_vii_124,E,0.0001,0.1,2000,-6.7850521865934614E-06,0,-2.2962609320566554E-07,0,1216,-8.277390667E-006,1.174111488E-007,-3.008830106E-006,1.316563336E-005,1.288820229E-006,-4.199294963E-005,-9.253630879E-005,5.326229229E-002,5.326355522E-002,0.000000000E+000
E124-E,table_vii_124,E,0.0001,0.1,2000,-6.7850521865934614E-06,0,-2.2962609320566554E-07,0,1232,-8.277401517E-006,1.174170256E-007,-3.008560577E-006,1.316558543E-005,1.288754407E-006,-4.199300162E-005,-9.253656811E-005,5.326214319E-002,5.326353178E-002,0.000000000E+000
E124-E,table_vii_124,E,0.0001,0.1,2000,-6.7850521865934614E-06,0,-2.2962609320566554E-07,0,1248,-8.277377639E-006,1.174211975E-007,-3.008704441E-006,1.316560704E-005,1.288768035E-006,-4.199333030E-005,-9.253628951E-005,5.326218705E-002,5.326349665E-002,0.000000000E+000
E124-E,table_vii_124,E,0.0001,0.1,2000,-6.7850521865934614E-06,0,-2.2962609320566554E-07,0,1264,-8.277283075E-006,1.174129196E-007,-3.008639681E-006,1.316571441E-005,1.288739387E-006,-4.199316354E-005,-9.253635964E-005,5.326224656E-002,5.326354045E-002,0.000000000E+000
E124-E,table_vii_124,E,0.0001,0.1,2000,-6.7850521865934614E-06,0,-2.2962609320566554E-07,0,1280,-8.277419506E-006,1.174070693E-007,-3.008613785E-006,1.316560146E-005,1.288775215E-006,-4.199308311E-005,-9.253637838E-005,5.326220401E-002,5.326352001E-002,0.000000000E+000
E124-E,table_vii_124,E,0.0001,0.1,2000,-6.7850521865934614E-06,0,-2.2962609320566554E-07,0,1296,-8.277537707E-006,1.174045930E-007,-3.008688898E-006,1.316549041E-005,1.288815702E-006,-4.199317987E-005,-9.253639260E-005,5.326218380E-002,5.326351786E-002,0.000000000E+000
E124-E,table_vii_124,E,0.0001,0.1,2000,-6.7850521865934614E-06,0,-2.2962609320566554E-07,0,1312,-8.277361201E-006,1.173962149E-007,-3.008383085E-006,1.316565683E-005,1.288714514E-006,-4.199318000E-005,-9.253629920E-005,5.326222289E-002,5.326350834E-002,0.000000000E+000
E124-E,table_vii_124,E,0.0001,0.1,2000,-6.7850521865934614E-06,0,-2.2962609320566554E-07,0,1328,-8.277456665E-006,1.174030131E-007,-3.008541393E-006,1.316554891E-005,1.288764963E-006,-4.199309441E-005,-9.253637199E-005,5.326220094E-002,5.326352257E-002,0.000000000E+000
E124-E,table_vii_124,E,0.0001,0.1,2000,-6.7850521865934614E-06,0,-2.2962609320566554E-07,0,1344,-8.277515243E-006,1.174222863E-007,-3.008486755E-006,1.316551203E-005,1.288756397E-006,-4.199324905E-005,-9.253646568E-005,5.326219287E-002,5.326354558E-002,0.000000000E+000
E124-E,table_vii_124,E,0.0001,0.1,2000,-6.7850521865934614E-06,0,-2.2962609320566554E-07,0,1360,-8.277494098E-006,1.174289269E-007,-3.008785746E-006,1.316554617E-005,1.288815112E-006,-4.199335067E-005,-9.253637283E-005,5.326226313E-002,5.326356390E-002,0.000000000E+000
E124-E,table_vii_124,E,0.0001,0.1,2000,-6.7850521865934614E-06,0,-2.2962609320566554E-07,0,1376,-8.277264633E-006,1.173994426E-007,-3.008605523E-006,1.316571982E-005,1.288721631E-006,-4.199306319E-005,-9.253650317E-005,5.326225691E-002,5.326358429E-002,0.000000000E+000
E124-E,table_vii_124,E,0.0001,0.1,2000,-6.7850521865934614E-06,0,-2.2962609320566554E-07,0,1392,-8.277226197E-006,1.173990996E-007,-3.008522508E-006,1.316575222E-005,1.288730990E-006,-4.199327202E-005,-9.253663464E-005,5.326223182E-002,5.326357354E-002,0.000000000E+000
E124-E,table_vii_124,E,0.0001,0.1,2000,-6.7850521865934614E-06,0,-2.2962609320566554E-07,0,1408,-8.277226262E-006,1.174109249E-007,-3.008530567E-006,1.316578544E-005,1.288700378E-006,-4.199338163E-005,-9.253653930E-005,5.326229353E-002,5.326360495E-002,0.000000000E+000
E124-E,table_vii_124,E,0.0001,0.1,2000,-6.7850521865934614E-06,0,-2.2962609320566554E-07,0,1424,-8.277358143E-006,1.174213017E-007,-3.008553010E-006,1.316569145E-005,1.288701590E-006,-4.199339046E-005,-9.253671941E-005,5.326232871E-002,5.326369303E-002,0.000000000E+000
E124-E,table_vii_124,E,0.0001,0.1,2000,-6.7850521865934614E-06,0,-2.2962609320566554E-07,0,1440,-8.277492708E-006,1.174144053E-007,-3.008688792E-006,1.316556744E-005,1.288817331E-006,-4.199316520E-005,-9.253629995E-005,5.326233416E-002,5.326357864E-002,0.000000000E+000
E124-E,table_vii_124,E,0.0001,0.1,2000,-6.7850521865934614E-06,0,-2.2962609320566554E-07,0,1456,-8.277422916E-006,1.174070234E-007,-3.008589810E-006,1.316559489E-005,1.288743108E-006,-4.199292272E-005,-9.253661480E-005,5.326219764E-002,5.326358857E-002,0.000000000E+000
E124-E,table_vii_124,E,0.0001,0.1,2000,-6.7850521865934614E-06,0,-2.2962609320566554E-07,0,1472,-8.277320815E-006,1.174067941E-007,-3.008787898E-006,1.316570852E-005,1.288743921E-006,-4.199366189E-005,-9.253684848E-005,5.326224135E-002,5.326366195E-002,0.000000000E+000
E124-E,table_vii_124,E,0.0001,0.1,2000,-6.7850521865934614E-06,0,-2.2962609320566554E-07,0,1488,-8.277399807E-006,1.174076517E-007,-3.008446875E-006,1.316567545E-005,1.288755547E-006,-4.199357579E-005,-9.253633048E-005,5.326245633E-002,5.326364384E-002,0.000000000E+000
E124-E,table_vii_124,E,0.0001,0.1,2000,-6.7850521865934614E-06,0,-2.2962609320566554E-07,0,1504,-8.277425600E-006,1.174045824E-007,-3.008340029E-006,1.316562553E-005,1.288731691E-006,-4.199268475E-005,-9.253639485E-005,5.326231999E-002,5.326359214E-002,0.000000000E+000
E124-E,table_vii_124,E,0.0001,0.1,2000,-6.7850521865934614E-06,0,-2.2962609320566554E-07,0,1520,-8.277430167E-006,1.174295559E-007,-3.008830863E-006,1.316557567E-005,1.288787336E-006,-4.199311731E-005,-9.253680218E-005,5.326210115E-002,5.326357491E-002,0.000000000E+000
E124-E,table_vii_124,E,0.0001,0.1,2000,-6.7850521865934614E-06,0,-2.2962609320566554E-07,0,1536,-8.277426850E-006,1.174076048E-007,-3.008577104E-006,1.316560991E-005,1.288768791E-006,-4.199373827E-005,-9.253643136E-005,5.326228277E-002,5.326357286E-002,0.000000000E+000
E124-E,table_vii_124,E,0.0001,0.1,2000,-6.7850521865934614E-06,0,-2.2962609320566554E-07,0,1552,-8.277394028E-006,1.174116794E-007,-3.008568887E-006,1.316563474E-005,1.288785157E-006,-4.199294565E-005,-9.253603812E-005,5.326236539E-002,5.326352870E-002,0.000000000E+000
E124-E,table_vii_124,E,0.0001,0.1,2000,-6.7850521865934614E-06,0,-2.2962609320566554E-07,0,1568,-8.277317273E-006,1.174071535E-007,-3.008537447E-006,1.316567891E-005,1.288693633E-006,-4.199299739E-005,-9.253699353E-005,5.326214251E-002,5.326364270E-002,0.000000000E+000
E124-E,table_vii_124,E,0.0001,0.1,2000,-6.7850521865934614E-06,0,-2.2962609320566554E-07,0,1584,-8.277237168E-006,1.174072821E-007,-3.008818513E-006,1.316579244E-005,1.288750399E-006,-4.199402035E-005,-9.253677332E-005,5.326233488E-002,5.326368241E-002,0.000000000E+000
E124-E,table_vii_124,E,0.0001,0.1,2000,-6.7850521865934614E-06,0,-2.2962609320566554E-07,0,1600,-8.277379125E-006,1.174145855E-007,-3.008419520E-006,1.316567832E-005,1.288746483E-006,-4.199314232E-005,-9.253606086E-005,5.326250868E-002,5.326362033E-002,0.000000000E+000
E124-E,table_vii_124,E,0.0001,0.1,2000,-6.7850521865934614E-06,0,-2.2962609320566554E-07,0,1616,-8.277379169E-006,1.174248085E-007,-3.008490728E-006,1.316562615E-005,1.288716865E-006,-4.199251923E-005,-9.253664770E-005,5.326217600E-002,5.326358374E-002,0.000000000E+000
E124-E,table_vii_124,E,0.0001,0.1,2000,-6.7850521865934614E-06,0,-2.2962609320566554E-07,0,1632,-8.277433583E-006,1.174067614E-007,-3.008582897E-006,1.316559506E-005,1.288725734E-006,-4.199373773E-005,-9.253697388E-005,5.326213442E-002,5.326363103E-002,0.000000000E+000
E124-E,table_vii_124,E,0.0001,0.1,2000,-6.7850521865934614E-06,0,-2.2962609320566554E-07,0,1648,-8.277341149E-006,1.173875750E-007,-3.008511426E-006,1.316569849E-005,1.288778737E-006,-4.199358256E-005,-9.253616078E-005,5.326245124E-002,5.326358732E-002,0.000000000E+000
E124-E,table_vii_124,E,0.0001,0.1,2000,-6.7850521865934614E-06,0,-2.2962609320566554E-07,0,1664,-8.277280468E-006,1.174090446E-007,-3.008323784E-006,1.316571179E-005,1.288713338E-006,-4.199244729E-005,-9.253625039E-005,5.326228344E-002,5.326352464E-002,0.000000000E+000
E124-E,table_vii_124,E,0.0001,0.1,2000,-6.7850521865934614E-06,0,-2.2962609320566554E-07,0,1680,-8.277393247E-006,1.174210881E-007,-3.008478430E-006,1.316558435E-005,1.288703397E-006,-4.199299467E-005,-9.253669985E-005,5.326200029E-002,5.326349104E-002,0.000000000E+000
E124-E,table_vii_124,E,0.0001,0.1,2000,-6.7850521865934614E-06,0,-2.2962609320566554E-07,0,1696,-8.277469007E-006,1.174000441E-007,-3.008494713E-006,1.316555879E-005,1.288745327E-006,-4.199382477E-005,-9.253644332E-005,5.326221224E-002,5.326354294E-002,0.000000000E+000
E124-E,table_vii_124,E,0.0001,0.1,2000,-6.7850521865934614E-06,0,-2.2962609320566554E-07,0,1712,-8.277351013E-006,1.174362366E-007,-3.008411831E-006,1.316564283E-005,1.288741733E-006,-4.199291464E-005,-9.253570379E-005,5.326235915E-002,5.326345073E-002,0.000000000E+000
E124-E,table_vii_124,E,0.0001,0.1,2000,-6.7850521865934614E-06,0,-2.2962609320566554E-07,0,1728,-8.277538206E-006,1.173978640E-007,-3.008550798E-006,1.316545690E-005,1.288773439E-006,-4.199239574E-005,-9.253652004E-005,5.326201071E-002,5.326345871E-002,0.000000000E+000
E124-E,table_vii_124,E,0.0001,0.1,2000,-6.7850521865934614E-06,0,-2.2962609320566554E-07,0,1744,-8.277321920E-006,1.174001454E-007,-3.008544620E-006,1.316563443E-005,1.288709962E-006,-4.199371720E-005,-9.253678646E-005,5.326203548E-002,5.326351539E-002,0.000000000E+000
E124-E,table_vii_124,E,0.0001,0.1,2000,-6.7850521865934614E-06,0,-2.2962609320566554E-07,0,1760,-8.277362314E-006,1.174154254E-007,-3.008373707E-006,1.316567241E-005,1.288746966E-006,-4.199369590E-005,-9.253591477E-005,5.326241887E-002,5.326351688E-002,0.000000000E+000
E124-E,table_vii_124,E,0.0001,0.1,2000,-6.7850521865934614E-06,0,-2.2962609320566554E-07,0,1776,-8.277217390E-006,1.174206315E-007,-3.008559594E-006,1.316576245E-005,1.288721530E-006,-4.199231950E-005,-9.253615812E-005,5.326225545E-002,5.326349995E-002,0.000000000E+000
E124-E,table_vii_124,E,0.0001,0.1,2000,-6.7850521865934614E-06,0,-2.2962609320566554E-07,0,1792,-8.277382773E-006,1.174118664E-007,-3.008542062E-006,1.316557674E-005,1.288718010E-006,-4.199313697E-005,-9.253681110E-005,5.326198101E-002,5.326350115E-002,0.000000000E+000
E124-E,table_vii_124,E,0.0001,0.1,2000,-6.7850521865934614E-06,0,-2.2962609320566554E-07,0,1808,-8.277391715E-006,1.174107672E-007,-3.008523786E-006,1.316561428E-005,1.288738301E-006,-4.199382302E-005,-9.253624169E-005,5.326226560E-002,5.326352504E-002,0.000000000E+000
E124-E,table_vii_124,E,0.0001,0.1,2000,-6.7850521865934614E-06,0,-2.2962609320566554E-07,0,1824,-8.277198771E-006,1.174101574E-007,-3.008188572E-006,1.316579086E-005,1.288663312E-006,-4.199295306E-005,-9.253611020E-005,5.326236887E-002,5.326353681E-002,0.000000000E+000
E124-E,table_vii_124,E,0.0001,0.1,2000,-6.7850521865934614E-06,0,-2.2962609320566554E-07,0,1840,-8.277472090E-006,1.174276828E-007,-3.008621775E-006,1.316553555E-005,1.288753892E-006,-4.199282736E-005,-9.253661949E-005,5.326211599E-002,5.326354855E-002,0.000000000E+000
E124-E,table_vii_124,E,0.0001,0.1,2000,-6.7850521865934614E-06,0,-2.2962609320566554E-07,0,1856,-8.277446540E-006,1.174271870E-007,-3.008673404E-006,1.316556247E-005,1.288752539E-006,-4.199355726E-005,-9.253647391E-005,5.326216333E-002,5.326353784E-002,0.000000000E+000
E124-E,table_vii_124,E,0.0001,0.1,2000,-6.7850521865934614E-06,0,-2.2962609320566554E-07,0,1872,-8.277448436E-006,1.174118879E-007,-3.008664157E-006,1.316559338E-005,1.288796373E-006,-4.199321767E-005,-9.253606992E-005,5.326231737E-002,5.326351694E-002,0.000000000E+000
E124-E,table_vii_124,E,0.0001,0.1,2000,-6.7850521865934614E-06,0,-2.2962609320566554E-07,0,1888,-8.277467043E-006,1.174109556E-007,-3.008662638E-006,1.316555270E-005,1.288766601E-006,-4.199278232E-005,-9.253645581E-005,5.326217113E-002,5.326354124E-002,0.000000000E+000
E124-E,table_vii_124,E,0.0001,0.1,2000,-6.7850521865934614E-06,0,-2.2962609320566554E-07,0,1904,-8.277424097E-006,1.174132987E-007,-3.008669638E-006,1.316558420E-005,1.288759355E-006,-4.199341075E-005,-9.253662694E-005,5.326214007E-002,5.326355070E-002,0.000000000E+000
E124-E,table_vii_124,E,0.0001,0.1,2000,-6.7850521865934614E-06,0,-2.2962609320566554E-07,0,1920,-8.277401491E-006,1.174009340E-007,-3.008646615E-006,1.316561617E-005,1.288781370E-006,-4.199336485E-005,-9.253623337E-005,5.326230019E-002,5.326354085E-002,0.000000000E+000
E124-E,table_vii_124,E,0.0001,0.1,2000,-6.7850521865934614E-06,0,-2.2962609320566554E-07,0,1936,-8.277368336E-006,1.174132009E-007,-3.008608824E-006,1.316564984E-005,1.288759972E-006,-4.199299745E-005,-9.253644033E-005,5.326226109E-002,5.326356952E-002,0.000000000E+000
E124-E,table_vii_124,E,0.0001,0.1,2000,-6.7850521865934614E-06,0,-2.2962609320566554E-07,0,1952,-8.277302968E-006,1.174119906E-007,-3.008711093E-006,1.316569049E-005,1.288756717E-006,-4.199336692E-005,-9.253678242E-005,5.326222141E-002,5.326362154E-002,0.000000000E+000
E124-E,table_vii_124,E,0.0001,0.1,2000,-6.7850521865934614E-06,0,-2.2962609320566554E-07,0,1968,-8.277486597E-006,1.174116675E-007,-3.008641476E-006,1.316557747E-005,1.288785005E-006,-4.199337862E-005,-9.253638290E-005,5.326232077E-002,5.326359783E-002,0.000000000E+000
E124-E,table_vii_124,E,0.0001,0.1,2000,-6.7850521865934614E-06,0,-2.2962609320566554E-07,0,1984,-8.277339426E-006,1.174215796E-007,-3.008661729E-006,1.316567499E-005,1.288751744E-006,-4.199297706E-005,-9.253646997E-005,5.326227319E-002,5.326359006E-002,0.000000000E+000
E124-E,table_vii_124,E,0.0001,0.1,2000,-6.7850521865934614E-06,0,-2.2962609320566554E-07,0,2000,-8.277374268E-006,1.174171630E-007,-3.008507939E-006,1.316562209E-005,1.288752092E-006,-4.199313137E-005,-9.253641215E-005,5.326219644E-002,5.326351675E-002,0.000000000E+000
F377.3,symmetric_V377.3,critical,0.0001,0.1,3000,-0.00011151000555694583,0,-0.00011101971386159886,0,0,0.000000000E+000,1.593975619E-007,-2.168934099E-006,-4.176047313E-044,7.961144268E-006,0.000000000E+000,1.000000000E-004,0.000000000E+000,1.000000000E-004,0.000000000E+000
F377.3,symmetric_V377.3,critical,0.0001,0.1,3000,-0.00011151000555694583,0,-0.00011101971386159886,0,25,0.000000000E+000,1.589564712E-007,-2.162873911E-006,-3.101844579E-019,7.939077118E-006,0.000000000E+000,9.972272628E-005,0.000000000E+000,9.972278652E-005,0.000000000E+000
F377.3,symmetric_V377.3,critical,0.0001,0.1,3000,-0.00011151000555694583,0,-0.00011101971386159886,0,50,1.387778781E-017,1.585159186E-007,-2.156879479E-006,6.037508573E-020,7.917072266E-006,0.000000000E+000,9.944630781E-005,0.000000000E+000,9.944637203E-005,0.000000000E+000
F377.3,symmetric_V377.3,critical,0.0001,0.1,3000,-0.00011151000555694583,0,-0.00011101971386159886,0,75,8.326672685E-017,1.580764540E-007,-2.150899715E-006,1.006586161E-018,7.895124937E-006,5.551115123E-017,9.917063890E-005,0.000000000E+000,9.917070010E-005,0.000000000E+000
F377.3,symmetric_V377.3,critical,0.0001,0.1,3000,-0.00011151000555694583,0,-0.00011101971386159886,0,100,1.387778781E-016,1.576383318E-007,-2.144938388E-006,3.729337174E-018,7.873241296E-006,8.326672685E-017,9.889575003E-005,-2.842170943E-014,9.889581312E-005,0.000000000E+000
F377.3,symmetric_V377.3,critical,0.0001,0.1,3000,-0.00011151000555694583,0,-0.00011101971386159886,0,125,7.771561172E-016,1.572013187E-007,-2.138991787E-006,1.041390695E-017,7.851416164E-006,3.330669074E-016,9.862161020E-005,-1.705302566E-013,9.862167203E-005,0.000000000E+000
F377.3,symmetric_V377.3,critical,0.0001,0.1,3000,-0.00011151000555694583,0,-0.00011101971386159886,0,150,4.829470157E-015,1.567656087E-007,-2.133063464E-006,5.613385652E-017,7.829653202E-006,1.054711873E-015,9.834824256E-005,-6.252776075E-013,9.834830465E-005,0.000000000E+000
F377.3,symmetric_V377.3,critical,0.0001,0.1,3000,-0.00011151000555694583,0,-0.00011101971386159886,0,175,1.985911435E-014,1.563310346E-007,-2.127149982E-006,2.142068777E-016,7.807949488E-006,4.163336342E-015,9.807562362E-005,-1.705302566E-012,9.807568564E-005,0.000000000E+000
F377.3,symmetric_V377.3,critical,0.0001,0.1,3000,-0.00011151000555694583,0,-0.00011101971386159886,0,200,6.583622536E-014,1.558977141E-007,-2.121254348E-006,6.904359607E-016,7.786306664E-006,1.443289932E-014,9.780376828E-005,-6.167510946E-012,9.780382966E-005,0.000000000E+000
F377.3,symmetric_V377.3,critical,0.0001,0.1,3000,-0.00011151000555694583,0,-0.00011101971386159886,0,225,1.099222102E-010,1.554655602E-007,-2.115373890E-006,5.905056362E-010,7.764723597E-006,-2.033739843E-011,9.753266171E-005,6.730431323E-009,9.753272377E-005,0.000000000E+000
F377.3,symmetric_V377.3,critical,0.0001,0.1,3000,-0.00011151000555694583,0,-0.00011101971386159886,0,250,-1.842651032E-012,1.550346402E-007,-2.109510599E-006,2.909638486E-010,7.743200416E-006,-8.016762254E-011,9.726231136E-005,5.304173101E-009,9.726237236E-005,0.000000000E+000
F377.3,symmetric_V377.3,critical,0.0001,0.1,3000,-0.00011151000555694583,0,-0.00011101971386159886,0,275,2.027614882E-010,1.546048986E-007,-2.103662965E-006,-5.418054810E-012,7.721737092E-006,2.269861521E-010,9.699270811E-005,5.819259741E-009,9.699276987E-005,0.000000000E+000
F377.3,symmetric_V377.3,critical,0.0001,0.1,3000,-0.00011151000555694583,0,-0.00011101971386159886,0,300,-6.777139960E-011,1.541763457E-007,-2.097831924E-006,-2.861977832E-010,7.700333021E-006,-1.333871902E-011,9.672385421E-005,-6.905821692E-009,9.672391497E-005,0.000000000E+000
F377.3,symmetric_V377.3,critical,0.0001,0.1,3000,-0.00011151000555694583,0,-0.00011101971386159886,0,325,1.571659469E-013,1.537489912E-007,-2.092016878E-006,-1.521430297E-011,7.678988688E-006,-4.608868842E-012,9.645574553E-005,2.117417353E-009,9.645580695E-005,0.000000000E+000
F377.3,symmetric_V377.3,critical,0.0001,0.1,3000,-0.00011151000555694583,0,-0.00011101971386159886,0,350,5.166797545E-011,1.533228114E-007,-2.086218051E-006,-6.039272850E-012,7.657703175E-006,7.545403191E-011,9.618838051E-005,2.384268782E-009,9.618844107E-005,0.000000000E+000
F377.3,symmetric_V377.3,critical,0.0001,0.1,3000,-0.00011151000555694583,0,-0.00011101971386159886,0,375,-1.432454155E-010,1.528978217E-007,-2.080435268E-006,-2.958284890E-010,7.636477084E-006,-8.319256395E-011,9.592175760E-005,-1.575216402E-009,9.592181864E-005,0.000000000E+000
F377.3,symmetric_V377.3,critical,0.0001,0.1,3000,-0.00011151000555694583,0,-0.00011101971386159886,0,400,-3.678105043E-011,1.524740017E-007,-2.074668511E-006,-1.091524355E-011,7.615309529E-006,-2.933531196E-011,9.565587360E-005,1.128597660E-009,9.565593402E-005,0.000000000E+000
F377.3,symmetric_V377.3,critical,0.0001,0.1,3000,-0.00011151000555694583,0,-0.00011101971386159886,0,425,3.017641692E-011,1.520513673E-007,-2.068917782E-006,-2.696198847E-010,7.594200993E-006,1.311561137E-010,9.539072807E-005,-6.562117960E-009,9.539078873E-005,0.000000000E+000
F377.3,symmetric_V377.3,critical,0.0001,0.1,3000,-0.00011151000555694583,0,-0.00011101971386159886,0,450,1.347781053E-010,1.516298968E-007,-2.063182977E-006,3.184625147E-010,7.573150761E-006,4.617184413E-011,9.512631709E-005,2.565684554E-009,9.512637733E-005,0.000000000E+000
F377.3,symmetric_V377.3,critical,0.0001,0.1,3000,-0.00011151000555694583,0,-0.00011101971386159886,0,475,-6.360120763E-012,1.512096090E-007,-2.057464172E-006,3.193446146E-010,7.552159123E-006,-6.497188898E-011,9.486264040E-005,3.970001217E-009,9.486270068E-005,0.000000000E+000
F377.3,symmetric_V377.3,critical,0.0001,0.1,3000,-0.00011151000555694583,0,-0.00011101971386159886,0,500,-4.070752069E-011,1.507904739E-007,-2.051760971E-006,3.202310084E-010,7.531225529E-006,-1.181885423E-010,9.459969434E-005,1.419664386E-009,9.459975437E-005,0.000000000E+000
F377.3,symmetric_V377.3,critical,0.0001,0.1,3000,-0.00011151000555694583,0,-0.00011101971386159886,0,525,1.202396516E-011,1.503725051E-007,-2.046073902E-006,-2.323851022E-010,7.510350165E-006,8.686815156E-011,9.433747841E-005,-4.930910791E-009,9.433753837E-005,0.000000000E+000
F377.3,symmetric_V377.3,critical,0.0001,0.1,3000,-0.00011151000555694583,0,-0.00011101971386159886,0,550,4.735167813E-011,1.499556965E-007,-2.040402486E-006,-2.008354228E-010,7.489532617E-006,4.276207166E-011,9.407598926E-005,1.819557838E-010,9.407604907E-005,0.000000000E+000
F377.3,symmetric_V377.3,critical,0.0001,0.1,3000,-0.00011151000555694583,0,-0.00011101971386159886,0,575,-4.641084739E-011,1.495400482E-007,-2.034746870E-006,5.395708146E-011,7.468772856E-006,-3.851569064E-011,9.381522587E-005,8.173657307E-009,9.381528552E-005,0.000000000E+000
F377.3,symmetric_V377.3,critical,0.0001,0.1,3000,-0.00011151000555694583,0,-0.00011101971386159886,0,600,4.276458354E-011,1.491255384E-007,-2.029106747E-006,6.328576657E-011,7.448070637E-006,2.158803691E-011,9.355518541E-005,-8.872206081E-009,9.355524498E-005,0.000000000E+000
F377.3,symmetric_V377.3,critical,0.0001,0.1,3000,-0.00011151000555694583,0,-0.00011101971386159886,0,625,3.824233985E-011,1.487121910E-007,-2.023482529E-006,-2.227301623E-010,7.427425889E-006,1.023529872E-010,9.329586661E-005,5.001794534E-009,9.329592599E-005,0.000000000E+000
F377.3,symmetric_V377.3,critical,0.0001,0.1,3000,-0.00011151000555694583,0,-0.00011101971386159886,0,650,3.003451654E-011,1.482999823E-007,-2.017873656E-006,3.815702979E-010,7.406838368E-006,-6.599479296E-011,9.303726690E-005,-6.044928114E-009,9.303732620E-005,0.000000000E+000
F377.3,symmetric_V377.3,critical,0.0001,0.1,3000,-0.00011151000555694583,0,-0.00011101971386159886,0,675,-1.796462562E-010,1.478889296E-007,-2.012280497E-006,-2.007883953E-010,7.386307960E-006,-1.403675787E-010,9.277938454E-005,8.922796724E-009,9.277944365E-005,0.000000000E+000
F377.3,symmetric_V377.3,critical,0.0001,0.1,3000,-0.00011151000555694583,0,-0.00011101971386159886,0,700,1.547584838E-010,1.474790078E-007,-2.006702833E-006,7.418230548E-011,7.365834515E-006,1.763196256E-010,9.252221746E-005,-6.987335155E-009,9.252227648E-005,0.000000000E+000
F377.3,symmetric_V377.3,critical,0.0001,0.1,3000,-0.00011151000555694583,0,-0.00011101971386159886,0,725,1.695155544E-010,1.470702334E-007,-2.001140600E-006,6.537775049E-011,7.345417832E-006,1.310733744E-010,9.226576382E-005,5.510145229E-009,9.226582264E-005,0.000000000E+000
F377.3,symmetric_V377.3,critical,0.0001,0.1,3000,-0.00011151000555694583,0,-0.00011101971386159886,0,750,-1.107054726E-011,1.466625806E-007,-1.995593749E-006,-2.302728802E-010,7.325057797E-006,4.854266988E-011,9.201002144E-005,-7.563613735E-009,9.201008017E-005,0.000000000E+000
F377.3,symmetric_V377.3,critical,0.0001,0.1,3000,-0.00011151000555694583,0,-0.00011101971386159886,0,775,1.263219668E-010,1.462560697E-007,-1.990062398E-006,3.563962880E-010,7.304754237E-006,6.189021517E-012,9.175498850E-005,6.664549801E-009,9.175504705E-005,0.000000000E+000
F377.3,symmetric_V377.3,critical,0.0001,0.1,3000,-0.00011151000555694583,0,-0.00011101971386159886,0,800,1.063014676E-010,1.458506700E-007,-1.984546383E-006,-2.173714085E-010,7.284507012E-006,2.021663670E-010,9.150066292E-005,-1.029329155E-008,9.150072138E-005,0.000000000E+000
F377.3,symmetric_V377.3,critical,0.0001,0.1,3000,-0.00011151000555694583,0,-0.00011101971386159886,0,825,1.559268686E-010,1.454464046E-007,-1.979045578E-006,9.984641009E-011,7.264315919E-006,5.630637623E-011,9.124704283E-005,2.051035608E-008,9.124710113E-005,0.000000000E+000
F377.3,symmetric_V377.3,critical,0.0001,0.1,3000,-0.00011151000555694583,0,-0.00011101971386159886,0,850,1.538885269E-010,1.450432596E-007,-1.973560107E-006,9.157530335E-011,7.244180856E-006,2.594958137E-010,9.099412622E-005,-1.612460210E-008,9.099418441E-005,0.000000000E+000
F377.3,symmetric_V377.3,critical,0.0001,0.1,3000,-0.00011151000555694583,0,-0.00011101971386159886,0,875,7.303464777E-011,1.446412222E-007,-1.968089754E-006,3.603316156E-010,7.224101619E-006,-1.048341136E-010,9.074191104E-005,2.999627213E-009,9.074196912E-005,0.000000000E+000
F377.3,symmetric_V377.3,critical,0.0001,0.1,3000,-0.00011151000555694583,0,-0.00011101971386159886,0,900,6.512299033E-011,1.442403267E-007,-1.962634708E-006,6.589427285E-011,7.204078093E-006,1.337296107E-010,9.049039554E-005,1.013242468E-008,9.049045345E-005,0.000000000E+000
F377.3,symmetric_V377.3,critical,0.0001,0.1,3000,-0.00011151000555694583,0,-0.00011101971386159886,0,925,9.400788481E-011,1.438405188E-007,-1.957194771E-006,-2.412597551E-010,7.184110112E-006,1.207164646E-010,9.023957763E-005,-2.277778322E-008,9.023963542E-005,0.000000000E+000
F377.3,symmetric_V377.3,critical,0.0001,0.1,3000,-0.00011151000555694583,0,-0.00011101971386159886,0,950,-1.535754857E-011,1.434418274E-007,-1.951769798E-006,3.332686918E-010,7.164197489E-006,-7.272366043E-011,8.998945544E-005,2.497031915E-008,8.998951309E-005,0.000000000E+000
F377.3,symmetric_V377.3,critical,0.0001,0.1,3000,-0.00011151000555694583,0,-0.00011101971386159886,0,975,-1.841010677E-011,1.430442441E-007,-1.946360014E-006,-2.331532636E-010,7.144340119E-006,2.163685897E-011,8.974002692E-005,-2.539798061E-008,8.974008443E-005,0.000000000E+000
F377.3,symmetric_V377.3,critical,0.0001,0.1,3000,-0.00011151000555694583,0,-0.00011101971386159886,0,1000,-1.747155198E-011,1.426477553E-007,-1.940965164E-006,6.709964165E-011,7.124537817E-006,-4.545416821E-011,8.949129021E-005,2.457719006E-008,8.949134761E-005,0.000000000E+000
F377.3,symmetric_V377.3,critical,0.0001,0.1,3000,-0.00011151000555694583,0,-0.00011101971386159886,0,1025,-5.124067837E-012,1.422523789E-007,-1.935585295E-006,8.858539202E-011,7.104790440E-006,-1.148184325E-011,8.924324349E-005,-2.376515340E-008,8.924330075E-005,0.000000000E+000
F377.3,symmetric_V377.3,critical,0.0001,0.1,3000,-0.00011151000555694583,0,-0.00011101971386159886,0,1050,-1.197970473E-010,1.418580974E-007,-1.930220330E-006,6.739450081E-011,7.085097844E-006,-1.702593344E-010,8.899588482E-005,2.268956223E-008,8.899594196E-005,0.000000000E+000
F377.3,symmetric_V377.3,critical,0.0001,0.1,3000,-0.00011151000555694583,0,-0.00011101971386159886,0,1075,5.556612115E-011,1.414649001E-007,-1.924870313E-006,8.029271040E-011,7.065459877E-006,9.941483747E-011,8.874921222E-005,-1.986373377E-008,8.874926923E-005,0.000000000E+000
F377.3,symmetric_V377.3,critical,0.0001,0.1,3000,-0.00011151000555694583,0,-0.00011101971386159886,0,1100,-1.209774225E-010,1.410728000E-007,-1.919535125E-006,-5.093820328E-010,7.045876371E-006,-6.887138082E-011,8.850322377E-005,1.193433263E-008,8.850328064E-005,0.000000000E+000
F377.3,symmetric_V377.3,critical,0.0001,0.1,3000,-0.00011151000555694583,0,-0.00011101971386159886,0,1125,-7.730588392E-011,1.406817841E-007,-1.914214659E-006,-1.874297893E-010,7.026347168E-006,1.706351727E-011,8.825791754E-005,-1.712862741E-008,8.825797429E-005,0.000000000E+000
F377.3,symmetric_V377.3,critical,0.0001,0.1,3000,-0.00011151000555694583,0,-0.00011101971386159886,0,1150,-2.591624138E-011,1.402918562E-007,-1.908908898E-006,1.155677140E-010,7.006872127E-006,-1.558636831E-010,8.801329180E-005,-1.647265435E-009,8.801334841E-005,0.000000000E+000
F377.3,symmetric_V377.3,critical,0.0001,0.1,3000,-0.00011151000555694583,0,-0.00011101971386159886,0,1175,1.020605961E-010,1.399030102E-007,-1.903617970E-006,4.293251825E-010,6.987451117E-006,9.860121053E-011,8.776934452E-005,9.790824151E-009,8.776940098E-005,0.000000000E+000
F377.3,symmetric_V377.3,critical,0.0001,0.1,3000,-0.00011151000555694583,0,-0.00011101971386159886,0,1200,-1.763548751E-010,1.395152384E-007,-1.898341693E-006,-1.776060782E-010,6.968083971E-006,-2.041198044E-010,8.752607382E-005,-9.242626220E-009,8.752613015E-005,0.000000000E+000
F377.3,symmetric_V377.3,critical,0.0001,0.1,3000,-0.00011151000555694583,0,-0.00011101971386159886,0,1225,5.262808245E-011,1.391285451E-007,-1.893080097E-006,1.160262671E-010,6.948770547E-006,8.209993796E-011,8.728347778E-005,1.003684247E-008,8.728353399E-005,0.000000000E+000
F377.3,symmetric_V377.3,critical,0.0001,0.1,3000,-0.00011151000555694583,0,-0.00011101971386159886,0,1250,5.744492382E-011,1.387429244E-007,-1.887832950E-006,9.845079181E-011,6.929510672E-006,2.210409633E-011,8.704155470E-005,-4.779110441E-009,8.704161079E-005,0.000000000E+000
F377.3,symmetric_V377.3,critical,0.0001,0.1,3000,-0.00011151000555694583,0,-0.00011101971386159886,0,1275,-8.398697016E-011,1.383583652E-007,-1.882600514E-006,9.634415871E-011,6.910304239E-006,-1.064383304E-010,8.680030259E-005,6.858101642E-009,8.680035854E-005,0.000000000E+000
F377.3,symmetric_V377.3,critical,0.0001,0.1,3000,-0.00011151000555694583,0,-0.00011101971386159886,0,1300,1.351095624E-010,1.379748886E-007,-1.877382458E-006,8.556068377E-011,6.891151052E-006,1.120445958E-010,8.655971964E-005,-2.241336006E-009,8.655977545E-005,0.000000000E+000
F377.3,symmetric_V377.3,critical,0.0001,0.1,3000,-0.00011151000555694583,0,-0.00011101971386159886,0,1325,2.983850667E-011,1.375924673E-007,-1.872178972E-006,7.150698235E-011,6.872051006E-006,9.628881026E-012,8.631980394E-005,4.874834758E-009,8.631985962E-005,0.000000000E+000
F377.3,symmetric_V377.3,critical,0.0001,0.1,3000,-0.00011151000555694583,0,-0.00011101971386159886,0,1350,3.911598823E-011,1.372111049E-007,-1.866989970E-006,9.314759190E-011,6.853003936E-006,1.922154103E-011,8.608055359E-005,3.988134267E-010,8.608060912E-005,0.000000000E+000
F377.3,symmetric_V377.3,critical,0.0001,0.1,3000,-0.00011151000555694583,0,-0.00011101971386159886,0,1375,-1.386220166E-010,1.368308039E-007,-1.861815240E-006,-1.770289986E-010,6.834009686E-006,-1.142478612E-010,8.584196687E-005,-6.475602277E-010,8.584202229E-005,0.000000000E+000
F377.3,symmetric_V377.3,critical,0.0001,0.1,3000,-0.00011151000555694583,0,-0.00011101971386159886,0,1400,1.189938426E-011,1.364515556E-007,-1.856654854E-006,1.017596634E-010,6.815068111E-006,1.294539476E-011,8.560404190E-005,9.752398000E-009,8.560409719E-005,0.000000000E+000
F377.3,symmetric_V377.3,critical,0.0001,0.1,3000,-0.00011151000555694583,0,-0.00011101971386159886,0,1425,-1.448881848E-010,1.360733560E-007,-1.851508797E-006,-1.937205073E-010,6.796179076E-006,-1.070787070E-010,8.536677679E-005,-9.476082141E-009,8.536683197E-005,0.000000000E+000
F377.3,symmetric_V377.3,critical,0.0001,0.1,3000,-0.00011151000555694583,0,-0.00011101971386159886,0,1450,2.631850293E-011,1.356962099E-007,-1.846377087E-006,7.532063941E-011,6.777342439E-006,6.097178318E-012,8.513016977E-005,6.335909575E-009,8.513022481E-005,0.000000000E+000
F377.3,symmetric_V377.3,critical,0.0001,0.1,3000,-0.00011151000555694583,0,-0.00011101971386159886,0,1475,-8.812073293E-011,1.353201071E-007,-1.841259572E-006,-2.225873811E-010,6.758558033E-006,-3.195713139E-011,8.489421885E-005,-9.786901956E-009,8.489427376E-005,0.000000000E+000
F377.3,symmetric_V377.3,critical,0.0001,0.1,3000,-0.00011151000555694583,0,-0.00011101971386159886,0,1500,-1.161327978E-010,1.349450515E-007,-1.836156195E-006,-2.191055815E-010,6.739825717E-006,-8.564809972E-011,8.465892240E-005,1.341476263E-009,8.465897718E-005,0.000000000E+000
F377.3,symmetric_V377.3,critical,0.0001,0.1,3000,-0.00011151000555694583,0,-0.00011101971386159886,0,1525,-9.363837483E-011,1.345710319E-007,-1.831067019E-006,-2.054481875E-010,6.721145368E-006,-3.441491536E-011,8.442427853E-005,-9.756320196E-009,8.442433319E-005,0.000000000E+000
F377.3,symmetric_V377.3,critical,0.0001,0.1,3000,-0.00011151000555694583,0,-0.00011101971386159886,0,1550,-1.519744192E-010,1.341980482E-007,-1.825991935E-006,5.908988044E-011,6.702516823E-006,-1.452694631E-010,8.419028548E-005,-1.892715318E-009,8.419034001E-005,0.000000000E+000
F377.3,symmetric_V377.3,critical,0.0001,0.1,3000,-0.00011151000555694583,0,-0.00011101971386159886,0,1575,1.765661228E-010,1.338261060E-007,-1.820930974E-006,3.579238558E-010,6.683939951E-006,8.674841401E-011,8.395694142E-005,3.177547114E-009,8.395699581E-005,0.000000000E+000
F377.3,symmetric_V377.3,critical,0.0001,0.1,3000,-0.00011151000555694583,0,-0.00011101971386159886,0,1600,2.311187353E-011,1.334551865E-007,-1.815884034E-006,-2.304269445E-010,6.665414600E-006,9.306597160E-011,8.372424455E-005,4.951061783E-011,8.372429880E-005,0.000000000E+000
F377.3,symmetric_V377.3,critical,0.0001,0.1,3000,-0.00011151000555694583,0,-0.00011101971386159886,0,1625,-7.982470240E-011,1.330853012E-007,-1.810851096E-006,5.045794324E-011,6.646940626E-006,-9.310582860E-011,8.349219295E-005,-8.475069535E-009,8.349224708E-005,0.000000000E+000
F377.3,symmetric_V377.3,critical,0.0001,0.1,3000,-0.00011151000555694583,0,-0.00011101971386159886,0,1650,-6.639265526E-011,1.327164444E-007,-1.805832132E-006,-2.408297459E-010,6.628517893E-006,-3.017294747E-011,8.326078497E-005,7.861984841E-009,8.326083897E-005,0.000000000E+000
F377.3,symmetric_V377.3,critical,0.0001,0.1,3000,-0.00011151000555694583,0,-0.00011101971386159886,0,1675,-3.395185522E-011,1.323486028E-007,-1.800827060E-006,3.468794515E-011,6.610146248E-006,-6.624201188E-012,8.303001881E-005,-1.701363317E-008,8.303007268E-005,0.000000000E+000
F377.3,symmetric_V377.3,critical,0.0001,0.1,3000,-0.00011151000555694583,0,-0.00011101971386159886,0,1700,2.566741264E-011,1.319817900E-007,-1.795835911E-006,-2.738457665E-010,6.591825561E-006,5.598915775E-011,8.279989265E-005,1.046549869E-008,8.279994638E-005,0.000000000E+000
F377.3,symmetric_V377.3,critical,0.0001,0.1,3000,-0.00011151000555694583,0,-0.00011101971386159886,0,1725,-7.183531547E-012,1.316159896E-007,-1.790858547E-006,-2.765257300E-010,6.573555686E-006,8.972336762E-011,8.257040470E-005,-2.136505373E-008,8.257045834E-005,0.000000000E+000
F377.3,symmetric_V377.3,critical,0.0001,0.1,3000,-0.00011151000555694583,0,-0.00011101971386159886,0,1750,-5.499700695E-011,1.312511999E-007,-1.785894966E-006,-2.925536974E-011,6.555336464E-006,-5.900205324E-011,8.234155318E-005,1.448844955E-008,8.234160669E-005,0.000000000E+000
F377.3,symmetric_V377.3,critical,0.0001,0.1,3000,-0.00011151000555694583,0,-0.00011101971386159886,0,1775,1.977890074E-011,1.308874249E-007,-1.780945167E-006,2.701481331E-010,6.537167775E-006,-1.952682460E-011,8.211333634E-005,-1.195266464E-008,8.211338973E-005,0.000000000E+000
F377.3,symmetric_V377.3,critical,0.0001,0.1,3000,-0.00011151000555694583,0,-0.00011101971386159886,0,1800,-1.046443210E-010,1.305246612E-007,-1.776009132E-006,-2.001721108E-011,6.519049480E-006,-1.326355137E-010,8.188575248E-005,6.594177648E-009,8.188580573E-005,0.000000000E+000
F377.3,symmetric_V377.3,critical,0.0001,0.1,3000,-0.00011151000555694583,0,-0.00011101971386159886,0,1825,-8.463937884E-012,1.301628953E-007,-1.771086808E-006,2.730970993E-010,6.500981445E-006,-3.210828825E-011,8.165879975E-005,-8.047891242E-010,8.165885290E-005,0.000000000E+000
F377.3,symmetric_V377.3,critical,0.0001,0.1,3000,-0.00011151000555694583,0,-0.00011101971386159886,0,1850,1.413582168E-010,1.298021517E-007,-1.766178022E-006,5.999194343E-010,6.482963485E-006,-7.741429719E-011,8.143247649E-005,6.049759804E-009,8.143252949E-005,0.000000000E+000
F377.3,symmetric_V377.3,critical,0.0001,0.1,3000,-0.00011151000555694583,0,-0.00011101971386159886,0,1875,-1.061713911E-010,1.294423968E-007,-1.761282989E-006,1.585878051E-011,6.464995522E-006,-5.508984935E-011,8.120678079E-005,9.290658909E-009,8.120683366E-005,0.000000000E+000
F377.3,symmetric_V377.3,critical,0.0001,0.1,3000,-0.00011151000555694583,0,-0.00011101971386159886,0,1900,8.200816415E-011,1.290836327E-007,-1.756401439E-006,3.069488601E-010,6.447077379E-006,-4.932884656E-011,8.098171099E-005,-6.366605021E-009,8.098176377E-005,0.000000000E+000
F377.3,symmetric_V377.3,critical,0.0001,0.1,3000,-0.00011151000555694583,0,-0.00011101971386159886,0,1925,1.478776823E-011,1.287258679E-007,-1.751533389E-006,3.012310670E-010,6.429208920E-006,-2.336589255E-011,8.075726549E-005,1.675934413E-008,8.075731814E-005,0.000000000E+000
F377.3,symmetric_V377.3,critical,0.0001,0.1,3000,-0.00011151000555694583,0,-0.00011101971386159886,0,1950,-1.304078096E-010,1.283691109E-007,-1.746678940E-006,-1.581451572E-011,6.411390026E-006,-1.353156476E-010,8.053344246E-005,-1.041817654E-008,8.053349495E-005,0.000000000E+000
F377.3,symmetric_V377.3,critical,0.0001,0.1,3000,-0.00011151000555694583,0,-0.00011101971386159886,0,1975,-3.392514047E-011,1.280133216E-007,-1.741837950E-006,-2.746069893E-010,6.393620560E-006,8.288841835E-012,8.031024013E-005,1.030002750E-010,8.031029250E-005,0.000000000E+000
F377.3,symmetric_V377.3,critical,0.0001,0.1,3000,-0.00011151000555694583,0,-0.00011101971386159886,0,2000,-1.337794320E-010,1.276585311E-007,-1.737010285E-006,-2.838043424E-010,6.375900354E-006,-6.755990212E-011,8.008765679E-005,-7.039091088E-009,8.008770905E-005,0.000000000E+000
F377.3,symmetric_V377.3,critical,0.0001,0.1,3000,-0.00011151000555694583,0,-0.00011101971386159886,0,2025,-5.504954825E-011,1.273047217E-007,-1.732196144E-006,9.043126681E-012,6.358229316E-006,-6.599781832E-011,7.986569078E-005,1.996681931E-009,7.986574291E-005,0.000000000E+000
F377.3,symmetric_V377.3,critical,0.0001,0.1,3000,-0.00011151000555694583,0,-0.00011101971386159886,0,2050,1.241480529E-011,1.269518938E-007,-1.727395210E-006,1.463266565E-011,6.340607246E-006,1.303465669E-011,7.964434028E-005,-2.542037691E-009,7.964439227E-005,0.000000000E+000
F377.3,symmetric_V377.3,critical,0.0001,0.1,3000,-0.00011151000555694583,0,-0.00011101971386159886,0,2075,-9.096905174E-011,1.266000388E-007,-1.722607737E-006,-2.677131128E-010,6.323034092E-006,-3.913591673E-011,7.942360364E-005,-6.901188954E-009,7.942365554E-005,0.000000000E+000
F377.3,symmetric_V377.3,critical,0.0001,0.1,3000,-0.00011151000555694583,0,-0.00011101971386159886,0,2100,-1.863236232E-010,1.262491626E-007,-1.717833468E-006,-2.700782110E-010,6.305509650E-006,-1.504281144E-010,7.920347920E-005,2.437900548E-009,7.920353097E-005,0.000000000E+000
F377.3,symmetric_V377.3,critical,0.0001,0.1,3000,-0.00011151000555694583,0,-0.00011101971386159886,0,2125,3.180999908E-011,1.258992602E-007,-1.713072427E-006,3.157619476E-010,6.288033809E-006,5.785011359E-012,7.898396519E-005,-2.832678092E-009,7.898401686E-005,0.000000000E+000
F377.3,symmetric_V377.3,critical,0.0001,0.1,3000,-0.00011151000555694583,0,-0.00011101971386159886,0,2150,-3.533170978E-011,1.255503258E-007,-1.708324682E-006,-2.542552061E-010,6.270606445E-006,-4.201752835E-011,7.876505995E-005,8.713243460E-010,7.876511149E-005,0.000000000E+000
F377.3,symmetric_V377.3,critical,0.0001,0.1,3000,-0.00011151000555694583,0,-0.00011101971386159886,0,2175,1.419420137E-011,1.252023588E-007,-1.703589941E-006,-5.465311717E-010,6.253227377E-006,1.886822643E-010,7.854676174E-005,-9.319080618E-009,7.854681315E-005,0.000000000E+000
F377.3,symmetric_V377.3,critical,0.0001,0.1,3000,-0.00011151000555694583,0,-0.00011101971386159886,0,2200,5.024299032E-011,1.248553690E-007,-1.698868466E-006,3.129018443E-010,6.235896529E-006,-5.180927909E-011,7.832906892E-005,5.376392664E-009,7.832912020E-005,0.000000000E+000
F377.3,symmetric_V377.3,critical,0.0001,0.1,3000,-0.00011151000555694583,0,-0.00011101971386159886,0,2225,6.506326033E-011,1.245093311E-007,-1.694160043E-006,3.651932674E-010,6.218613737E-006,-4.496922279E-011,7.811197980E-005,-5.564402272E-010,7.811203095E-005,0.000000000E+000
F377.3,symmetric_V377.3,critical,0.0001,0.1,3000,-0.00011151000555694583,0,-0.00011101971386159886,0,2250,1.190950116E-011,1.241642524E-007,-1.689464651E-006,3.421063319E-010,6.201378871E-006,-3.838612761E-011,7.789549268E-005,1.715864073E-008,7.789554373E-005,0.000000000E+000
F377.3,symmetric_V377.3,critical,0.0001,0.1,3000,-0.00011151000555694583,0,-0.00011101971386159886,0,2275,-6.886491377E-012,1.238201312E-007,-1.684782321E-006,4.991078672E-011,6.184191808E-006,-2.654454434E-011,7.767960599E-005,-1.101980729E-008,7.767965692E-005,0.000000000E+000
F377.3,symmetric_V377.3,critical,0.0001,0.1,3000,-0.00011151000555694583,0,-0.00011101971386159886,0,2300,1.042911313E-010,1.234769684E-007,-1.680112928E-006,3.700951324E-010,6.167052397E-006,5.104555667E-012,7.746431798E-005,1.714798259E-008,7.746436878E-005,0.000000000E+000
F377.3,symmetric_V377.3,critical,0.0001,0.1,3000,-0.00011151000555694583,0,-0.00011101971386159886,0,2325,1.474199096E-010,1.231347553E-007,-1.675456552E-006,3.583067027E-010,6.149960526E-006,1.279040762E-010,7.724962697E-005,-2.836401336E-009,7.724967763E-005,0.000000000E+000
F377.3,symmetric_V377.3,critical,0.0001,0.1,3000,-0.00011151000555694583,0,-0.00011101971386159886,0,2350,5.095239508E-011,1.227934923E-007,-1.670813029E-006,-2.070615982E-010,6.132916045E-006,3.559727513E-011,7.703553138E-005,1.052484322E-009,7.703558191E-005,0.000000000E+000
F377.3,symmetric_V377.3,critical,0.0001,0.1,3000,-0.00011151000555694583,0,-0.00011101971386159886,0,2375,-4.540461063E-011,1.224531699E-007,-1.666182346E-006,-2.046108798E-010,6.115918828E-006,4.577596635E-011,7.682202945E-005,-1.224378821E-009,7.682207988E-005,0.000000000E+000
F377.3,symmetric_V377.3,critical,0.0001,0.1,3000,-0.00011151000555694583,0,-0.00011101971386159886,0,2400,9.720280136E-013,1.221137970E-007,-1.661564578E-006,-2.318187076E-010,6.098968763E-006,3.272293547E-011,7.660911964E-005,-8.990696188E-009,7.660916996E-005,0.000000000E+000
F377.3,symmetric_V377.3,critical,0.0001,0.1,3000,-0.00011151000555694583,0,-0.00011101971386159886,0,2425,1.278588901E-010,1.217753595E-007,-1.656959556E-006,4.006676045E-010,6.082065682E-006,2.954558820E-011,7.639680022E-005,1.103984459E-009,7.639685040E-005,0.000000000E+000
F377.3,symmetric_V377.3,critical,0.0001,0.1,3000,-0.00011151000555694583,0,-0.00011101971386159886,0,2450,-1.374593495E-011,1.214378689E-007,-1.652367412E-006,-4.602192043E-010,6.065209495E-006,7.700010074E-011,7.618506957E-005,-3.291802386E-010,7.618511963E-005,0.000000000E+000
F377.3,symmetric_V377.3,critical,0.0001,0.1,3000,-0.00011151000555694583,0,-0.00011101971386159886,0,2475,-1.893495083E-011,1.211013103E-007,-1.647787922E-006,-1.772954689E-010,6.048400033E-006,2.744632299E-011,7.597392601E-005,-6.948965847E-009,7.597397595E-005,0.000000000E+000
F377.3,symmetric_V377.3,critical,0.0001,0.1,3000,-0.00011151000555694583,0,-0.00011101971386159886,0,2500,2.941431820E-011,1.207656819E-007,-1.643221159E-006,1.355295973E-010,6.031637192E-006,-2.170069680E-011,7.576336791E-005,5.053777841E-009,7.576341774E-005,0.000000000E+000
F377.3,symmetric_V377.3,critical,0.0001,0.1,3000,-0.00011151000555694583,0,-0.00011101971386159886,0,2525,3.421546380E-011,1.204309866E-007,-1.638667079E-006,-6.957632154E-011,6.014920845E-006,1.667560534E-011,7.555339381E-005,-8.998227941E-009,7.555344354E-005,0.000000000E+000
F377.3,symmetric_V377.3,critical,0.0001,0.1,3000,-0.00011151000555694583,0,-0.00011101971386159886,0,2550,-2.845006175E-011,1.200972218E-007,-1.634125580E-006,2.233643782E-010,5.998250844E-006,-8.657813355E-011,7.534400203E-005,2.626103424E-008,7.534405163E-005,0.000000000E+000
F377.3,symmetric_V377.3,critical,0.0001,0.1,3000,-0.00011151000555694583,0,-0.00011101971386159886,0,2575,-8.320664990E-011,1.197643777E-007,-1.629596653E-006,-6.369331844E-010,5.981627059E-006,6.218076054E-011,7.513519082E-005,-2.619103157E-008,7.513524030E-005,0.000000000E+000
F377.3,symmetric_V377.3,critical,0.0001,0.1,3000,-0.00011151000555694583,0,-0.00011101971386159886,0,2600,8.949654906E-011,1.194324594E-007,-1.625080333E-006,-9.278949631E-012,5.965049382E-006,2.913330688E-011,7.492695866E-005,1.366635161E-008,7.492700801E-005,0.000000000E+000
F377.3,symmetric_V377.3,critical,0.0001,0.1,3000,-0.00011151000555694583,0,-0.00011101971386159886,0,2625,-2.760253137E-011,1.191014597E-007,-1.620576496E-006,-4.904303259E-012,5.948517683E-006,2.012337519E-011,7.471930406E-005,-1.505782166E-009,7.471935331E-005,0.000000000E+000
F377.3,symmetric_V377.3,critical,0.0001,0.1,3000,-0.00011151000555694583,0,-0.00011101971386159886,0,2650,4.807422516E-011,1.187713832E-007,-1.616085233E-006,1.131442329E-012,5.932031831E-006,2.262279253E-011,7.451222524E-005,-2.486899575E-009,7.451227435E-005,0.000000000E+000
F377.3,symmetric_V377.3,critical,0.0001,0.1,3000,-0.00011151000555694583,0,-0.00011101971386159886,0,2675,2.526770460E-012,1.184422197E-007,-1.611606370E-006,2.725905410E-010,5.915591687E-006,-2.066433136E-011,7.430572064E-005,8.298229659E-009,7.430576963E-005,0.000000000E+000
F377.3,symmetric_V377.3,critical,0.0001,0.1,3000,-0.00011151000555694583,0,-0.00011101971386159886,0,2700,5.685299453E-011,1.181139605E-007,-1.607139939E-006,-9.010509878E-012,5.899197136E-006,2.979777536E-011,7.409978866E-005,-8.846541277E-009,7.409983755E-005,0.000000000E+000
F377.3,symmetric_V377.3,critical,0.0001,0.1,3000,-0.00011151000555694583,0,-0.00011101971386159886,0,2725,-1.940615724E-011,1.177866200E-007,-1.602685819E-006,-3.115100972E-010,5.882848028E-006,8.322637024E-011,7.389442768E-005,6.940439334E-009,7.389447646E-005,0.000000000E+000
F377.3,symmetric_V377.3,critical,0.0001,0.1,3000,-0.00011151000555694583,0,-0.00011101971386159886,0,2750,-4.096448181E-011,1.174601848E-007,-1.598244101E-006,-2.959019924E-010,5.866544280E-006,-9.750311669E-012,7.368963630E-005,-1.282748485E-008,7.368968499E-005,0.000000000E+000
F377.3,symmetric_V377.3,critical,0.0001,0.1,3000,-0.00011151000555694583,0,-0.00011101971386159886,0,2775,1.445550762E-010,1.171346579E-007,-1.593814818E-006,2.616308825E-010,5.850285746E-006,1.311275533E-010,7.348541274E-005,1.474342071E-008,7.348546128E-005,0.000000000E+000
F377.3,symmetric_V377.3,critical,0.0001,0.1,3000,-0.00011151000555694583,0,-0.00011101971386159886,0,2800,-5.268627201E-011,1.168100322E-007,-1.589397688E-006,-5.513237851E-011,5.834072282E-006,-5.423347882E-011,7.328175552E-005,-1.498733582E-008,7.328180394E-005,0.000000000E+000
F377.3,symmetric_V377.3,critical,0.0001,0.1,3000,-0.00011151000555694583,0,-0.00011101971386159886,0,2825,4.102482243E-012,1.164863081E-007,-1.584992764E-006,-4.442946747E-011,5.817903758E-006,5.895645083E-012,7.307866296E-005,1.074806733E-008,7.307871125E-005,0.000000000E+000
F377.3,symmetric_V377.3,critical,0.0001,0.1,3000,-0.00011151000555694583,0,-0.00011101971386159886,0,2850,-6.670138053E-011,1.161634772E-007,-1.580600207E-006,-4.216850902E-011,5.801780110E-006,-3.790309733E-011,7.287613356E-005,-1.269049221E-008,7.287618176E-005,0.000000000E+000
F377.3,symmetric_V377.3,critical,0.0001,0.1,3000,-0.00011151000555694583,0,-0.00011101971386159886,0,2875,-1.621212886E-011,1.158415449E-007,-1.576219652E-006,-5.193856855E-011,5.785701136E-006,-2.451891468E-011,7.267416587E-005,1.231558144E-008,7.267421394E-005,0.000000000E+000
F377.3,symmetric_V377.3,critical,0.0001,0.1,3000,-0.00011151000555694583,0,-0.00011101971386159886,0,2900,-3.489794564E-011,1.155205062E-007,-1.571851414E-006,-3.258152865E-010,5.769666777E-006,4.696118494E-011,7.247275819E-005,-1.532836791E-008,7.247280613E-005,0.000000000E+000
F377.3,symmetric_V377.3,critical,0.0001,0.1,3000,-0.00011151000555694583,0,-0.00011101971386159886,0,2925,5.029948680E-012,1.152003520E-007,-1.567495180E-006,-3.154447145E-010,5.753676868E-006,6.969452793E-011,7.227190898E-005,-3.974150786E-009,7.227195683E-005,0.000000000E+000
F377.3,symmetric_V377.3,critical,0.0001,0.1,3000,-0.00011151000555694583,0,-0.00011101971386159886,0,2950,1.884099821E-011,1.148810896E-007,-1.563151094E-006,2.909968411E-010,5.737731303E-006,-4.910485907E-011,7.207161673E-005,2.965492740E-009,7.207166445E-005,0.000000000E+000
F377.3,symmetric_V377.3,critical,0.0001,0.1,3000,-0.00011151000555694583,0,-0.00011101971386159886,0,2975,-3.241414082E-011,1.145627129E-007,-1.558818975E-006,-2.816736802E-011,5.721829932E-006,-7.172179517E-012,7.187187980E-005,2.749970918E-009,7.187192740E-005,0.000000000E+000
F377.3,symmetric_V377.3,critical,0.0001,0.1,3000,-0.00011151000555694583,0,-0.00011101971386159886,0,3000,-7.875150532E-011,1.142452169E-007,-1.554498902E-006,2.302328441E-011,5.705972678E-006,-1.234393698E-010,7.167269680E-005,-6.694904187E-009,7.167274432E-005,0.000000000E+000
F377.6,symmetric_V377.6,critical,0.0001,0.1,3000,0.00013053764046712323,0,0.00013100444481693998,0,0,0.000000000E+000,1.588335924E-007,-2.143727845E-006,-4.018419501E-044,7.959564350E-006,0.000000000E+000,1.000000000E-004,0.000000000E+000,1.000000000E-004,0.000000000E+000
F377.6,symmetric_V377.6,critical,0.0001,0.1,3000,0.00013053764046712323,0,0.00013100444481693998,0,25,0.000000000E+000,1.593553830E-007,-2.150711360E-006,2.075892465E-020,7.985678705E-006,0.000000000E+000,1.003280088E-004,0.000000000E+000,1.003280674E-004,0.000000000E+000
F377.6,symmetric_V377.6,critical,0.0001,0.1,3000,0.00013053764046712323,0,0.00013100444481693998,0,50,-2.775557562E-017,1.598783566E-007,-2.157769780E-006,9.877529131E-020,8.011882441E-006,0.000000000E+000,1.006571962E-004,0.000000000E+000,1.006572607E-004,0.000000000E+000
F377.6,symmetric_V377.6,critical,0.0001,0.1,3000,0.00013053764046712323,0,0.00013100444481693998,0,75,-4.163336342E-017,1.604028039E-007,-2.164847438E-006,-1.380481724E-019,8.038166619E-006,-2.775557562E-017,1.009874318E-004,0.000000000E+000,1.009874932E-004,0.000000000E+000
F377.6,symmetric_V377.6,critical,0.0001,0.1,3000,0.00013053764046712323,0,0.00013100444481693998,0,100,-1.942890293E-016,1.609291484E-007,-2.171951831E-006,-2.635009484E-018,8.064540879E-006,-5.551115123E-017,1.013187772E-004,2.842170943E-014,1.013188400E-004,0.000000000E+000
F377.6,symmetric_V377.6,critical,0.0001,0.1,3000,0.00013053764046712323,0,0.00013100444481693998,0,125,-1.151856388E-015,1.614570923E-007,-2.179076467E-006,-1.097875096E-017,8.090999067E-006,-1.387778781E-016,1.016511864E-004,8.526512829E-014,1.016512497E-004,0.000000000E+000
F377.6,symmetric_V377.6,critical,0.0001,0.1,3000,0.00013053764046712323,0,0.00013100444481693998,0,150,-3.164135620E-015,1.619868532E-007,-2.186227227E-006,-3.071374523E-017,8.117545505E-006,-5.828670879E-016,1.019847036E-004,2.273736754E-013,1.019847659E-004,0.000000000E+000
F377.6,symmetric_V377.6,critical,0.0001,0.1,3000,0.00013053764046712323,0,0.00013100444481693998,0,175,-1.013078510E-014,1.625182987E-007,-2.193398950E-006,-1.023112811E-016,8.144178298E-006,-1.915134717E-015,1.023193008E-004,9.094947018E-013,1.023193650E-004,0.000000000E+000
F377.6,symmetric_V377.6,critical,0.0001,0.1,3000,0.00013053764046712323,0,0.00013100444481693998,0,200,-3.301525719E-014,1.630515130E-007,-2.200596042E-006,-3.387594353E-016,8.170898409E-006,-6.633582572E-015,1.026550045E-004,3.012701200E-012,1.026550667E-004,0.000000000E+000
F377.6,symmetric_V377.6,critical,0.0001,0.1,3000,0.00013053764046712323,0,0.00013100444481693998,0,225,-1.102729019E-013,1.635864678E-007,-2.207815424E-006,-1.141667216E-015,8.197706606E-006,-2.314815006E-014,1.029918027E-004,1.017497198E-011,1.029918673E-004,0.000000000E+000
F377.6,symmetric_V377.6,critical,0.0001,0.1,3000,0.00013053764046712323,0,0.00013100444481693998,0,250,-3.737565812E-013,1.641231697E-007,-2.215059472E-006,-3.885686140E-015,8.224601932E-006,-7.910339050E-014,1.033297084E-004,3.473132892E-011,1.033297710E-004,0.000000000E+000
F377.6,symmetric_V377.6,critical,0.0001,0.1,3000,0.00013053764046712323,0,0.00013100444481693998,0,275,3.591038578E-011,1.646616551E-007,-2.222326677E-006,2.944011959E-010,8.251586371E-006,-2.565386792E-011,1.036687209E-004,3.419444283E-009,1.036687857E-004,0.000000000E+000
F377.6,symmetric_V377.6,critical,0.0001,0.1,3000,0.00013053764046712323,0,0.00013100444481693998,0,300,1.365703384E-011,1.652018684E-007,-2.229617961E-006,-4.426456606E-012,8.278658307E-006,1.124533799E-011,1.040088446E-004,-1.189505383E-009,1.040089078E-004,0.000000000E+000
F377.6,symmetric_V377.6,critical,0.0001,0.1,3000,0.00013053764046712323,0,0.00013100444481693998,0,325,6.245058637E-011,1.657438876E-007,-2.236932975E-006,2.854588281E-010,8.305819929E-006,2.215588824E-012,1.043500848E-004,4.725052349E-009,1.043501497E-004,0.000000000E+000
F377.6,symmetric_V377.6,critical,0.0001,0.1,3000,0.00013053764046712323,0,0.00013100444481693998,0,350,-6.607590863E-011,1.662876572E-007,-2.244272009E-006,-3.141436550E-010,8.333069750E-006,-5.432321259E-012,1.046924417E-004,-3.695873829E-009,1.046925055E-004,0.000000000E+000
F377.6,symmetric_V377.6,critical,0.0001,0.1,3000,0.00013053764046712323,0,0.00013100444481693998,0,375,4.307332269E-012,1.668332369E-007,-2.251635374E-006,-1.541124512E-011,8.360409693E-006,1.356700863E-011,1.050359236E-004,-8.861889000E-010,1.050359884E-004,0.000000000E+000
F377.6,symmetric_V377.6,critical,0.0001,0.1,3000,0.00013053764046712323,0,0.00013100444481693998,0,400,-1.118151405E-011,1.673805828E-007,-2.259022437E-006,-1.081936239E-011,8.387838582E-006,-1.221328594E-011,1.053805288E-004,-2.737579052E-010,1.053805932E-004,0.000000000E+000
F377.6,symmetric_V377.6,critical,0.0001,0.1,3000,0.00013053764046712323,0,0.00013100444481693998,0,425,1.161477720E-010,1.679297491E-007,-2.266434066E-006,5.753924937E-010,8.415357943E-006,-4.481165439E-012,1.057262667E-004,5.084785926E-009,1.057263316E-004,0.000000000E+000
F377.6,symmetric_V377.6,critical,0.0001,0.1,3000,0.00013053764046712323,0,0.00013100444481693998,0,450,1.597703914E-011,1.684806752E-007,-2.273869795E-006,-1.145462035E-011,8.442967150E-006,1.454616982E-011,1.060731355E-004,8.767813142E-010,1.060732004E-004,0.000000000E+000
F377.6,symmetric_V377.6,critical,0.0001,0.1,3000,0.00013053764046712323,0,0.00013100444481693998,0,475,-6.424027976E-012,1.690334377E-007,-2.281330083E-006,-1.026850037E-011,8.470667142E-006,-8.261169526E-013,1.064211437E-004,5.721290108E-011,1.064212089E-004,0.000000000E+000
F377.6,symmetric_V377.6,critical,0.0001,0.1,3000,0.00013053764046712323,0,0.00013100444481693998,0,500,-5.161011896E-011,1.695880091E-007,-2.288814823E-006,-3.013788676E-010,8.498457782E-006,7.411099512E-012,1.067702911E-004,-3.189796871E-009,1.067703564E-004,0.000000000E+000
F377.6,symmetric_V377.6,critical,0.0001,0.1,3000,0.00013053764046712323,0,0.00013100444481693998,0,525,3.059054399E-011,1.701443897E-007,-2.296323949E-006,2.745861148E-010,8.526339607E-006,-2.661268428E-011,1.071205844E-004,4.802330977E-009,1.071206499E-004,0.000000000E+000
F377.6,symmetric_V377.6,critical,0.0001,0.1,3000,0.00013053764046712323,0,0.00013100444481693998,0,550,5.746837728E-011,1.707025925E-007,-2.303857692E-006,2.900347069E-010,8.554312824E-006,-1.083602652E-011,1.074720255E-004,7.305800409E-010,1.074720913E-004,0.000000000E+000
F377.6,symmetric_V377.6,critical,0.0001,0.1,3000,0.00013053764046712323,0,0.00013100444481693998,0,575,-1.744299150E-012,1.712626244E-007,-2.311416531E-006,1.966866750E-012,8.582377791E-006,-6.327105506E-012,1.078246191E-004,1.482504786E-009,1.078246849E-004,0.000000000E+000
F377.6,symmetric_V377.6,critical,0.0001,0.1,3000,0.00013053764046712323,0,0.00013100444481693998,0,600,-7.070100061E-011,1.718245045E-007,-2.318999557E-006,-2.880943783E-010,8.610534700E-006,-3.927497216E-012,1.081783684E-004,-3.915175739E-009,1.081784345E-004,0.000000000E+000
F377.6,symmetric_V377.6,critical,0.0001,0.1,3000,0.00013053764046712323,0,0.00013100444481693998,0,625,6.153945409E-011,1.723882224E-007,-2.326607744E-006,2.919263413E-010,8.638783911E-006,-5.832195837E-012,1.085332776E-004,3.696044359E-009,1.085333438E-004,0.000000000E+000
F377.6,symmetric_V377.6,critical,0.0001,0.1,3000,0.00013053764046712323,0,0.00013100444481693998,0,650,1.124028787E-010,1.729537854E-007,-2.334240799E-006,5.894184611E-010,8.667125799E-006,-8.640033133E-012,1.088893503E-004,4.772459761E-009,1.088894168E-004,0.000000000E+000
F377.6,symmetric_V377.6,critical,0.0001,0.1,3000,0.00013053764046712323,0,0.00013100444481693998,0,675,-5.376803169E-011,1.735212108E-007,-2.341898874E-006,-2.874192197E-010,8.695560523E-006,9.811124135E-012,1.092465904E-004,-2.708645752E-009,1.092466569E-004,0.000000000E+000
F377.6,symmetric_V377.6,critical,0.0001,0.1,3000,0.00013053764046712323,0,0.00013100444481693998,0,700,-4.819492028E-012,1.740904766E-007,-2.349582352E-006,8.994634048E-012,8.724088621E-006,-1.022790186E-011,1.096050018E-004,-1.162618446E-009,1.096050686E-004,0.000000000E+000
F377.6,symmetric_V377.6,critical,0.0001,0.1,3000,0.00013053764046712323,0,0.00013100444481693998,0,725,3.119768333E-012,1.746616352E-007,-2.357290541E-006,1.014564020E-011,8.752710047E-006,6.784961482E-012,1.099645880E-004,1.206757361E-009,1.099646548E-004,0.000000000E+000
F377.6,symmetric_V377.6,critical,0.0001,0.1,3000,0.00013053764046712323,0,0.00013100444481693998,0,750,2.320088566E-013,1.752346588E-007,-2.365024274E-006,1.653994644E-011,8.781425434E-006,2.750882855E-012,1.103253532E-004,-1.315697773E-009,1.103254203E-004,0.000000000E+000
F377.6,symmetric_V377.6,critical,0.0001,0.1,3000,0.00013053764046712323,0,0.00013100444481693998,0,775,5.247371981E-011,1.758095639E-007,-2.372783366E-006,3.034739978E-010,8.810234924E-006,-2.091751772E-011,1.106873011E-004,3.945075377E-009,1.106873683E-004,0.000000000E+000
F377.6,symmetric_V377.6,critical,0.0001,0.1,3000,0.00013053764046712323,0,0.00013100444481693998,0,800,-4.744360460E-011,1.763863380E-007,-2.380567857E-006,-2.803981993E-010,8.839138885E-006,1.546029971E-011,1.110504356E-004,-3.598898957E-009,1.110505030E-004,0.000000000E+000
F377.6,symmetric_V377.6,critical,0.0001,0.1,3000,0.00013053764046712323,0,0.00013100444481693998,0,825,-4.248268404E-013,1.769650079E-007,-2.388377730E-006,1.600382701E-011,8.868137550E-006,-6.027983668E-012,1.114147605E-004,4.064304449E-012,1.114148281E-004,0.000000000E+000
F377.6,symmetric_V377.6,critical,0.0001,0.1,3000,0.00013053764046712323,0,0.00013100444481693998,0,850,7.016415227E-011,1.775455676E-007,-2.396213398E-006,3.040166175E-010,8.897231333E-006,4.287820099E-012,1.117802797E-004,3.112262448E-009,1.117803475E-004,0.000000000E+000
F377.6,symmetric_V377.6,critical,0.0001,0.1,3000,0.00013053764046712323,0,0.00013100444481693998,0,875,1.145192274E-011,1.781280525E-007,-2.404074633E-006,1.468571163E-011,8.926420446E-006,9.140577184E-012,1.121469973E-004,4.193054792E-010,1.121470652E-004,0.000000000E+000
F377.6,symmetric_V377.6,critical,0.0001,0.1,3000,0.00013053764046712323,0,0.00013100444481693998,0,900,-6.811073927E-011,1.787124383E-007,-2.411961781E-006,-2.796635774E-010,8.955705299E-006,-1.282360329E-011,1.125149171E-004,-3.278216809E-009,1.125149852E-004,0.000000000E+000
F377.6,symmetric_V377.6,critical,0.0001,0.1,3000,0.00013053764046712323,0,0.00013100444481693998,0,925,-5.280566262E-011,1.792987309E-007,-2.419874765E-006,-2.606432626E-010,8.985086157E-006,1.024053065E-011,1.128840431E-004,-4.214058436E-009,1.128841114E-004,0.000000000E+000
F377.6,symmetric_V377.6,critical,0.0001,0.1,3000,0.00013053764046712323,0,0.00013100444481693998,0,950,6.794911855E-012,1.798869561E-007,-2.427813598E-006,3.013344678E-011,9.014563300E-006,-7.194772556E-012,1.132543791E-004,-6.214690984E-010,1.132544476E-004,0.000000000E+000
F377.6,symmetric_V377.6,critical,0.0001,0.1,3000,0.00013053764046712323,0,0.00013100444481693998,0,975,6.853725920E-012,1.804770979E-007,-2.435778586E-006,3.698823973E-011,9.044137104E-006,4.695771549E-012,1.136259290E-004,2.829381174E-010,1.136259977E-004,0.000000000E+000
F377.6,symmetric_V377.6,critical,0.0001,0.1,3000,0.00013053764046712323,0,0.00013100444481693998,0,1000,1.065791899E-010,1.810691815E-007,-2.443769365E-006,6.164288607E-010,9.073807790E-006,-3.437650165E-011,1.139986971E-004,8.929760043E-009,1.139987659E-004,0.000000000E+000
F377.6,symmetric_V377.6,critical,0.0001,0.1,3000,0.00013053764046712323,0,0.00013100444481693998,0,1025,3.865394116E-012,1.816632039E-007,-2.451786636E-006,2.414264917E-011,9.103575824E-006,9.941020229E-012,1.143726873E-004,-1.845137376E-009,1.143727563E-004,0.000000000E+000
F377.6,symmetric_V377.6,critical,0.0001,0.1,3000,0.00013053764046712323,0,0.00013100444481693998,0,1050,-3.685582395E-011,1.822591769E-007,-2.459830113E-006,-2.521217431E-010,9.133441408E-006,7.653294665E-012,1.147479035E-004,-3.500389312E-009,1.147479726E-004,0.000000000E+000
F377.6,symmetric_V377.6,critical,0.0001,0.1,3000,0.00013053764046712323,0,0.00013100444481693998,0,1075,9.518093258E-011,1.828571099E-007,-2.467899886E-006,3.288085398E-010,9.163404893E-006,3.375441593E-011,1.151243497E-004,4.521012897E-009,1.151244190E-004,0.000000000E+000
F377.6,symmetric_V377.6,critical,0.0001,0.1,3000,0.00013053764046712323,0,0.00013100444481693998,0,1100,5.048896023E-011,1.834570021E-007,-2.475996444E-006,3.270437882E-010,9.193466652E-006,-2.194391890E-011,1.155020299E-004,2.667889021E-009,1.155020993E-004,0.000000000E+000
F377.6,symmetric_V377.6,critical,0.0001,0.1,3000,0.00013053764046712323,0,0.00013100444481693998,0,1125,6.549248643E-011,1.840588392E-007,-2.484119066E-006,3.359854784E-010,9.223626880E-006,-8.716860567E-012,1.158809481E-004,3.716934316E-009,1.158810177E-004,0.000000000E+000
F377.6,symmetric_V377.6,critical,0.0001,0.1,3000,0.00013053764046712323,0,0.00013100444481693998,0,1150,1.973197994E-011,1.846626725E-007,-2.492268380E-006,4.602100913E-011,9.253885992E-006,8.927886208E-012,1.162611087E-004,4.271782927E-010,1.162611785E-004,0.000000000E+000
F377.6,symmetric_V377.6,critical,0.0001,0.1,3000,0.00013053764046712323,0,0.00013100444481693998,0,1175,-3.369259038E-011,1.852684709E-007,-2.500444635E-006,-2.490517182E-010,9.284244332E-006,1.951502848E-011,1.166425153E-004,-2.004355792E-009,1.166425853E-004,0.000000000E+000
F377.6,symmetric_V377.6,critical,0.0001,0.1,3000,0.00013053764046712323,0,0.00013100444481693998,0,1200,8.827590048E-011,1.858762608E-007,-2.508647672E-006,3.424465957E-010,9.314702175E-006,7.131878421E-012,1.170251721E-004,4.060638048E-009,1.170252423E-004,0.000000000E+000
F377.6,symmetric_V377.6,critical,0.0001,0.1,3000,0.00013053764046712323,0,0.00013100444481693998,0,1225,-4.415098842E-011,1.864860364E-007,-2.516877758E-006,-2.337585928E-010,9.345259907E-006,9.480999319E-012,1.174090834E-004,-3.586592356E-009,1.174091537E-004,0.000000000E+000
F377.6,symmetric_V377.6,critical,0.0001,0.1,3000,0.00013053764046712323,0,0.00013100444481693998,0,1250,2.568242841E-011,1.870978187E-007,-2.525134382E-006,6.329199174E-011,9.375917709E-006,9.790640521E-012,1.177942530E-004,6.782840956E-010,1.177943236E-004,0.000000000E+000
F377.6,symmetric_V377.6,critical,0.0001,0.1,3000,0.00013053764046712323,0,0.00013100444481693998,0,1275,7.163435123E-011,1.877116111E-007,-2.533418297E-006,3.544001324E-010,9.406676081E-006,2.394584531E-012,1.181806856E-004,4.383025498E-009,1.181807564E-004,0.000000000E+000
F377.6,symmetric_V377.6,critical,0.0001,0.1,3000,0.00013053764046712323,0,0.00013100444481693998,0,1300,-9.749695495E-011,1.883274092E-007,-2.541729421E-006,-5.191102794E-010,9.437535273E-006,7.610384545E-012,1.185683848E-004,-6.182858669E-009,1.185684557E-004,0.000000000E+000
F377.6,symmetric_V377.6,critical,0.0001,0.1,3000,0.00013053764046712323,0,0.00013100444481693998,0,1325,1.779548731E-012,1.889452185E-007,-2.550067747E-006,5.997349954E-011,9.468495614E-006,-4.134331766E-012,1.189573548E-004,1.956522055E-009,1.189574259E-004,0.000000000E+000
F377.6,symmetric_V377.6,critical,0.0001,0.1,3000,0.00013053764046712323,0,0.00013100444481693998,0,1350,-2.379099695E-011,1.895650700E-007,-2.558433434E-006,6.146151835E-011,9.499557446E-006,-4.581859891E-011,1.193475999E-004,-1.133741989E-010,1.193476712E-004,0.000000000E+000
F377.6,symmetric_V377.6,critical,0.0001,0.1,3000,0.00013053764046712323,0,0.00013100444481693998,0,1375,-5.356853849E-011,1.901869423E-007,-2.566826505E-006,-2.311995342E-010,9.530721089E-006,-6.526723606E-013,1.197391241E-004,-3.867995702E-009,1.197391955E-004,0.000000000E+000
F377.6,symmetric_V377.6,critical,0.0001,0.1,3000,0.00013053764046712323,0,0.00013100444481693998,0,1400,1.534540550E-011,1.908108516E-007,-2.575247011E-006,5.561373353E-011,9.561986892E-006,1.820682494E-012,1.201319319E-004,9.006839718E-010,1.201320036E-004,0.000000000E+000
F377.6,symmetric_V377.6,critical,0.0001,0.1,3000,0.00013053764046712323,0,0.00013100444481693998,0,1425,-4.089638350E-011,1.914368196E-007,-2.583695187E-006,-2.375967848E-010,9.593355181E-006,1.363639757E-011,1.205260273E-004,-2.481925776E-009,1.205260991E-004,0.000000000E+000
F377.6,symmetric_V377.6,critical,0.0001,0.1,3000,0.00013053764046712323,0,0.00013100444481693998,0,1450,-3.640202029E-011,1.920648242E-007,-2.592171112E-006,-2.472043946E-010,9.624826295E-006,2.206246297E-011,1.209214144E-004,-3.215745892E-009,1.209214864E-004,0.000000000E+000
F377.6,symmetric_V377.6,critical,0.0001,0.1,3000,0.00013053764046712323,0,0.00013100444481693998,0,1475,-1.690197982E-011,1.926948875E-007,-2.600674818E-006,4.737452849E-011,9.656400579E-006,-3.401248727E-011,1.213180976E-004,1.290203500E-009,1.213181697E-004,0.000000000E+000
F377.6,symmetric_V377.6,critical,0.0001,0.1,3000,0.00013053764046712323,0,0.00013100444481693998,0,1500,-5.835665284E-012,1.933270262E-007,-2.609206217E-006,5.494697435E-011,9.688078311E-006,-1.702049612E-011,1.217160810E-004,6.546088116E-010,1.217161533E-004,0.000000000E+000
F377.6,symmetric_V377.6,critical,0.0001,0.1,3000,0.00013053764046712323,0,0.00013100444481693998,0,1525,6.954894993E-012,1.939612328E-007,-2.617765958E-006,5.232049385E-011,9.719859960E-006,1.787098247E-012,1.221153690E-004,5.946390047E-010,1.221154415E-004,0.000000000E+000
F377.6,symmetric_V377.6,critical,0.0001,0.1,3000,0.00013053764046712323,0,0.00013100444481693998,0,1550,4.674614862E-011,1.945975113E-007,-2.626353421E-006,3.475088105E-010,9.751745730E-006,-3.167360818E-011,1.225159657E-004,4.336669690E-009,1.225160384E-004,0.000000000E+000
F377.6,symmetric_V377.6,critical,0.0001,0.1,3000,0.00013053764046712323,0,0.00013100444481693998,0,1575,6.439376810E-011,1.952358862E-007,-2.634969065E-006,3.416335394E-010,9.783736000E-006,-2.863043136E-012,1.229178756E-004,2.859962933E-009,1.229179484E-004,0.000000000E+000
F377.6,symmetric_V377.6,critical,0.0001,0.1,3000,0.00013053764046712323,0,0.00013100444481693998,0,1600,-2.907091234E-012,1.958763456E-007,-2.643613055E-006,5.250010118E-011,9.815831166E-006,-2.173711211E-011,1.233211028E-004,-6.456559731E-010,1.233211759E-004,0.000000000E+000
F377.6,symmetric_V377.6,critical,0.0001,0.1,3000,0.00013053764046712323,0,0.00013100444481693998,0,1625,1.808475592E-011,1.965189140E-007,-2.652285249E-006,6.066501005E-011,9.848031495E-006,8.003681051E-012,1.237256518E-004,1.780279035E-009,1.237257250E-004,0.000000000E+000
F377.6,symmetric_V377.6,critical,0.0001,0.1,3000,0.00013053764046712323,0,0.00013100444481693998,0,1650,2.811566258E-011,1.971635881E-007,-2.660986054E-006,6.071190253E-011,9.880337412E-006,1.485706003E-011,1.241315268E-004,-3.772981927E-010,1.241316002E-004,0.000000000E+000
F377.6,symmetric_V377.6,critical,0.0001,0.1,3000,0.00013053764046712323,0,0.00013100444481693998,0,1675,1.817102024E-011,1.978103603E-007,-2.669715310E-006,6.197320800E-011,9.912749218E-006,5.607181386E-012,1.245387321E-004,1.176147180E-009,1.245388057E-004,0.000000000E+000
F377.6,symmetric_V377.6,critical,0.0001,0.1,3000,0.00013053764046712323,0,0.00013100444481693998,0,1700,-6.008406273E-011,1.984592675E-007,-2.678473112E-006,-2.343763406E-010,9.945267234E-006,-8.394729356E-012,1.249472722E-004,-1.554781193E-009,1.249473459E-004,0.000000000E+000
F377.6,symmetric_V377.6,critical,0.0001,0.1,3000,0.00013053764046712323,0,0.00013100444481693998,0,1725,3.921155067E-011,1.991102926E-007,-2.687259676E-006,5.042603358E-011,9.977891861E-006,3.275382743E-011,1.253571514E-004,3.460343123E-010,1.253572254E-004,0.000000000E+000
F377.6,symmetric_V377.6,critical,0.0001,0.1,3000,0.00013053764046712323,0,0.00013100444481693998,0,1750,-6.503057814E-011,1.997634491E-007,-2.696075011E-006,-2.484133593E-010,1.001062342E-005,-1.189184862E-011,1.257683741E-004,-2.072084726E-009,1.257684482E-004,0.000000000E+000
F377.6,symmetric_V377.6,critical,0.0001,0.1,3000,0.00013053764046712323,0,0.00013100444481693998,0,1775,-1.009282935E-011,2.004187528E-007,-2.704919248E-006,4.534406437E-011,1.004346224E-005,-1.803565630E-011,1.261809446E-004,1.453059895E-009,1.261810189E-004,0.000000000E+000
F377.6,symmetric_V377.6,critical,0.0001,0.1,3000,0.00013053764046712323,0,0.00013100444481693998,0,1800,-6.628887717E-011,2.010762090E-007,-2.713792487E-006,-2.490630942E-010,1.007640872E-005,-1.210015421E-011,1.265948674E-004,-2.463423243E-009,1.265949419E-004,0.000000000E+000
F377.6,symmetric_V377.6,critical,0.0001,0.1,3000,0.00013053764046712323,0,0.00013100444481693998,0,1825,6.483999448E-011,2.017358238E-007,-2.722694940E-006,3.404837439E-010,1.010946317E-005,-1.222646984E-011,1.270101467E-004,3.511019031E-009,1.270102213E-004,0.000000000E+000
F377.6,symmetric_V377.6,critical,0.0001,0.1,3000,0.00013053764046712323,0,0.00013100444481693998,0,1850,2.935024446E-011,2.023975809E-007,-2.731626310E-006,4.722475933E-011,1.014262595E-005,2.410632804E-011,1.274267872E-004,9.285372471E-011,1.274268620E-004,0.000000000E+000
F377.6,symmetric_V377.6,critical,0.0001,0.1,3000,0.00013053764046712323,0,0.00013100444481693998,0,1875,6.836610444E-011,2.030615145E-007,-2.740587054E-006,3.379174114E-010,1.017589743E-005,-7.191941487E-012,1.278447933E-004,2.721179726E-009,1.278448683E-004,0.000000000E+000
F377.6,symmetric_V377.6,critical,0.0001,0.1,3000,0.00013053764046712323,0,0.00013100444481693998,0,1900,-4.173486556E-011,2.037276277E-007,-2.749577107E-006,-2.452480387E-010,1.020927797E-005,1.309646835E-011,1.282641695E-004,-2.381455033E-009,1.282642448E-004,0.000000000E+000
F377.6,symmetric_V377.6,critical,0.0001,0.1,3000,0.00013053764046712323,0,0.00013100444481693998,0,1925,9.336698081E-012,2.043959246E-007,-2.758596803E-006,4.467188558E-011,1.024276793E-005,4.526157227E-012,1.286849203E-004,-5.462652553E-010,1.286849957E-004,0.000000000E+000
F377.6,symmetric_V377.6,critical,0.0001,0.1,3000,0.00013053764046712323,0,0.00013100444481693998,0,1950,4.022981948E-011,2.050664119E-007,-2.767646026E-006,4.087745666E-011,1.027636765E-005,3.312303209E-011,1.291070501E-004,-3.703632956E-010,1.291071257E-004,0.000000000E+000
F377.6,symmetric_V377.6,critical,0.0001,0.1,3000,0.00013053764046712323,0,0.00013100444481693998,0,1975,-1.098790642E-010,2.057390901E-007,-2.776724838E-006,-5.453716488E-010,1.031007749E-005,5.594968933E-012,1.295305635E-004,-6.181920753E-009,1.295306393E-004,0.000000000E+000
F377.6,symmetric_V377.6,critical,0.0001,0.1,3000,0.00013053764046712323,0,0.00013100444481693998,0,2000,-8.182496347E-012,2.064139943E-007,-2.785833569E-006,3.835654863E-011,1.034389783E-005,-1.769442926E-011,1.299554649E-004,6.823484000E-010,1.299555408E-004,0.000000000E+000
F377.6,symmetric_V377.6,critical,0.0001,0.1,3000,0.00013053764046712323,0,0.00013100444481693998,0,2025,9.346370899E-012,2.070910811E-007,-2.794971891E-006,2.934929380E-011,1.037782898E-005,6.248529472E-012,1.303817589E-004,1.734719035E-009,1.303818350E-004,0.000000000E+000
F377.6,symmetric_V377.6,critical,0.0001,0.1,3000,0.00013053764046712323,0,0.00013100444481693998,0,2050,3.701844387E-011,2.077703963E-007,-2.804140217E-006,3.180894028E-010,1.041187137E-005,-3.295524964E-011,1.308094503E-004,3.056698006E-009,1.308095267E-004,0.000000000E+000
F377.6,symmetric_V377.6,critical,0.0001,0.1,3000,0.00013053764046712323,0,0.00013100444481693998,0,2075,-1.114147663E-011,2.084519492E-007,-2.813338675E-006,2.553178670E-011,1.044602533E-005,-1.432270968E-011,1.312385435E-004,-8.182610145E-011,1.312386200E-004,0.000000000E+000
F377.6,symmetric_V377.6,critical,0.0001,0.1,3000,0.00013053764046712323,0,0.00013100444481693998,0,2100,-1.088823476E-011,2.091357324E-007,-2.822567239E-006,2.170287283E-011,1.048029122E-005,-1.352370993E-011,1.316690428E-004,-6.979803402E-010,1.316691195E-004,0.000000000E+000
F377.6,symmetric_V377.6,critical,0.0001,0.1,3000,0.00013053764046712323,0,0.00013100444481693998,0,2125,-6.937296571E-011,2.098217607E-007,-2.831826134E-006,-2.694378282E-010,1.051466943E-005,-1.696240370E-011,1.321009532E-004,-5.108802270E-010,1.321010300E-004,0.000000000E+000
F377.6,symmetric_V377.6,critical,0.0001,0.1,3000,0.00013053764046712323,0,0.00013100444481693998,0,2150,4.555771038E-011,2.105100171E-007,-2.841115249E-006,3.116092804E-010,1.054916030E-005,-1.598077226E-011,1.325342792E-004,2.594106263E-009,1.325343562E-004,0.000000000E+000
F377.6,symmetric_V377.6,critical,0.0001,0.1,3000,0.00013053764046712323,0,0.00013100444481693998,0,2175,7.179888628E-011,2.112005423E-007,-2.850434951E-006,3.155832241E-010,1.058376421E-005,-1.291439178E-012,1.329690250E-004,2.087517714E-009,1.329691023E-004,0.000000000E+000
F377.6,symmetric_V377.6,critical,0.0001,0.1,3000,0.00013053764046712323,0,0.00013100444481693998,0,2200,8.256156869E-011,2.118933347E-007,-2.859785048E-006,3.174351262E-010,1.061848152E-005,1.373115510E-011,1.334051959E-004,3.890505695E-009,1.334052733E-004,0.000000000E+000
F377.6,symmetric_V377.6,critical,0.0001,0.1,3000,0.00013053764046712323,0,0.00013100444481693998,0,2225,2.498348750E-012,2.125883936E-007,-2.869165817E-006,2.750068454E-011,1.065331261E-005,-5.005912351E-012,1.338427962E-004,-5.726121799E-010,1.338428738E-004,0.000000000E+000
F377.6,symmetric_V377.6,critical,0.0001,0.1,3000,0.00013053764046712323,0,0.00013100444481693998,0,2250,3.154837502E-013,2.132857349E-007,-2.878577467E-006,1.856528722E-011,1.068825789E-005,-6.832229227E-012,1.342818309E-004,2.769866114E-009,1.342819086E-004,0.000000000E+000
F377.6,symmetric_V377.6,critical,0.0001,0.1,3000,0.00013053764046712323,0,0.00013100444481693998,0,2275,5.733226394E-011,2.139853611E-007,-2.888020075E-006,3.077972881E-010,1.072331772E-005,-4.567540790E-012,1.347223044E-004,7.548806025E-011,1.347223824E-004,0.000000000E+000
F377.6,symmetric_V377.6,critical,0.0001,0.1,3000,0.00013053764046712323,0,0.00013100444481693998,0,2300,1.035334318E-011,2.146872653E-007,-2.897493246E-006,1.925446591E-011,1.075849238E-005,-6.037947919E-013,1.351642214E-004,1.754159484E-009,1.351642995E-004,0.000000000E+000
F377.6,symmetric_V377.6,critical,0.0001,0.1,3000,0.00013053764046712323,0,0.00013100444481693998,0,2325,6.714129253E-012,2.153914838E-007,-2.906997681E-006,2.167460805E-011,1.079378233E-005,6.037698119E-012,1.356075866E-004,4.069704573E-010,1.356076649E-004,0.000000000E+000
F377.6,symmetric_V377.6,critical,0.0001,0.1,3000,0.00013053764046712323,0,0.00013100444481693998,0,2350,-5.426048499E-012,2.160980113E-007,-2.916533182E-006,2.238097503E-011,1.082918796E-005,-1.150371465E-011,1.360524048E-004,6.116351869E-010,1.360524834E-004,0.000000000E+000
F377.6,symmetric_V377.6,critical,0.0001,0.1,3000,0.00013053764046712323,0,0.00013100444481693998,0,2375,-5.877630327E-011,2.168068449E-007,-2.926099902E-006,-2.739630257E-010,1.086470959E-005,-8.711642518E-013,1.364986809E-004,-2.870564231E-009,1.364987596E-004,0.000000000E+000
F377.6,symmetric_V377.6,critical,0.0001,0.1,3000,0.00013053764046712323,0,0.00013100444481693998,0,2400,-2.032596313E-012,2.175180066E-007,-2.935698146E-006,1.602957272E-011,1.090034765E-005,-9.776540688E-012,1.369464193E-004,7.183871276E-010,1.369464982E-004,0.000000000E+000
F377.6,symmetric_V377.6,critical,0.0001,0.1,3000,0.00013053764046712323,0,0.00013100444481693998,0,2425,3.326797171E-011,2.182315028E-007,-2.945327732E-006,1.839749781E-011,1.093610250E-005,3.964617523E-011,1.373956252E-004,3.468585419E-010,1.373957043E-004,0.000000000E+000
F377.6,symmetric_V377.6,critical,0.0001,0.1,3000,0.00013053764046712323,0,0.00013100444481693998,0,2450,-7.397414625E-011,2.189473364E-007,-2.954988816E-006,-2.751825794E-010,1.097197452E-005,-2.066977145E-011,1.378463034E-004,-1.269256700E-009,1.378463826E-004,0.000000000E+000
F377.6,symmetric_V377.6,critical,0.0001,0.1,3000,0.00013053764046712323,0,0.00013100444481693998,0,2475,1.119931092E-010,2.196655044E-007,-2.964681681E-006,6.021682162E-010,1.100796413E-005,-9.674344659E-012,1.382984584E-004,6.099014627E-009,1.382985379E-004,0.000000000E+000
F377.6,symmetric_V377.6,critical,0.0001,0.1,3000,0.00013053764046712323,0,0.00013100444481693998,0,2500,-2.341865590E-011,2.203860315E-007,-2.974406296E-006,1.093540569E-011,1.104407166E-005,-3.129790871E-011,1.387520951E-004,-6.949107956E-011,1.387521747E-004,0.000000000E+000
F377.6,symmetric_V377.6,critical,0.0001,0.1,3000,0.00013053764046712323,0,0.00013100444481693998,0,2525,-7.238959432E-012,2.211089311E-007,-2.984162627E-006,1.025519393E-011,1.108029748E-005,-1.149996764E-011,1.392072185E-004,-1.426343488E-009,1.392072982E-004,0.000000000E+000
F377.6,symmetric_V377.6,critical,0.0001,0.1,3000,0.00013053764046712323,0,0.00013100444481693998,0,2550,1.507978464E-011,2.218341863E-007,-2.993951118E-006,1.973598175E-011,1.111664208E-005,1.622579848E-011,1.396638335E-004,1.638312597E-009,1.396639134E-004,0.000000000E+000
F377.6,symmetric_V377.6,critical,0.0001,0.1,3000,0.00013053764046712323,0,0.00013100444481693998,0,2575,-2.457174741E-011,2.225618237E-007,-3.003771649E-006,1.602612832E-011,1.115310578E-005,-3.192698883E-011,1.401219448E-004,1.558362328E-010,1.401220250E-004,0.000000000E+000
F377.6,symmetric_V377.6,critical,0.0001,0.1,3000,0.00013053764046712323,0,0.00013100444481693998,0,2600,4.507075269E-012,2.232918561E-007,-3.013624369E-006,2.492145993E-011,1.118968897E-005,-9.183209748E-013,1.405815576E-004,6.813536402E-010,1.405816380E-004,0.000000000E+000
F377.6,symmetric_V377.6,critical,0.0001,0.1,3000,0.00013053764046712323,0,0.00013100444481693998,0,2625,-7.928657730E-012,2.240242613E-007,-3.023509380E-006,2.871086162E-011,1.122639204E-005,-1.011915551E-011,1.410426763E-004,-2.075125849E-009,1.410427569E-004,0.000000000E+000
F377.6,symmetric_V377.6,critical,0.0001,0.1,3000,0.00013053764046712323,0,0.00013100444481693998,0,2650,1.571220931E-011,2.247590767E-007,-3.033426782E-006,2.932831836E-011,1.126321541E-005,1.417327367E-011,1.415053064E-004,2.089905138E-009,1.415053871E-004,0.000000000E+000
F377.6,symmetric_V377.6,critical,0.0001,0.1,3000,0.00013053764046712323,0,0.00013100444481693998,0,2675,-7.433040294E-012,2.254962981E-007,-3.043376619E-006,2.623438107E-011,1.130015941E-005,-1.527714066E-011,1.419694523E-004,-1.942794370E-009,1.419695332E-004,0.000000000E+000
F377.6,symmetric_V377.6,critical,0.0001,0.1,3000,0.00013053764046712323,0,0.00013100444481693998,0,2700,-5.600360453E-011,2.262359611E-007,-3.053359301E-006,-2.695232612E-010,1.133722452E-005,2.952277312E-012,1.424351194E-004,-1.055582288E-010,1.424352004E-004,0.000000000E+000
F377.6,symmetric_V377.6,critical,0.0001,0.1,3000,0.00013053764046712323,0,0.00013100444481693998,0,2725,-5.046102425E-013,2.269780015E-007,-3.063374253E-006,1.985696531E-011,1.137441103E-005,-8.169548371E-012,1.429023122E-004,-1.029775376E-009,1.429023935E-004,0.000000000E+000
F377.6,symmetric_V377.6,critical,0.0001,0.1,3000,0.00013053764046712323,0,0.00013100444481693998,0,2750,-4.605268944E-011,2.277224891E-007,-3.073422415E-006,-2.707488894E-010,1.141171946E-005,9.416134539E-012,1.433710361E-004,-1.535966021E-009,1.433711175E-004,0.000000000E+000
F377.6,symmetric_V377.6,critical,0.0001,0.1,3000,0.00013053764046712323,0,0.00013100444481693998,0,2775,3.322853104E-011,2.284694309E-007,-3.083503249E-006,2.994620194E-010,1.144915009E-005,-2.532643539E-011,1.438412960E-004,2.931500376E-009,1.438413776E-004,0.000000000E+000
F377.6,symmetric_V377.6,critical,0.0001,0.1,3000,0.00013053764046712323,0,0.00013100444481693998,0,2800,2.254876841E-012,2.292188068E-007,-3.093617214E-006,5.798932457E-012,1.148670339E-005,-2.653460784E-012,1.443130968E-004,-2.415845302E-011,1.443131786E-004,0.000000000E+000
F377.6,symmetric_V377.6,critical,0.0001,0.1,3000,0.00013053764046712323,0,0.00013100444481693998,0,2825,-2.944752775E-011,2.299706426E-007,-3.103764313E-006,1.143816200E-011,1.152437976E-005,-2.701694424E-011,1.447864435E-004,5.121307822E-010,1.447865256E-004,0.000000000E+000
F377.6,symmetric_V377.6,critical,0.0001,0.1,3000,0.00013053764046712323,0,0.00013100444481693998,0,2850,3.076108812E-012,2.307249275E-007,-3.113944680E-006,7.709068542E-012,1.156217961E-005,-1.375732861E-012,1.452613416E-004,-1.571095254E-009,1.452614239E-004,0.000000000E+000
F377.6,symmetric_V377.6,critical,0.0001,0.1,3000,0.00013053764046712323,0,0.00013100444481693998,0,2875,2.149823375E-011,2.314817136E-007,-3.124158458E-006,1.588138236E-011,1.160010331E-005,2.522487774E-011,1.457377959E-004,8.387530670E-010,1.457378783E-004,0.000000000E+000
F377.6,symmetric_V377.6,critical,0.0001,0.1,3000,0.00013053764046712323,0,0.00013100444481693998,0,2900,7.520273293E-011,2.322409623E-007,-3.134405585E-006,3.034211796E-010,1.163815127E-005,6.271372310E-012,1.462158114E-004,2.294228807E-009,1.462158940E-004,0.000000000E+000
F377.6,symmetric_V377.6,critical,0.0001,0.1,3000,0.00013053764046712323,0,0.00013100444481693998,0,2925,5.498804190E-011,2.330027066E-007,-3.144686299E-006,3.135196700E-010,1.167632390E-005,-6.844691480E-012,1.466953932E-004,4.533859510E-009,1.466954760E-004,0.000000000E+000
F377.6,symmetric_V377.6,critical,0.0001,0.1,3000,0.00013053764046712323,0,0.00013100444481693998,0,2950,-1.049861587E-011,2.337669292E-007,-3.155001002E-006,1.286239213E-011,1.171462169E-005,-1.933692095E-011,1.471765466E-004,-1.076955414E-009,1.471766296E-004,0.000000000E+000
F377.6,symmetric_V377.6,critical,0.0001,0.1,3000,0.00013053764046712323,0,0.00013100444481693998,0,2975,7.102957111E-012,2.345336815E-007,-3.165349164E-006,1.210721232E-011,1.175304488E-005,7.077949338E-012,1.476592765E-004,4.768594408E-010,1.476593597E-004,0.000000000E+000
F377.6,symmetric_V377.6,critical,0.0001,0.1,3000,0.00013053764046712323,0,0.00013100444481693998,0,3000,-2.635350271E-011,2.353029216E-007,-3.175731471E-006,-2.528530761E-010,1.179159403E-005,2.535177623E-011,1.481435882E-004,-2.968420176E-009,1.481436715E-004,0.000000000E+000
G+20,turning_phi+20,critical,0.0001,0.1,3000,-0.00054761986151965515,0,-0.00054757608206472473,0,0,6.658711582E-009,1.189964102E-007,-1.804794987E-006,5.517504419E-006,6.887724504E-006,-1.133924925E-005,1.000000000E-004,7.061130236E-003,7.061130236E-003,0.000000000E+000
G+20,turning_phi+20,critical,0.0001,0.1,3000,-0.00054761986151965515,0,-0.00054757608206472473,0,25,7.475222955E-009,1.173718170E-007,-1.780283027E-006,5.442406300E-006,6.794190213E-006,-1.118489154E-005,9.864089306E-005,6.963997874E-003,6.965122479E-003,0.000000000E+000
G+20,turning_phi+20,critical,0.0001,0.1,3000,-0.00054761986151965515,0,-0.00054757608206472473,0,50,7.518185435E-009,1.157858844E-007,-1.755908144E-006,5.369017050E-006,6.701715704E-006,-1.103337469E-005,9.729932709E-005,6.870290522E-003,6.870427228E-003,0.000000000E+000
G+20,turning_phi+20,critical,0.0001,0.1,3000,-0.00054761986151965515,0,-0.00054757608206472473,0,75,7.451107675E-009,1.142002985E-007,-1.732508940E-006,5.295489972E-006,6.610749556E-006,-1.088226225E-005,9.597687928E-005,6.776117390E-003,6.777019619E-003,0.000000000E+000
G+20,turning_phi+20,critical,0.0001,0.1,3000,-0.00054761986151965515,0,-0.00054757608206472473,0,100,7.513261763E-009,1.126473747E-007,-1.708657731E-006,5.223984815E-006,6.520768834E-006,-1.073574131E-005,9.467160826E-005,6.684556376E-003,6.684874693E-003,0.000000000E+000
G+20,turning_phi+20,critical,0.0001,0.1,3000,-0.00054761986151965515,0,-0.00054757608206472473,0,125,7.463817037E-009,1.111123258E-007,-1.685269204E-006,5.152677548E-006,6.432095211E-006,-1.058825539E-005,9.338455490E-005,6.593273607E-003,6.593975536E-003,0.000000000E+000
G+20,turning_phi+20,critical,0.0001,0.1,3000,-0.00054761986151965515,0,-0.00054757608206472473,0,150,7.415242184E-009,1.096203407E-007,-1.662745267E-006,5.082509817E-006,6.344717454E-006,-1.044582349E-005,9.211491436E-005,6.503866076E-003,6.504339663E-003,0.000000000E+000
G+20,turning_phi+20,critical,0.0001,0.1,3000,-0.00054761986151965515,0,-0.00054757608206472473,0,175,7.363334484E-009,1.081491507E-007,-1.639709726E-006,5.013095274E-006,6.258343800E-006,-1.030248348E-005,9.086277695E-005,6.415357314E-003,6.415908438E-003,0.000000000E+000
G+20,turning_phi+20,critical,0.0001,0.1,3000,-0.00054761986151965515,0,-0.00054757608206472473,0,200,7.429783289E-009,1.066452893E-007,-1.617520164E-006,4.945154953E-006,6.173306446E-006,-1.016346040E-005,8.962718372E-005,6.328121586E-003,6.328673424E-003,0.000000000E+000
G+20,turning_phi+20,critical,0.0001,0.1,3000,-0.00054761986151965515,0,-0.00054757608206472473,0,225,7.424535195E-009,1.052121108E-007,-1.595471266E-006,4.878059901E-006,6.089339603E-006,-1.002451463E-005,8.840859240E-005,6.242143427E-003,6.242621578E-003,0.000000000E+000
G+20,turning_phi+20,critical,0.0001,0.1,3000,-0.00054761986151965515,0,-0.00054757608206472473,0,250,7.438938215E-009,1.037591834E-007,-1.573761390E-006,4.811576465E-006,6.006576125E-006,-9.888731646E-006,8.720648596E-005,6.157171364E-003,6.157746504E-003,0.000000000E+000
G+20,turning_phi+20,critical,0.0001,0.1,3000,-0.00054761986151965515,0,-0.00054757608206472473,0,275,7.344177072E-009,1.023620036E-007,-1.552414074E-006,4.745998796E-006,5.924882040E-006,-9.754024709E-006,8.602085202E-005,6.073575903E-003,6.074024037E-003,0.000000000E+000
G+20,turning_phi+20,critical,0.0001,0.1,3000,-0.00054761986151965515,0,-0.00054757608206472473,0,300,7.285536341E-009,1.009732724E-007,-1.531454981E-006,4.681097268E-006,5.844359121E-006,-9.621533036E-006,8.485140512E-005,5.990874964E-003,5.991444734E-003,0.000000000E+000
G+20,turning_phi+20,critical,0.0001,0.1,3000,-0.00054761986151965515,0,-0.00054757608206472473,0,325,7.460896970E-009,9.960850374E-008,-1.510430007E-006,4.618191652E-006,5.764879555E-006,-9.490703441E-006,8.369771047E-005,5.909542163E-003,5.909985441E-003,0.000000000E+000
G+20,turning_phi+20,critical,0.0001,0.1,3000,-0.00054761986151965515,0,-0.00054757608206472473,0,350,7.407043909E-009,9.825397040E-008,-1.489940333E-006,4.555316309E-006,5.686509233E-006,-9.361700703E-006,8.255988462E-005,5.829108640E-003,5.829636370E-003,0.000000000E+000
G+20,turning_phi+20,critical,0.0001,0.1,3000,-0.00054761986151965515,0,-0.00054757608206472473,0,375,7.418010595E-009,9.690641287E-008,-1.469668459E-006,4.493470267E-006,5.609209886E-006,-9.234556552E-006,8.143744972E-005,5.749942771E-003,5.750386872E-003,0.000000000E+000
G+20,turning_phi+20,critical,0.0001,0.1,3000,-0.00054761986151965515,0,-0.00054757608206472473,0,400,7.433233043E-009,9.560181953E-008,-1.449763339E-006,4.432286709E-006,5.532966071E-006,-9.108839811E-006,8.033040322E-005,5.671706129E-003,5.672212003E-003,0.000000000E+000
G+20,turning_phi+20,critical,0.0001,0.1,3000,-0.00054761986151965515,0,-0.00054757608206472473,0,425,7.406098540E-009,9.430071283E-008,-1.429909699E-006,4.371961984E-006,5.457701409E-006,-8.985187204E-006,7.923831232E-005,5.594657806E-003,5.595097790E-003,0.000000000E+000
G+20,turning_phi+20,critical,0.0001,0.1,3000,-0.00054761986151965515,0,-0.00054757608206472473,0,450,7.479967673E-009,9.300729457E-008,-1.410732895E-006,4.312765943E-006,5.383566728E-006,-8.862823499E-006,7.816091322E-005,5.518553247E-003,5.519022544E-003,0.000000000E+000
G+20,turning_phi+20,critical,0.0001,0.1,3000,-0.00054761986151965515,0,-0.00054757608206472473,0,475,7.436953831E-009,9.173650949E-008,-1.391416536E-006,4.254107457E-006,5.310352525E-006,-8.742556295E-006,7.709826367E-005,5.443546907E-003,5.443990612E-003,0.000000000E+000
G+20,turning_phi+20,critical,0.0001,0.1,3000,-0.00054761986151965515,0,-0.00054757608206472473,0,500,7.437095190E-009,9.049666626E-008,-1.372593439E-006,4.196215114E-006,5.238153012E-006,-8.623477746E-006,7.604997745E-005,5.369529797E-003,5.369966074E-003,0.000000000E+000
G+20,turning_phi+20,critical,0.0001,0.1,3000,-0.00054761986151965515,0,-0.00054757608206472473,0,525,7.405403651E-009,8.924913936E-008,-1.353679729E-006,4.139073262E-006,5.166894137E-006,-8.506414919E-006,7.501592605E-005,5.296508095E-003,5.296954080E-003,0.000000000E+000
G+20,turning_phi+20,critical,0.0001,0.1,3000,-0.00054761986151965515,0,-0.00054757608206472473,0,550,7.309620187E-009,8.803476726E-008,-1.335263590E-006,4.082563154E-006,5.096646332E-006,-8.390709147E-006,7.399609250E-005,5.224511283E-003,5.224944483E-003,0.000000000E+000
G+20,turning_phi+20,critical,0.0001,0.1,3000,-0.00054761986151965515,0,-0.00054757608206472473,0,575,7.366375565E-009,8.686251975E-008,-1.317231586E-006,4.027154707E-006,5.027367930E-006,-8.276669720E-006,7.299018636E-005,5.153476445E-003,5.153910257E-003,0.000000000E+000
G+20,turning_phi+20,critical,0.0001,0.1,3000,-0.00054761986151965515,0,-0.00054757608206472473,0,600,7.350652795E-009,8.566748244E-008,-1.299381998E-006,3.972384555E-006,4.959032776E-006,-8.164120034E-006,7.199774539E-005,5.083419239E-003,5.083836071E-003,0.000000000E+000
G+20,turning_phi+20,critical,0.0001,0.1,3000,-0.00054761986151965515,0,-0.00054757608206472473,0,625,7.362518567E-009,8.451829173E-008,-1.282020654E-006,3.918327596E-006,4.891668895E-006,-8.053147808E-006,7.101894416E-005,5.014295645E-003,5.014720303E-003,0.000000000E+000
G+20,turning_phi+20,critical,0.0001,0.1,3000,-0.00054761986151965515,0,-0.00054757608206472473,0,650,7.360191082E-009,8.335766359E-008,-1.264297063E-006,3.865201915E-006,4.825110993E-006,-7.943680035E-006,7.005337811E-005,4.946138758E-003,4.946541158E-003,0.000000000E+000
G+20,turning_phi+20,critical,0.0001,0.1,3000,-0.00054761986151965515,0,-0.00054757608206472473,0,675,7.330857643E-009,8.223792178E-008,-1.247197050E-006,3.812380596E-006,4.759492199E-006,-7.835641537E-006,6.910078449E-005,4.878860575E-003,4.879272666E-003,0.000000000E+000
G+20,turning_phi+20,critical,0.0001,0.1,3000,-0.00054761986151965515,0,-0.00054757608206472473,0,700,7.319231859E-009,8.110589228E-008,-1.229808137E-006,3.760606716E-006,4.694703247E-006,-7.729159218E-006,6.816124293E-005,4.812531996E-003,4.812932097E-003,0.000000000E+000
G+20,turning_phi+20,critical,0.0001,0.1,3000,-0.00054761986151965515,0,-0.00054757608206472473,0,725,7.398428925E-009,8.003655315E-008,-1.213517325E-006,3.709874266E-006,4.630967082E-006,-7.624101978E-006,6.723457501E-005,4.747117041E-003,4.747497745E-003,0.000000000E+000
G+20,turning_phi+20,critical,0.0001,0.1,3000,-0.00054761986151965515,0,-0.00054757608206472473,0,750,7.353482073E-009,7.892886786E-008,-1.196986627E-006,3.659065500E-006,4.567980758E-006,-7.520346914E-006,6.632028440E-005,4.682537192E-003,4.682938826E-003,0.000000000E+000
G+20,turning_phi+20,critical,0.0001,0.1,3000,-0.00054761986151965515,0,-0.00054757608206472473,0,775,7.279908093E-009,7.784951405E-008,-1.180387031E-006,3.609074483E-006,4.505793076E-006,-7.418184967E-006,6.541845749E-005,4.618889231E-003,4.619260796E-003,0.000000000E+000
G+20,turning_phi+20,critical,0.0001,0.1,3000,-0.00054761986151965515,0,-0.00054757608206472473,0,800,7.304131119E-009,7.676938098E-008,-1.164420600E-006,3.560074567E-006,4.444563154E-006,-7.317291712E-006,6.452897336E-005,4.556077120E-003,4.556456694E-003,0.000000000E+000
G+20,turning_phi+20,critical,0.0001,0.1,3000,-0.00054761986151965515,0,-0.00054757608206472473,0,825,7.291424076E-009,7.573044482E-008,-1.148532006E-006,3.511729940E-006,4.384119715E-006,-7.217836750E-006,6.365157626E-005,4.494122345E-003,4.494501730E-003,0.000000000E+000
G+20,turning_phi+20,critical,0.0001,0.1,3000,-0.00054761986151965515,0,-0.00054757608206472473,0,850,7.340387756E-009,7.472751180E-008,-1.133163119E-006,3.464137369E-006,4.324552146E-006,-7.119748526E-006,6.278630304E-005,4.433032831E-003,4.433398204E-003,0.000000000E+000
G+20,turning_phi+20,critical,0.0001,0.1,3000,-0.00054761986151965515,0,-0.00054757608206472473,0,875,7.368948035E-009,7.370567347E-008,-1.117558252E-006,3.417064959E-006,4.265720024E-006,-7.022889484E-006,6.193259775E-005,4.372760796E-003,4.373118392E-003,0.000000000E+000
G+20,turning_phi+20,critical,0.0001,0.1,3000,-0.00054761986151965515,0,-0.00054757608206472473,0,900,7.355809503E-009,7.270587714E-008,-1.102677380E-006,3.370545190E-006,4.207790328E-006,-6.927458397E-006,6.109062531E-005,4.313308604E-003,4.313666949E-003,0.000000000E+000
G+20,turning_phi+20,critical,0.0001,0.1,3000,-0.00054761986151965515,0,-0.00054757608206472473,0,925,7.246223066E-009,7.173244881E-008,-1.087679975E-006,3.324379362E-006,4.150557476E-006,-6.833251383E-006,6.026001965E-005,4.254662959E-003,4.255014650E-003,0.000000000E+000
G+20,turning_phi+20,critical,0.0001,0.1,3000,-0.00054761986151965515,0,-0.00054757608206472473,0,950,7.325926171E-009,7.075003475E-008,-1.072603278E-006,3.279524251E-006,4.094093706E-006,-6.740484355E-006,5.944092764E-005,4.196847765E-003,4.197177686E-003,0.000000000E+000
G+20,turning_phi+20,critical,0.0001,0.1,3000,-0.00054761986151965515,0,-0.00054757608206472473,0,975,7.320765175E-009,6.980478498E-008,-1.058151243E-006,3.234854895E-006,4.038457797E-006,-6.648707942E-006,5.863290485E-005,4.139765483E-003,4.140119539E-003,0.000000000E+000
G+20,turning_phi+20,critical,0.0001,0.1,3000,-0.00054761986151965515,0,-0.00054757608206472473,0,1000,7.405570171E-009,6.882658746E-008,-1.043893028E-006,3.191307371E-006,3.983618722E-006,-6.558516299E-006,5.783579217E-005,4.083510606E-003,4.083841940E-003,0.000000000E+000
G+20,turning_phi+20,critical,0.0001,0.1,3000,-0.00054761986151965515,0,-0.00054757608206472473,0,1025,7.410124306E-009,6.789086159E-008,-1.029686965E-006,3.147739108E-006,3.929449683E-006,-6.469168420E-006,5.704956306E-005,4.027993517E-003,4.028323213E-003,0.000000000E+000
G+20,turning_phi+20,critical,0.0001,0.1,3000,-0.00054761986151965515,0,-0.00054757608206472473,0,1050,7.254816164E-009,6.694460209E-008,-1.015658374E-006,3.104620361E-006,3.876027155E-006,-6.381446376E-006,5.627393810E-005,3.973235216E-003,3.973560972E-003,0.000000000E+000
G+20,turning_phi+20,critical,0.0001,0.1,3000,-0.00054761986151965515,0,-0.00054757608206472473,0,1075,7.328128715E-009,6.607479639E-008,-1.001547987E-006,3.062516129E-006,3.823265995E-006,-6.294575249E-006,5.550920973E-005,3.919229506E-003,3.919553153E-003,0.000000000E+000
G+20,turning_phi+20,critical,0.0001,0.1,3000,-0.00054761986151965515,0,-0.00054757608206472473,0,1100,7.351646097E-009,6.513767857E-008,-9.883814573E-007,3.020941232E-006,3.771403517E-006,-6.209099627E-006,5.475464054E-005,3.865966490E-003,3.866278448E-003,0.000000000E+000
G+20,turning_phi+20,critical,0.0001,0.1,3000,-0.00054761986151965515,0,-0.00054757608206472473,0,1125,7.336966798E-009,6.429854771E-008,-9.750362300E-007,2.979885619E-006,3.720142954E-006,-6.124611051E-006,5.401033163E-005,3.813411118E-003,3.813718609E-003,0.000000000E+000
G+20,turning_phi+20,critical,0.0001,0.1,3000,-0.00054761986151965515,0,-0.00054757608206472473,0,1150,7.429581117E-009,6.339083221E-008,-9.619553747E-007,2.939693251E-006,3.669620371E-006,-6.041414802E-006,5.327593718E-005,3.761555219E-003,3.761865873E-003,0.000000000E+000
G+20,turning_phi+20,critical,0.0001,0.1,3000,-0.00054761986151965515,0,-0.00054757608206472473,0,1175,7.352113737E-009,6.253850375E-008,-9.484894611E-007,2.899576196E-006,3.619651916E-006,-5.959311467E-006,5.255177024E-005,3.710437071E-003,3.710730218E-003,0.000000000E+000
G+20,turning_phi+20,critical,0.0001,0.1,3000,-0.00054761986151965515,0,-0.00054757608206472473,0,1200,7.304543928E-009,6.168301996E-008,-9.356812957E-007,2.859905327E-006,3.570471152E-006,-5.878282211E-006,5.183740491E-005,3.659971264E-003,3.660290714E-003,0.000000000E+000
G+20,turning_phi+20,critical,0.0001,0.1,3000,-0.00054761986151965515,0,-0.00054757608206472473,0,1225,7.394440130E-009,6.082787324E-008,-9.223740629E-007,2.821318478E-006,3.521833426E-006,-5.798472123E-006,5.113284837E-005,3.610255915E-003,3.610540704E-003,0.000000000E+000
G+20,turning_phi+20,critical,0.0001,0.1,3000,-0.00054761986151965515,0,-0.00054757608206472473,0,1250,7.294251009E-009,6.000497886E-008,-9.097443405E-007,2.782765882E-006,3.473935814E-006,-5.719633472E-006,5.043790616E-005,3.561168808E-003,3.561467242E-003,0.000000000E+000
G+20,turning_phi+20,critical,0.0001,0.1,3000,-0.00054761986151965515,0,-0.00054757608206472473,0,1275,7.429802232E-009,5.914018475E-008,-8.979012845E-007,2.745302860E-006,3.426886075E-006,-5.641975083E-006,4.975233870E-005,3.512790872E-003,3.513073800E-003,0.000000000E+000
G+20,turning_phi+20,critical,0.0001,0.1,3000,-0.00054761986151965515,0,-0.00054757608206472473,0,1300,7.279702549E-009,5.842035741E-008,-8.855086873E-007,2.707650586E-006,3.380215047E-006,-5.565294200E-006,4.907656861E-005,3.465058507E-003,3.465337212E-003,0.000000000E+000
G+20,turning_phi+20,critical,0.0001,0.1,3000,-0.00054761986151965515,0,-0.00054757608206472473,0,1325,7.320160450E-009,5.760784620E-008,-8.738040709E-007,2.670995021E-006,3.334370142E-006,-5.489749714E-006,4.840970158E-005,3.417964025E-003,3.418253295E-003,0.000000000E+000
G+20,turning_phi+20,critical,0.0001,0.1,3000,-0.00054761986151965515,0,-0.00054757608206472473,0,1350,7.281009615E-009,5.681141104E-008,-8.617854176E-007,2.634603494E-006,3.289054370E-006,-5.415155471E-006,4.775203630E-005,3.371547588E-003,3.371819375E-003,0.000000000E+000
G+20,turning_phi+20,critical,0.0001,0.1,3000,-0.00054761986151965515,0,-0.00054757608206472473,0,1375,7.258985607E-009,5.610959480E-008,-8.503656699E-007,2.598629487E-006,3.244387422E-006,-5.341622421E-006,4.710363437E-005,3.325729580E-003,3.326019660E-003,0.000000000E+000
G+20,turning_phi+20,critical,0.0001,0.1,3000,-0.00054761986151965515,0,-0.00054757608206472473,0,1400,7.277302677E-009,5.518812911E-008,-8.393627851E-007,2.563558974E-006,3.200533600E-006,-5.269154524E-006,4.646344069E-005,3.280598681E-003,3.280850426E-003,0.000000000E+000
G+20,turning_phi+20,critical,0.0001,0.1,3000,-0.00054761986151965515,0,-0.00054757608206472473,0,1425,7.240128691E-009,5.443420676E-008,-8.270052535E-007,2.528474860E-006,3.156849709E-006,-5.197462445E-006,4.583214637E-005,3.235991877E-003,3.236269862E-003,0.000000000E+000
G+20,turning_phi+20,critical,0.0001,0.1,3000,-0.00054761986151965515,0,-0.00054757608206472473,0,1450,7.271163532E-009,5.375115388E-008,-8.168437447E-007,2.494374673E-006,3.114097171E-006,-5.126875306E-006,4.520904627E-005,3.192027468E-003,3.192260491E-003,0.000000000E+000
G+20,turning_phi+20,critical,0.0001,0.1,3000,-0.00054761986151965515,0,-0.00054757608206472473,0,1475,7.317399631E-009,5.311881240E-008,-8.047868463E-007,2.460465265E-006,3.071497392E-006,-5.056944540E-006,4.459433876E-005,3.148573045E-003,3.148832660E-003,0.000000000E+000
G+20,turning_phi+20,critical,0.0001,0.1,3000,-0.00054761986151965515,0,-0.00054757608206472473,0,1500,7.371096414E-009,5.236272138E-008,-7.937474438E-007,2.427026518E-006,3.029692357E-006,-4.988200526E-006,4.398733082E-005,3.105750763E-003,3.105977456E-003,0.000000000E+000
G+20,turning_phi+20,critical,0.0001,0.1,3000,-0.00054761986151965515,0,-0.00054757608206472473,0,1525,7.370600977E-009,5.167198518E-008,-7.827628137E-007,2.394190978E-006,2.988409250E-006,-4.920225427E-006,4.338861450E-005,3.063466985E-003,3.063696103E-003,0.000000000E+000
G+20,turning_phi+20,critical,0.0001,0.1,3000,-0.00054761986151965515,0,-0.00054757608206472473,0,1550,7.258165208E-009,5.094771393E-008,-7.717920376E-007,2.361113312E-006,2.947661451E-006,-4.853345024E-006,4.279792054E-005,3.021753424E-003,3.021990156E-003,0.000000000E+000
G+20,turning_phi+20,critical,0.0001,0.1,3000,-0.00054761986151965515,0,-0.00054757608206472473,0,1575,7.307664210E-009,5.017542790E-008,-7.623741762E-007,2.329314989E-006,2.907807888E-006,-4.787235328E-006,4.221502843E-005,2.980612973E-003,2.980850030E-003,0.000000000E+000
G+20,turning_phi+20,critical,0.0001,0.1,3000,-0.00054761986151965515,0,-0.00054757608206472473,0,1600,7.276120928E-009,4.957137553E-008,-7.510038615E-007,2.297620408E-006,2.867982462E-006,-4.722159642E-006,4.164056324E-005,2.940050096E-003,2.940269592E-003,0.000000000E+000
G+20,turning_phi+20,critical,0.0001,0.1,3000,-0.00054761986151965515,0,-0.00054757608206472473,0,1625,7.296676777E-009,4.889818440E-008,-7.414202329E-007,2.266121885E-006,2.829067740E-006,-4.657779294E-006,4.107388372E-005,2.900013621E-003,2.900254666E-003,0.000000000E+000
G+20,turning_phi+20,critical,0.0001,0.1,3000,-0.00054761986151965515,0,-0.00054757608206472473,0,1650,7.365292001E-009,4.821016494E-008,-7.312408731E-007,2.235752285E-006,2.790573405E-006,-4.594520384E-006,4.051476715E-005,2.860580550E-003,2.860780997E-003,0.000000000E+000
G+20,turning_phi+20,critical,0.0001,0.1,3000,-0.00054761986151965515,0,-0.00054757608206472473,0,1675,7.103384866E-009,4.755731144E-008,-7.213117778E-007,2.204744915E-006,2.752568559E-006,-4.531987706E-006,3.996328219E-005,2.821608806E-003,2.821838008E-003,0.000000000E+000
G+20,turning_phi+20,critical,0.0001,0.1,3000,-0.00054761986151965515,0,-0.00054757608206472473,0,1700,7.050808395E-009,4.687965405E-008,-7.117287733E-007,2.174821518E-006,2.715175852E-006,-4.470455742E-006,3.941924252E-005,2.783225841E-003,2.783432389E-003,0.000000000E+000
G+20,turning_phi+20,critical,0.0001,0.1,3000,-0.00054761986151965515,0,-0.00054757608206472473,0,1725,7.047057674E-009,4.624785535E-008,-7.011624895E-007,2.145483654E-006,2.678052945E-006,-4.409666673E-006,3.888266652E-005,2.745327327E-003,2.745541978E-003,0.000000000E+000
G+20,turning_phi+20,critical,0.0001,0.1,3000,-0.00054761986151965515,0,-0.00054757608206472473,0,1750,7.293441892E-009,4.561552414E-008,-6.920302185E-007,2.115950871E-006,2.641690256E-006,-4.349245891E-006,3.835376106E-005,2.707980544E-003,2.708193761E-003,0.000000000E+000
G+20,turning_phi+20,critical,0.0001,0.1,3000,-0.00054761986151965515,0,-0.00054757608206472473,0,1775,7.000324223E-009,4.497999302E-008,-6.832507568E-007,2.087126562E-006,2.605866151E-006,-4.290364342E-006,3.783164203E-005,2.671092732E-003,2.671330618E-003,0.000000000E+000
G+20,turning_phi+20,critical,0.0001,0.1,3000,-0.00054761986151965515,0,-0.00054757608206472473,0,1800,6.770008248E-009,4.441786365E-008,-6.735313110E-007,2.058751123E-006,2.570276966E-006,-4.232147415E-006,3.731672433E-005,2.634785664E-003,2.634964110E-003,0.000000000E+000
G+20,turning_phi+20,critical,0.0001,0.1,3000,-0.00054761986151965515,0,-0.00054757608206472473,0,1825,6.728057722E-009,4.378462031E-008,-6.643884322E-007,2.030678131E-006,2.535317678E-006,-4.174453071E-006,3.680877110E-005,2.598921000E-003,2.599102895E-003,0.000000000E+000
G+20,turning_phi+20,critical,0.0001,0.1,3000,-0.00054761986151965515,0,-0.00054757608206472473,0,1850,7.425428175E-009,4.322585337E-008,-6.555806633E-007,2.003409293E-006,2.500866551E-006,-4.116999521E-006,3.630826561E-005,2.563337184E-003,2.563738213E-003,0.000000000E+000
G+20,turning_phi+20,critical,0.0001,0.1,3000,-0.00054761986151965515,0,-0.00054757608206472473,0,1875,3.715773800E-010,4.258470179E-008,-6.463702049E-007,1.976787559E-006,2.466663651E-006,-4.061810705E-006,3.581329203E-005,2.530315683E-003,2.528880123E-003,0.000000000E+000
G+20,turning_phi+20,critical,0.0001,0.1,3000,-0.00054761986151965515,0,-0.00054757608206472473,0,1900,6.872170777E-009,4.202068285E-008,-6.377323854E-007,1.947727792E-006,2.433547207E-006,-4.003188195E-006,3.532865175E-005,2.491367591E-003,2.494488390E-003,0.000000000E+000
G+20,turning_phi+20,critical,0.0001,0.1,3000,-0.00054761986151965515,0,-0.00054757608206472473,0,1925,6.858830170E-011,4.145097404E-008,-6.289234389E-007,1.923678065E-006,2.399808427E-006,-3.954423787E-006,3.484481123E-005,2.464148109E-003,2.460565147E-003,0.000000000E+000
G+20,turning_phi+20,critical,0.0001,0.1,3000,-0.00054761986151965515,0,-0.00054757608206472473,0,1950,6.403370167E-009,4.090689775E-008,-6.203867965E-007,1.894058466E-006,2.367895388E-006,-3.894459132E-006,3.437487949E-005,2.422409255E-003,2.427089460E-003,0.000000000E+000
G+20,turning_phi+20,critical,0.0001,0.1,3000,-0.00054761986151965515,0,-0.00054757608206472473,0,1975,5.090389776E-010,4.031132779E-008,-6.117034680E-007,1.872474573E-006,2.334897160E-006,-3.846110213E-006,3.390343551E-005,2.398332281E-003,2.394106889E-003,0.000000000E+000
G+20,turning_phi+20,critical,0.0001,0.1,3000,-0.00054761986151965515,0,-0.00054757608206472473,0,2000,4.415957794E-009,3.979518674E-008,-6.035918715E-007,1.842322889E-006,2.304010078E-006,-3.788534517E-006,3.344695754E-005,2.356344524E-003,2.361559028E-003,0.000000000E+000
G+20,turning_phi+20,critical,0.0001,0.1,3000,-0.00054761986151965515,0,-0.00054757608206472473,0,2025,2.175700453E-010,3.920962680E-008,-5.950314179E-007,1.822160657E-006,2.271838544E-006,-3.743996578E-006,3.298757826E-005,2.333657561E-003,2.329451634E-003,0.000000000E+000
G+20,turning_phi+20,critical,0.0001,0.1,3000,-0.00054761986151965515,0,-0.00054757608206472473,0,2050,2.355402914E-009,3.874636252E-008,-5.876974852E-007,1.793229025E-006,2.241754493E-006,-3.683328788E-006,3.254367507E-005,2.293493070E-003,2.297785217E-003,0.000000000E+000
G+20,turning_phi+20,critical,0.0001,0.1,3000,-0.00054761986151965515,0,-0.00054757608206472473,0,2075,2.355632772E-010,3.816107488E-008,-5.793245240E-007,1.772638302E-006,2.210679547E-006,-3.645715802E-006,3.209714983E-005,2.269591732E-003,2.266554266E-003,0.000000000E+000
G+20,turning_phi+20,critical,0.0001,0.1,3000,-0.00054761986151965515,0,-0.00054757608206472473,0,2100,-3.406062932E-011,3.770284616E-008,-5.714212239E-007,1.745911474E-006,2.180999658E-006,-3.583045181E-006,3.166423269E-005,2.233232402E-003,2.235743254E-003,0.000000000E+000
G+20,turning_phi+20,critical,0.0001,0.1,3000,-0.00054761986151965515,0,-0.00054757608206472473,0,2125,3.454458941E-011,3.719119580E-008,-5.636575956E-007,1.723428527E-006,2.151063760E-006,-3.548245567E-006,3.123106647E-005,2.206643490E-003,2.205338225E-003,0.000000000E+000
G+20,turning_phi+20,critical,0.0001,0.1,3000,-0.00054761986151965515,0,-0.00054757608206472473,0,2150,1.096534391E-010,3.664725178E-008,-5.558482985E-007,1.699590909E-006,2.121980713E-006,-3.486543180E-006,3.080851397E-005,2.174364540E-003,2.175373721E-003,0.000000000E+000
G+20,turning_phi+20,critical,0.0001,0.1,3000,-0.00054761986151965515,0,-0.00054757608206472473,0,2175,7.319705952E-011,3.614314295E-008,-5.485297526E-007,1.677086053E-006,2.093169196E-006,-3.451305074E-006,3.038858705E-005,2.145933112E-003,2.145816093E-003,0.000000000E+000
G+20,turning_phi+20,critical,0.0001,0.1,3000,-0.00054761986151965515,0,-0.00054757608206472473,0,2200,1.635634406E-010,3.566852159E-008,-5.406856789E-007,1.653896873E-006,2.064595593E-006,-3.394195580E-006,2.997662338E-005,2.116553897E-003,2.116664970E-003,0.000000000E+000
G+20,turning_phi+20,critical,0.0001,0.1,3000,-0.00054761986151965515,0,-0.00054757608206472473,0,2225,1.049736409E-010,3.519148183E-008,-5.335818024E-007,1.631628377E-006,2.036694385E-006,-3.355988150E-006,2.956865689E-005,2.087387445E-003,2.087892440E-003,0.000000000E+000
G+20,turning_phi+20,critical,0.0001,0.1,3000,-0.00054761986151965515,0,-0.00054757608206472473,0,2250,-1.175941011E-010,3.471079029E-008,-5.261689279E-007,1.608918247E-006,2.008816882E-006,-3.304681653E-006,2.916675155E-005,2.059773537E-003,2.059502386E-003,0.000000000E+000
G+20,turning_phi+20,critical,0.0001,0.1,3000,-0.00054761986151965515,0,-0.00054757608206472473,0,2275,-3.579775365E-013,3.424848248E-008,-5.192884687E-007,1.587047713E-006,1.981684158E-006,-3.263484839E-006,2.877038338E-005,2.030809478E-003,2.031503667E-003,0.000000000E+000
G+20,turning_phi+20,critical,0.0001,0.1,3000,-0.00054761986151965515,0,-0.00054757608206472473,0,2300,4.470133985E-011,3.373135905E-008,-5.117607581E-007,1.565805691E-006,1.954585546E-006,-3.216974828E-006,2.837894022E-005,2.004218208E-003,2.003894017E-003,0.000000000E+000
G+20,turning_phi+20,critical,0.0001,0.1,3000,-0.00054761986151965515,0,-0.00054757608206472473,0,2325,6.934877672E-011,3.332552865E-008,-5.053984552E-007,1.544273214E-006,1.928191331E-006,-3.174111157E-006,2.799377845E-005,1.976039802E-003,1.976659516E-003,0.000000000E+000
G+20,turning_phi+20,critical,0.0001,0.1,3000,-0.00054761986151965515,0,-0.00054757608206472473,0,2350,5.710677764E-011,3.287802535E-008,-4.981295931E-007,1.523671495E-006,1.901848064E-006,-3.131066844E-006,2.761304370E-005,1.950006095E-003,1.949802024E-003,0.000000000E+000
G+20,turning_phi+20,critical,0.0001,0.1,3000,-0.00054761986151965515,0,-0.00054757608206472473,0,2375,-2.982152025E-011,3.241931357E-008,-4.918534484E-007,1.502610727E-006,1.876155225E-006,-3.087911562E-006,2.723814644E-005,1.922844509E-003,1.923307941E-003,0.000000000E+000
G+20,turning_phi+20,critical,0.0001,0.1,3000,-0.00054761986151965515,0,-0.00054757608206472473,0,2400,7.867417828E-011,3.195214583E-008,-4.848017717E-007,1.482606829E-006,1.850560686E-006,-3.046861615E-006,2.686749590E-005,1.897216606E-003,1.897160740E-003,0.000000000E+000
G+20,turning_phi+20,critical,0.0001,0.1,3000,-0.00054761986151965515,0,-0.00054757608206472473,0,2425,-7.511205546E-011,3.154080637E-008,-4.781243685E-007,1.461732111E-006,1.825418225E-006,-3.004391136E-006,2.650285869E-005,1.871067581E-003,1.871396401E-003,0.000000000E+000
G+20,turning_phi+20,critical,0.0001,0.1,3000,-0.00054761986151965515,0,-0.00054757608206472473,0,2450,-9.606607176E-011,3.109641318E-008,-4.718932462E-007,1.442062568E-006,1.800678978E-006,-2.964785192E-006,2.614281461E-005,1.845920074E-003,1.845989465E-003,0.000000000E+000
G+20,turning_phi+20,critical,0.0001,0.1,3000,-0.00054761986151965515,0,-0.00054757608206472473,0,2475,-1.076222444E-010,3.068718210E-008,-4.654605028E-007,1.422440876E-006,1.776196098E-006,-2.923410872E-006,2.578781530E-005,1.820703851E-003,1.820906593E-003,0.000000000E+000
G+20,turning_phi+20,critical,0.0001,0.1,3000,-0.00054761986151965515,0,-0.00054757608206472473,0,2500,-4.076072813E-011,3.028808779E-008,-4.590916123E-007,1.403158762E-006,1.752052589E-006,-2.884582443E-006,2.543742210E-005,1.795999140E-003,1.796167602E-003,0.000000000E+000
G+20,turning_phi+20,critical,0.0001,0.1,3000,-0.00054761986151965515,0,-0.00054757608206472473,0,2525,4.306249801E-011,2.983369846E-008,-4.530503831E-007,1.384563311E-006,1.728327989E-006,-2.844704561E-006,2.509187756E-005,1.771649700E-003,1.771774430E-003,0.000000000E+000
G+20,turning_phi+20,critical,0.0001,0.1,3000,-0.00054761986151965515,0,-0.00054757608206472473,0,2550,-5.709449580E-011,2.945868872E-008,-4.466482538E-007,1.365338950E-006,1.704785489E-006,-2.806574477E-006,2.475109066E-005,1.747495776E-003,1.747706101E-003,0.000000000E+000
G+20,turning_phi+20,critical,0.0001,0.1,3000,-0.00054761986151965515,0,-0.00054757608206472473,0,2575,-7.082612274E-012,2.906314079E-008,-4.404924362E-007,1.346882972E-006,1.681578996E-006,-2.768067919E-006,2.441476065E-005,1.723868092E-003,1.723955193E-003,0.000000000E+000
G+20,turning_phi+20,critical,0.0001,0.1,3000,-0.00054761986151965515,0,-0.00054757608206472473,0,2600,5.309364060E-013,2.868113812E-008,-4.344484653E-007,1.328780052E-006,1.658746898E-006,-2.730680980E-006,2.408316428E-005,1.700319947E-003,1.700537604E-003,0.000000000E+000
G+20,turning_phi+20,critical,0.0001,0.1,3000,-0.00054761986151965515,0,-0.00054757608206472473,0,2625,-6.337587399E-011,2.826889570E-008,-4.286774980E-007,1.310426550E-006,1.636228710E-006,-2.693498528E-006,2.375577632E-005,1.677339260E-003,1.677430792E-003,0.000000000E+000
G+20,turning_phi+20,critical,0.0001,0.1,3000,-0.00054761986151965515,0,-0.00054757608206472473,0,2650,-9.870750051E-011,2.788607166E-008,-4.232462497E-007,1.292477193E-006,1.614070000E-006,-2.656871424E-006,2.343311126E-005,1.654436681E-003,1.654640219E-003,0.000000000E+000
G+20,turning_phi+20,critical,0.0001,0.1,3000,-0.00054761986151965515,0,-0.00054757608206472473,0,2675,-1.078956230E-010,2.750750792E-008,-4.169028908E-007,1.274943077E-006,1.592041933E-006,-2.620976814E-006,2.311489839E-005,1.632060637E-003,1.632176439E-003,0.000000000E+000
G+20,turning_phi+20,critical,0.0001,0.1,3000,-0.00054761986151965515,0,-0.00054757608206472473,0,2700,8.797390594E-011,2.714345864E-008,-4.115256700E-007,1.258250349E-006,1.570472832E-006,-2.585126644E-006,2.280098290E-005,1.609856672E-003,1.610001322E-003,0.000000000E+000
G+20,turning_phi+20,critical,0.0001,0.1,3000,-0.00054761986151965515,0,-0.00054757608206472473,0,2725,9.520535749E-011,2.675576429E-008,-4.053988704E-007,1.241279434E-006,1.549058529E-006,-2.550160235E-006,2.249102775E-005,1.587989325E-003,1.588124107E-003,0.000000000E+000
G+20,turning_phi+20,critical,0.0001,0.1,3000,-0.00054761986151965515,0,-0.00054757608206472473,0,2750,2.081615436E-011,2.642171257E-008,-4.006429107E-007,1.224050188E-006,1.528126899E-006,-2.515413047E-006,2.218553488E-005,1.566409286E-003,1.566547004E-003,0.000000000E+000
G+20,turning_phi+20,critical,0.0001,0.1,3000,-0.00054761986151965515,0,-0.00054757608206472473,0,2775,-3.390425440E-011,2.603083034E-008,-3.949706770E-007,1.207319803E-006,1.507332665E-006,-2.481308859E-006,2.188398691E-005,1.545116114E-003,1.545260277E-003,0.000000000E+000
G+20,turning_phi+20,critical,0.0001,0.1,3000,-0.00054761986151965515,0,-0.00054757608206472473,0,2800,-1.487074353E-012,2.569821932E-008,-3.897060448E-007,1.190815023E-006,1.486837149E-006,-2.447477249E-006,2.158659495E-005,1.524121834E-003,1.524253841E-003,0.000000000E+000
G+20,turning_phi+20,critical,0.0001,0.1,3000,-0.00054761986151965515,0,-0.00054757608206472473,0,2825,2.043940017E-011,2.534324500E-008,-3.839790304E-007,1.174950397E-006,1.466545022E-006,-2.414234895E-006,2.129290801E-005,1.503385980E-003,1.503517694E-003,0.000000000E+000
G+20,turning_phi+20,critical,0.0001,0.1,3000,-0.00054761986151965515,0,-0.00054757608206472473,0,2850,9.330991535E-011,2.497957805E-008,-3.791568946E-007,1.159307703E-006,1.446702544E-006,-2.381453632E-006,2.100320663E-005,1.482953600E-003,1.483068032E-003,0.000000000E+000
G+20,turning_phi+20,critical,0.0001,0.1,3000,-0.00054761986151965515,0,-0.00054757608206472473,0,2875,-6.579510547E-011,2.463012836E-008,-3.739044851E-007,1.142951141E-006,1.427006762E-006,-2.349093941E-006,2.071782038E-005,1.462795724E-003,1.462917091E-003,0.000000000E+000
G+20,turning_phi+20,critical,0.0001,0.1,3000,-0.00054761986151965515,0,-0.00054757608206472473,0,2900,-1.390309395E-010,2.430454230E-008,-3.688002176E-007,1.127186195E-006,1.407575055E-006,-2.317080894E-006,2.043607730E-005,1.442883513E-003,1.443018333E-003,0.000000000E+000
G+20,turning_phi+20,critical,0.0001,0.1,3000,-0.00054761986151965515,0,-0.00054757608206472473,0,2925,-3.883726674E-012,2.396389927E-008,-3.640747519E-007,1.112195679E-006,1.388503851E-006,-2.285560164E-006,2.015791580E-005,1.423253067E-003,1.423381915E-003,0.000000000E+000
G+20,turning_phi+20,critical,0.0001,0.1,3000,-0.00054761986151965515,0,-0.00054757608206472473,0,2950,7.848804939E-011,2.366872541E-008,-3.587403786E-007,1.097197717E-006,1.369551824E-006,-2.254496296E-006,1.988404986E-005,1.403918489E-003,1.404039159E-003,0.000000000E+000
G+20,turning_phi+20,critical,0.0001,0.1,3000,-0.00054761986151965515,0,-0.00054757608206472473,0,2975,2.374062058E-011,2.333219007E-008,-3.540273950E-007,1.082171485E-006,1.350963631E-006,-2.223795948E-006,1.961375740E-005,1.384825119E-003,1.384953423E-003,0.000000000E+000
G+20,turning_phi+20,critical,0.0001,0.1,3000,-0.00054761986151965515,0,-0.00054757608206472473,0,3000,7.664897883E-011,2.305514249E-008,-3.490636576E-007,1.067668926E-006,1.332533264E-006,-2.193661360E-006,1.934717319E-005,1.366022607E-003,1.366118751E-003,0.000000000E+000
