point,branch,stabilator_deg,A_alphadot_alpha,A_alphadot_beta,A_alphadot_p,A_alphadot_q,A_alphadot_r,A_alphadot_theta,A_alphadot_phi,A_alphadot_V,A_betadot_alpha,A_betadot_beta,A_betadot_p,A_betadot_q,A_betadot_r,A_betadot_theta,A_betadot_phi,A_betadot_V,A_pdot_alpha,A_pdot_beta,A_pdot_p,A_pdot_q,A_pdot_r,A_pdot_theta,A_pdot_phi,A_pdot_V,A_qdot_alpha,A_qdot_beta,A_qdot_p,A_qdot_q,A_qdot_r,A_qdot_theta,A_qdot_phi,A_qdot_V,A_rdot_alpha,A_rdot_beta,A_rdot_p,A_rdot_q,A_rdot_r,A_rdot_theta,A_rdot_phi,A_rdot_V,A_thetadot_alpha,A_thetadot_beta,A_thetadot_p,A_thetadot_q,A_thetadot_r,A_thetadot_theta,A_thetadot_phi,A_thetadot_V,A_phidot_alpha,A_phidot_beta,A_phidot_p,A_phidot_q,A_phidot_r,A_phidot_theta,A_phidot_phi,A_phidot_V,A_Vdot_alpha,A_Vdot_beta,A_Vdot_p,A_Vdot_q,A_Vdot_r,A_Vdot_theta,A_Vdot_phi,A_Vdot_V
1,symmetric,-9.9227237701416016,-0.40075519656014413,0,0,1,0,-0.0032269547560068485,0,-0.00053231550708478248,0,-0.063546438355418081,0.23228194524050214,0,-0.971730570221945,0,0.091672837269113169,0,0,-45.105248661529366,-0.581152061492602,0,0.80412839449905782,0,0,0,-2.1707899242990676,0,0,1.8096090520778572,0,0,0,-6.13355148151606E-06,0,5.8649799234062128,0.012382524373000437,0,-0.24626510551242317,0,0,0,0,0,0,1,0,0,0,0,0,0,1,0,0.27503229768259319,0,0,0,-33.480586634376436,0,0,0,0,-32.155463124024628,0,-0.035035213100873264
2,symmetric,-10.045441627502441,-0.3988837502052916,0,0,1,0,-0.0030664743397342954,0,-0.0005356174653269501,0,-0.062586667398075821,0.23392224613395088,0,-0.97134465935948766,0,0.091974278153912917,0,0,-44.758576920640557,-0.57037999477782952,0,0.80099343373531229,0,0,0,-2.164819781860452,0,0,1.7150368432110812,0,0,0,-6.1536307349258E-06,0,5.7252339219423947,0.012326471529324173,0,-0.24728279568737591,0,0,0,0,0,0,1,0,0,0,0,0,0,1,0,0.27492690078003845,0,0,0,-33.850678226542193,0,0,0,0,-32.157370141187734,0,-0.035474562274739246
3,symmetric,-10.169815063476563,-0.39701643045366436,0,0,1,0,-0.002901638129004258,0,-0.00053894776346458833,0,-0.061619145957905762,0.23558086141521822,0,-0.9709516887152374,0,0.092278076917951452,0,0,-44.409837856952151,-0.55991068972960956,0,0.79773174020019466,0,0,0,-2.1587909533542669,0,0,1.595960656321308,0,0,0,-6.1735896283922776E-06,0,5.5854193673701946,0.012243315374573656,0,-0.24829534151476468,0,0,0,0,0,0,1,0,0,0,0,0,0,1,0,0.27480512940155283,0,0,0,-34.2242731135926,0,0,0,0,-32.159207324555211,0,-0.035923082178102847
4,symmetric,-10.295862197875977,-0.39513366595240018,0,0,1,0,-0.0027323329595314414,0,-0.00054230663120438064,0,-0.060643794047953434,0.23725810173966153,0,-0.97055150565239512,0,0.0925842664607812,0,0,-44.059000903706973,-0.54978188579559162,0,0.79434024337768727,0,0,0,-2.1527024287814287,0,0,1.4496671674621837,0,0,0,-6.1939551732423025E-06,0,5.4455353138717522,0.012132377658130506,0,-0.24930136341278597,0,0,0,0,0,0,1,0,0,0,0,0,0,1,0,0.27466655699052911,0,0,0,-34.600233259343824,0,0,0,0,-32.1609692619312,0,-0.036380996348667052
5,symmetric,-10.411916732788086,-0.39342852140283252,0,0,1,0,-0.002574453233517193,0,-0.00054538512743633862,0,-0.059750277211488123,0.2387992079297386,0,-0.97018133339026413,0,0.0928647230745921,0,0,-43.7382254303051,-0.5409037898104343,0,0.79114173907297314,0,0,0,-2.1471146112783126,0,0,1.2905688646604681,0,0,0,-6.2126543788794863E-06,0,5.318311290895064,0.012006858272829407,0,-0.25020894279847761,0,0,0,0,0,0,1,0,0,0,0,0,0,1,0,0.27452564959361292,0,0,0,-34.94536085179876,0,0,0,0,-32.16250085508598,0,-0.036805609506012013
6,symmetric,-10.541207313537598,-0.39154146297161785,0,0,1,0,-0.0023963226726732923,0,-0.00054879910250624914,0,-0.058759847441015957,0.24051264344941212,0,-0.96976700320723175,0,0.093175568474614778,0,0,-43.383328553179176,-0.53154144939172954,0,0.78749371828627734,0,0,0,-2.1409092428212357,0,0,1.0838651097220264,0,0,0,-6.2328666164337716E-06,0,5.1783045731470638,0.01184105684542335,0,-0.25119808730597415,0,0,0,0,0,0,1,0,0,0,0,0,0,1,0,0.27435386081784174,0,0,0,-35.327256666951932,0,0,0,0,-32.16410283444862,0,-0.037282038774454559
7,symmetric,-10.660237312316895,-0.38981316630690283,0,0,1,0,-0.0022302272834561938,0,-0.00055192805074962589,0,-0.0578525233388924,0.24208712640962185,0,-0.96938371858478412,0,0.093460314456055335,0,0,-43.058824418792376,-0.52343539802721106,0,0.78405688074140378,0,0,0,-2.1352134135192093,0,0,0.864276651622368,0,0,0,-6.2518543869185824E-06,0,5.050971898233497,0.011664608536650046,0,-0.25208766970842839,0,0,0,0,0,0,1,0,0,0,0,0,0,1,0,0.27418201551617982,0,0,0,-35.6761814973927,0,0,0,0,-32.165478875674786,0,-0.037723861121429107
8,symmetric,-10.780705451965332,-0.38808470706765952,0,0,1,0,-0.0020600898555144368,0,-0.00055508127418835271,0,-0.056938561502566216,0.24367781072240172,0,-0.96899401648429162,0,0.0937471419820173,0,0,-42.732520856543132,-0.5157543069754823,0,0.78050278153596941,0,0,0,-2.1294648601430253,0,0,0.61156722335834435,0,0,0,-6.2707016510841723E-06,0,4.9235907042539893,0.011463197474554316,0,-0.25296668281417334,0,0,0,0,0,0,1,0,0,0,0,0,0,1,0,0.273994975032786,0,0,0,-36.027586332793128,0,0,0,0,-32.166773265985029,0,-0.0381741436695472
9,symmetric,-10.902619361877441,-0.3863603472439664,0,0,1,0,-0.001885821943492239,0,-0.00055825887828356573,0,-0.0560179503013838,0.24528486118208714,0,-0.96859779087123732,0,0.094036078280567023,0,0,-42.4044024668332,-0.50853895921319436,0,0.77682913228730732,0,0,0,-2.1236625326336891,0,0,0.32264243130622561,0,0,0,-6.2896497458146486E-06,0,4.7961657888155171,0.011236400905156268,0,-0.25383378263391143,0,0,0,0,0,0,1,0,0,0,0,0,0,1,0,0.27379236796327111,0,0,0,-36.3820138002504,0,0,0,0,-32.167980854143835,0,-0.038633045702068616
10,symmetric,-11.025996208190918,-0.38462209331458597,0,0,1,0,-0.0017073275659836682,0,-0.00056146110264216861,0,-0.055090605242362409,0.24690855422893615,0,-0.968194906940541,0,0.094327149538781435,0,0,-42.0744509812176,-0.50183223713880365,0,0.77303338188680282,0,0,0,-2.1178061577693188,0,0,-0.0058717558402970613,0,0,0,-6.308923662715462E-06,0,4.6686950553706312,0.010983796427195859,0,-0.25468762665511752,0,0,0,0,0,0,1,0,0,0,0,0,0,1,0,0.27357387708798231,0,0,0,-36.737632704892455,0,0,0,0,-32.169096303466773,0,-0.03910077604757968
11,symmetric,-11.150844573974609,-0.38288134310127209,0,0,1,0,-0.0015245177831404125,0,-0.0005646879829387802,0,-0.0541565481108006,0.24854903685759175,0,-0.96778525993731224,0,0.094620383470114047,0,0,-41.742653962110907,-0.49568065691440905,0,0.7691132256259261,0,0,0,-2.1118945989310904,0,0,-0.37759269990362992,0,0,0,-6.3278744798709484E-06,0,4.5411867639382324,0.010705014225065609,0,-0.25552668385180377,0,0,0,0,0,0,1,0,0,0,0,0,0,1,0,0.27333913203807031,0,0,0,-37.095411515388847,0,0,0,0,-32.170113989903221,0,-0.039577484847787774
12,symmetric,-11.277177810668945,-0.38113201737660946,0,0,1,0,-0.0013372977174981363,0,-0.00056793974613026581,0,-0.053215702674948656,0.25020656733596125,0,-0.96736871563601945,0,0.09491580630785626,0,0,-41.408992053647523,-0.4901334238247898,0,0.76506611037036532,0,0,0,-2.1059269969206169,0,0,-0.79647275902468262,0,0,0,-6.3472417251133369E-06,0,4.4136387813591638,0.010399688668453477,0,-0.25634959540499785,0,0,0,0,0,0,1,0,0,0,0,0,0,1,0,0.2730878345565092,0,0,0,-37.45496989983512,0,0,0,0,-32.171028082098353,0,-0.04006338160025387
13,symmetric,-11.3921537399292,-0.37955416535325553,0,0,1,0,-0.0011649565947668568,0,-0.00057088766534389853,0,-0.052363141917051888,0.2517130280756158,0,-0.96698784324017184,0,0.095183581222365726,0,0,-41.107094250770608,-0.48570115000808406,0,0.76131323431522557,0,0,0,-2.1005073959624823,0,0,-1.1728611956849442,0,0,0,-6.3648889972202527E-06,0,4.298817286495086,0.010101937130121665,0,-0.257075051422473,0,0,0,0,0,0,1,0,0,0,0,0,0,1,0,0.27284722793547722,0,0,0,-37.780095977655073,0,0,0,0,-32.171757144554533,0,-0.040508676136405686
14,symmetric,-11.521334648132324,-0.37779991447256844,0,0,1,0,-0.00096909654864366015,0,-0.00057418698309044994,0,-0.051409379721974569,0.25340345119022062,0,-0.9665578707394864,0,0.095483240351416448,0,0,-40.769855991045631,-0.48145033256057412,0,0.75701834868321372,0,0,0,-2.0944311523702894,0,0,-1.5280474194244247,0,0,0,-6.3845436022778937E-06,0,4.1712089675537776,0.0097453276723012041,0,-0.25786290084605418,0,0,0,0,0,0,1,0,0,0,0,0,0,1,0,0.272563484757981,0,0,0,-38.143346552315833,0,0,0,0,-32.172457434794516,0,-0.041012516585124392
15,symmetric,-11.678354263305664,-0.37568079602649096,0,0,1,0,-0.00072787066658010246,0,-0.0005781794483622609,0,-0.050255841930656742,0.25545523736602693,0,-0.96603231860869931,0,0.095845829275320885,0,0,-40.362661190968964,-0.47736725193854812,0,0.75168761813575113,0,0,0,-2.0870624204723591,0,0,-1.8704638873253507,0,0,0,-6.4079046912664031E-06,0,4.0180438342200713,0.0092812387889488635,0,-0.25878071106604134,0,0,0,0,0,0,1,0,0,0,0,0,0,1,0,0.27219981245751079,0,0,0,-38.580719284716693,0,0,0,0,-32.173136223595776,0,-0.041629972785997879
16,symmetric,-11.824220657348633,-0.37373281668576064,0,0,1,0,-0.00050066552431133064,0,-0.00058187136150944551,0,-0.049189727117234149,0.25735868005650847,0,-0.96554118640911346,0,0.096181115881102161,0,0,-39.986965967734562,-0.47468901043855039,0,0.746627978221715,0,0,0,-2.0802325568942512,0,0,-2.1083403762906232,0,0,0,-6.4300972288823866E-06,0,3.877611471803394,0.008820870971038711,0,-0.25959327629055245,0,0,0,0,0,0,1,0,0,0,0,0,0,1,0,0.27184371457549683,0,0,0,-38.983576134415131,0,0,0,0,-32.173594089131221,0,-0.042208584719773748
17,symmetric,-11.985470771789551,-0.37160011393450365,0,0,1,0,-0.00024601310931075658,0,-0.00058593399947846046,0,-0.04801723801483064,0.25946014851927718,0,-0.96499497659485711,0,0.096550107638161881,0,0,-39.574456107855518,-0.47303934822001575,0,0.74091600030999694,0,0,0,-2.072698908782491,0,0,-2.2902648012949647,0,0,0,-6.4538303255887512E-06,0,3.7243913151349712,0.0082802943977701854,0,-0.2604455269794223,0,0,0,0,0,0,1,0,0,0,0,0,0,1,0,0.271429885074195,0,0,0,-39.424869182857421,0,0,0,0,-32.173902721573754,0,-0.042853830293262875
18,symmetric,-12.135242462158203,-0.36964127157521148,0,0,1,0,-6.2074508156835177E-06,0,-0.00058969053979050952,0,-0.046933727207909684,0.26140971588903877,0,-0.96448452689141506,0,0.09689134721759847,0,0,-39.193859493550619,-0.47279927138396932,0,0.73550002565679962,0,0,0,-2.0657154932415547,0,0,-2.3910438687761513,0,0,0,-6.4761587980378045E-06,0,3.5839227722665403,0.0077494493113899115,0,-0.26119284356149913,0,0,0,0,0,0,1,0,0,0,0,0,0,1,0,0.27102680895566006,0,0,0,-39.831236122106027,0,0,0,0,-32.173999937939996,0,-0.043458485355651826
19,symmetric,-12.28690242767334,-0.36767474799184263,0,0,1,0,0.00023984071396247755,0,-0.00059347820190027746,0,-0.045841869056277594,0.2633818367152892,0,-0.9639645405232089,0,0.097235492886938987,0,0,-38.810888206655932,-0.47388491736083177,0,0.72990878500476042,0,0,0,-2.0586568697460446,0,0,-2.4339496979739415,0,0,0,-6.4984620443958309E-06,0,3.4434455685174346,0.0071847799345153172,0,-0.26190521090850349,0,0,0,0,0,0,1,0,0,0,0,0,0,1,0,0.27060059209275539,0,0,0,-40.238992410198819,0,0,0,0,-32.173908802383849,0,-0.044076027516281605
20,symmetric,-12.440461158752441,-0.36570424057681278,0,0,1,0,0.00049227198364542311,0,-0.00059729711178042,0,-0.044741664423478822,0.26537673260183403,0,-0.96343484624508158,0,0.097582585422338622,0,0,-38.425536090369434,-0.47640975708576822,0,0.72413915282078933,0,0,0,-2.0515221635203913,0,0,-2.4244290984438956,0,0,0,-6.5208020477853611E-06,0,3.3029672604095235,0.0065863342513599286,0,-0.262580040607068,0,0,0,0,0,0,1,0,0,0,0,0,0,1,0,0.27015071352083031,0,0,0,-40.647773799217504,0,0,0,0,-32.173618449746165,0,-0.044706718481964891
21,symmetric,-12.595928192138672,-0.3637292155961272,0,0,1,0,0.00075122873359541071,0,-0.00060114738298212345,0,-0.043633118427848991,0.26739473485934723,0,-0.96289523898149521,0,0.097932662864060244,0,0,-38.037787891641543,-0.48049535662346377,0,0.71818812404879939,0,0,0,-2.0443103373050628,0,0,-2.3682928218585282,0,0,0,-6.5432480605690424E-06,0,3.1624956261834423,0.0059542602163871047,0,-0.26321477142693278,0,0,0,0,0,0,1,0,0,0,0,0,0,1,0,0.26967677853168426,0,0,0,-41.057780508752835,0,0,0,0,-32.1731175666215,0,-0.045350847901307945
22,symmetric,-12.753315925598145,-0.3617399970503935,0,0,1,0,0.0010168619045575857,0,-0.00060502919005840021,0,-0.042516199549626342,0.26943615580565378,0,-0.96234551495147624,0,0.098285765768716865,0,0,-37.647623121677348,-0.4862722249660883,0,0.712052666892883,0,0,0,-2.0370201962733421,0,0,-2.2717297170226849,0,0,0,-6.5663654011068E-06,0,3.0220341729865381,0.0052887853264589144,0,-0.26380671572794367,0,0,0,0,0,0,1,0,0,0,0,0,0,1,0,0.26917830436203422,0,0,0,-41.46794561962075,0,0,0,0,-32.172394357382821,0,-0.046008721417193019
23,symmetric,-12.898069381713867,-0.35992527576468641,0,0,1,0,0.0012642583157101578,0,-0.00060858545504266471,0,-0.041493609992945935,0.27131251961630037,0,-0.96183682686512506,0,0.098609427025933574,0,0,-37.290831529737808,-0.49310846827744692,0,0.70631257084218779,0,0,0,-2.0303241472576072,0,0,-2.1544047858792639,0,0,0,-6.587062532203011E-06,0,2.8943623422110027,0.0046551535761546027,0,-0.26430537620427347,0,0,0,0,0,0,1,0,0,0,0,0,0,1,0,0.26870349433244289,0,0,0,-41.841043086041367,0,0,0,0,-32.171533675899461,0,-0.046618926507217752
24,symmetric,-13.059144973754883,-0.357926673667921,0,0,1,0,0.0015430343697390866,0,-0.00061252755265646917,0,-0.040360841567754109,0.27339933181852349,0,-0.96126725607913344,0,0.098968416866504191,0,0,-36.896043276377746,-0.50250925030904214,0,0.699817237591745,0,0,0,-2.0228817896748241,0,0,-1.999320772329942,0,0,0,-6.6102524113218169E-06,0,2.7539520149243688,0.0039270794916230452,0,-0.26480788661213345,0,0,0,0,0,0,1,0,0,0,0,0,0,1,0,0.26815694765495468,0,0,0,-42.252060917641025,0,0,0,0,-32.170351619440453,0,-0.047303776036728432
25,symmetric,-13.207265853881836,-0.35610088499585751,0,0,1,0,0.0018026313720127798,0,-0.00061613878195443113,0,-0.039323858114703431,0.27531750158085744,0,-0.96074016207144985,0,0.0992974960527852,0,0,-36.535027555977727,-0.51289490327715359,0,0.69374540469996548,0,0,0,-2.0160458068004519,0,0,-1.8407095254014523,0,0,0,-6.631388269720428E-06,0,2.6263391064359918,0.0032374337004831143,0,-0.26522057003379235,0,0,0,0,0,0,1,0,0,0,0,0,0,1,0,0.26763773382748307,0,0,0,-42.625459792151695,0,0,0,0,-32.169052327739642,0,-0.047939009280986614
26,symmetric,-13.357000350952148,-0.3542732480821203,0,0,1,0,0.0020682127705476667,0,-0.00061977626733456166,0,-0.038280061611253378,0.27725590245944781,0,-0.96020405704710321,0,0.099629202177848569,0,0,-36.171994922362089,-0.52516374406401645,0,0.68751247956733219,0,0,0,-2.009142135811373,0,0,-1.6713886344636437,0,0,0,-6.6524486682408123E-06,0,2.4987652621184484,0.0025219325352858514,0,-0.26558885814578148,0,0,0,0,0,0,1,0,0,0,0,0,0,1,0,0.26709688137897486,0,0,0,-42.999110376390256,0,0,0,0,-32.167528450499475,0,-0.048586502474188428
27,symmetric,-13.523575782775879,-0.35225134856272378,0,0,1,0,0.00236740605491169,0,-0.00062380784842972566,0,-0.03712404414903428,0.27941177591564154,0,-0.95960373355738093,0,0.099997150312102628,0,0,-35.770319571486233,-0.54099669138028,0,0.68046796960994183,0,0,0,-2.0014688727785725,0,0,-1.4801869253707567,0,0,0,-6.6762589711249165E-06,0,2.3584868006385684,0.0017058089963283224,0,-0.26594007675061365,0,0,0,0,0,0,1,0,0,0,0,0,0,1,0,0.26647654131618354,0,0,0,-43.409069683466889,0,0,0,0,-32.165580064549417,0,-0.049313173954792858
28,symmetric,-13.676712989807129,-0.350407308968009,0,0,1,0,0.0026459357733653872,0,-0.0006275005279358345,0,-0.03606604132497717,0.281393397301739,0,-0.95904815098013241,0,0.10033447271669713,0,0,-35.40303213589528,-0.55767146779774235,0,0.67389076446273022,0,0,0,-1.9944209015290415,0,0,-1.3089943937983954,0,0,0,-6.6976245052454315E-06,0,2.231019156074971,0.00093831345031280069,0,-0.26620781268009847,0,0,0,0,0,0,1,0,0,0,0,0,0,1,0,0.26588921960984757,0,0,0,-43.781288802287108,0,0,0,0,-32.163549495565491,0,-0.049987144024527586
29,symmetric,-13.815926551818848,-0.34874322032829896,0,0,1,0,0.0029020355952872161,0,-0.00063084642374315245,0,-0.035108119649398951,0.28319472980549193,0,-0.958539972875751,0,0.10064038917210696,0,0,-35.070739533573722,-0.5746675791878052,0,0.66782892248746684,0,0,0,-1.9880178039999084,0,0,-1.1629726428954312,0,0,0,-6.7169230994615619E-06,0,2.1163524699660861,0.00022752376173800496,0,-0.2664048270102678,0,0,0,0,0,0,1,0,0,0,0,0,0,1,0,0.26534131887004186,0,0,0,-44.115544162669423,0,0,0,0,-32.161501100823543,0,-0.050604787475702739
30,symmetric,-14.019343376159668,-0.34633623290092591,0,0,1,0,0.0032812078631868804,0,-0.00063571705156117032,0,-0.033714913791600527,0.28582692170510343,0,-0.95779201432775518,0,0.10108620463556067,0,0,-34.587852307297432,-0.60279459649060829,0,0.65883225091627218,0,0,0,-1.9786686991015559,0,0,-0.9766609344904319,0,0,0,-6.745695788883712E-06,0,1.9508230010918424,-0.00083113385627788482,0,-0.26661226305208319,0,0,0,0,0,0,1,0,0,0,0,0,0,1,0,0.26451721769847042,0,0,0,-44.597180342461954,0,0,0,0,-32.15815492137434,0,-0.051515829599556695
31,symmetric,-14.209561347961426,-0.34409976434282491,0,0,1,0,0.0036411107387063768,0,-0.000640252401721471,0,-0.032419019785496953,0.2882886924070463,0,-0.95708668856223622,0,0.10150190705549517,0,0,-34.139066868736258,-0.63280729786436263,0,0.65027290815450156,0,0,0,-1.9699318664036103,0,0,-0.84363644384555547,0,0,0,-6.772209400182541E-06,0,1.7981511441020854,-0.0018398246943364797,0,-0.26671866431351571,0,0,0,0,0,0,1,0,0,0,0,0,0,1,0,0.26372175778050277,0,0,0,-45.039250759269805,0,0,0,0,-32.154639151686872,0,-0.052376954791166525
32,symmetric,-14.385997772216797,-0.34204126623447012,0,0,1,0,0.0039795546066950065,0,-0.0006444430294139142,0,-0.031222886405215925,0.29057271479706254,0,-0.95642727142629491,0,0.10188653933110958,0,0,-33.7251169073578,-0.6640189793236575,0,0.64220994946240639,0,0,0,-1.961832629854221,0,0,-0.76695735172106372,0,0,0,-6.796511371135565E-06,0,1.6583196778571545,-0.0027889506217088915,0,-0.26674071998585658,0,0,0,0,0,0,1,0,0,0,0,0,0,1,0,0.262962877161644,0,0,0,-45.4422422555532,0,0,0,0,-32.15103708764962,0,-0.053183692309508035
33,symmetric,-14.580731391906738,-0.33979230323956833,0,0,1,0,0.0043582679302234736,0,-0.00064905076960907024,0,-0.029909154873831688,0.29309460424253403,0,-0.95569355338014217,0,0.10231008351553186,0,0,-33.27074253881333,-0.70175382973238065,0,0.63317567203533642,0,0,0,-1.9528973075626566,0,0,-0.74265753679668456,0,0,0,-6.82343487991864E-06,0,1.5059206642765801,-0.0038522148317335142,0,-0.26667841431348865,0,0,0,0,0,0,1,0,0,0,0,0,0,1,0,0.26210219062911833,0,0,0,-45.879571512219314,0,0,0,0,-32.146672764495172,0,-0.054083085331668994
34,symmetric,-14.777824401855469,-0.33753122740699026,0,0,1,0,0.0047470873075165215,0,-0.000653696134136823,0,-0.028586315467040831,0.29564836165226371,0,-0.954944525073451,0,0.10273779323800937,0,0,-32.8134621448691,-0.73423986100319871,0,0.62389109236878992,0,0,0,-1.9438572813383019,0,0,-0.73509756478818944,0,0,0,-6.8502531486234749E-06,0,1.353689496841348,-0.004992228068024419,0,-0.26652175158374719,0,0,0,0,0,0,1,0,0,0,0,0,0,1,0,0.2612069462727209,0,0,0,-46.313139039360834,0,0,0,0,-32.141832166669879,0,-0.055003010338889186
35,symmetric,-14.960564613342285,-0.3354565442159822,0,0,1,0,0.005112565598980036,0,-0.00065798733380455937,0,-0.027365848472713578,0.29801764608039677,0,-0.95424414508387223,0,0.10313356417868516,0,0,-32.391746564629337,-0.75705487041629826,0,0.61515922974559434,0,0,0,-1.9354777700074137,0,0,-0.72808590061525413,0,0,0,-6.874862115607586E-06,0,1.214307701427866,-0.0061162244947577677,0,-0.26629146204809145,0,0,0,0,0,0,1,0,0,0,0,0,0,1,0,0.26035561936745871,0,0,0,-46.707652595898843,0,0,0,0,-32.136955899391673,0,-0.055864658146947827
36,symmetric,-15.145285606384277,-0.3333596519584725,0,0,1,0,0.005486876176916327,0,-0.00066231000651011487,0,-0.026137931166154395,0.30041439599291575,0,-0.953530273165242,0,0.10353291654054668,0,0,-31.967604519033046,-0.77354508480509521,0,0.60621500467215561,0,0,0,-1.9270092084966532,0,0,-0.72100214972232457,0,0,0,-6.9005508728182628E-06,0,1.0750929095202482,-0.0073128935363879358,0,-0.2659747181340909,0,0,0,0,0,0,1,0,0,0,0,0,0,1,0,0.25947474636069795,0,0,0,-47.097095978090763,0,0,0,0,-32.131639905059565,0,-0.056744243087288149
37,symmetric,-15.3490571975708,-0.33107054450417972,0,0,1,0,0.0059054637357623552,0,-0.00066706120343260392,0,-0.02479016893674648,0.303060535362237,0,-0.95273580605837649,0,0.10397270502489932,0,0,-31.502165473150335,-0.78473388179079151,0,0.59621549217822234,0,0,0,-1.9176686794077884,0,0,-0.71319992168155877,0,0,0,-6.9276274449728753E-06,0,0.9234385883722197,-0.0086974586540495419,0,-0.26552651577626823,0,0,0,0,0,0,1,0,0,0,0,0,0,1,0,0.2584797868082806,0,0,0,-47.517807919252427,0,0,0,0,-32.125316108833225,0,-0.057724516820616821
38,symmetric,-15.537910461425781,-0.32897172754271953,0,0,1,0,0.0062987338275681225,0,-0.00067144893709465236,0,-0.023547318959426907,0.30551537100234466,0,-0.95199280898237,0,0.10437967165742569,0,0,-31.073012309885804,-0.7891661569937497,0,0.58682694826159176,0,0,0,-1.9090124978955481,0,0,-0.705986561352382,0,0,0,-6.9529322067841832E-06,0,0.78463482161414178,-0.010035435975255653,0,-0.26501782774675237,0,0,0,0,0,0,1,0,0,0,0,0,0,1,0,0.25753640467081146,0,0,0,-47.899177273508663,0,0,0,0,-32.1190166262836,0,-0.058642447673089931
39,symmetric,-15.711309432983398,-0.327058089759619,0,0,1,0,0.0066643385148997111,0,-0.00067546468616390756,0,-0.022411404312123278,0.30777162761409804,0,-0.95130481159122648,0,0.10475285032409556,0,0,-30.680810983428689,-0.78871496709888467,0,0.57810733448053253,0,0,0,-1.9010649904770718,0,0,-0.69938377029911925,0,0,0,-6.9764877402223784E-06,0,0.65863620867507,-0.01130562203836913,0,-0.2644711409016583,0,0,0,0,0,0,1,0,0,0,0,0,0,1,0,0.25665265362050149,0,0,0,-48.241584216675044,0,0,0,0,-32.112854307676,0,-0.059493299634244226
40,symmetric,-15.903925895690918,-0.32492930093993372,0,0,1,0,0.007075532770758685,0,-0.00067991124993142154,0,-0.021155467415458266,0.31028071358368653,0,-0.95053393125702956,0,0.10516691098003547,0,0,-30.247144033344497,-0.7836944426002348,0,0.56831351662203733,0,0,0,-1.8922363356621779,0,0,-0.69207734149448352,0,0,0,-7.0026720198035862E-06,0,0.52026253912367171,-0.01275816602487864,0,-0.26377393592309684,0,0,0,0,0,0,1,0,0,0,0,0,0,1,0,0.25565167247154008,0,0,0,-48.611209772727065,0,0,0,0,-32.10557706730917,0,-0.060447454312039586
41,symmetric,-16.134092330932617,-0.32241732567294112,0,0,1,0,0.0075738777824088692,0,-0.00068520552782918881,0,-0.019662760639940123,0.31328311462286668,0,-0.949603396986899,0,0.10566111384136706,0,0,-29.731629773024231,-0.77227283385211221,0,0.55646729494890568,0,0,0,-1.8816858923847806,0,0,-0.68339355931364609,0,0,0,-7.0333888988589952E-06,0,0.35705912998946232,-0.014543508813144951,0,-0.2628158492202291,0,0,0,0,0,0,1,0,0,0,0,0,0,1,0,0.25442975622237696,0,0,0,-49.041396779746506,0,0,0,0,-32.096274261951407,0,-0.061600089775847758
42,symmetric,-16.366994857788086,-0.31989061557351051,0,0,1,0,0.00808588879824114,0,-0.00069054192922668087,0,-0.01816120948543138,0.31632617247508971,0,-0.94865116336065847,0,0.10616063628548193,0,0,-29.21289905994611,-0.75569255798033519,0,0.54432861868050486,0,0,0,-1.8710093041945819,0,0,-0.67466785911151728,0,0,0,-7.0642427422915592E-06,0,0.19423462154678539,-0.016395629588629848,0,-0.26170707994072506,0,0,0,0,0,0,1,0,0,0,0,0,0,1,0,0.25316556672124124,0,0,0,-49.461599477949257,0,0,0,0,-32.086175191981454,0,-0.062780266955859643
43,symmetric,-16.602619171142578,-0.31734191202206341,0,0,1,0,0.0086118248049909755,0,-0.00069591997678147691,0,-0.016651180263202316,0.31941043382178985,0,-0.9476765595172113,0,0.10666553474308693,0,0,-28.691000680967278,-0.73484647693829264,0,0.531900472804201,0,0,0,-1.860206387155211,0,0,-0.66591250007939606,0,0,0,-7.095943045657286E-06,0,0.03181895535196274,-0.0183056692889494,0,-0.26044199646081923,0,0,0,0,0,0,1,0,0,0,0,0,0,1,0,0.25185914207169297,0,0,0,-49.870278983306875,0,0,0,0,-32.075241585222074,0,-0.0639884730245853
44,symmetric,-16.8409481048584,-0.314802276806606,0,0,1,0,0.009151894830690576,0,-0.000701339096116588,0,-0.01513312940199317,0.322536176841079,0,-0.9466789677518046,0,0.10717586029117378,0,0,-28.16599649225515,-0.7106975776557839,0,0.51918732405788914,0,0,0,-1.8492777395109832,0,0,-0.65714030428883285,0,0,0,-7.1277596697366788E-06,0,-0.13015071817410712,-0.020263894535729084,0,-0.25901505845501377,0,0,0,0,0,0,1,0,0,0,0,0,0,1,0,0.25051075217865665,0,0,0,-50.26943527601216,0,0,0,0,-32.063435274515662,0,-0.065225086851725123
45,symmetric,-17.081977844238281,-0.31222854678101708,0,0,1,0,0.0097063470267300632,0,-0.00070679880105422926,0,-0.013607410212798338,0.32570398034905795,0,-0.94565763695060012,0,0.10769166448837071,0,0,-27.637935475770075,-0.68428011704110836,0,0.506193632977859,0,0,0,-1.8382238044886741,0,0,-0.64836391596652276,0,0,0,-7.1596126614700653E-06,0,-0.29164872906725531,-0.022259906132836359,0,-0.25742077177646544,0,0,0,0,0,0,1,0,0,0,0,0,0,1,0,0.24912066811917133,0,0,0,-50.653793383387374,0,0,0,0,-32.050716241115111,0,-0.066490599096301908
46,symmetric,-17.306846618652344,-0.30985844112356,0,0,1,0,0.010231111421765787,0,-0.00071187392975532277,0,-0.012192668914585186,0.32866581794936511,0,-0.944693154473316,0,0.1081726973596224,0,0,-27.14783608021008,-0.65884196789726612,0,0.49395579408607559,0,0,0,-1.8279097248711482,0,0,-0.64027034808708161,0,0,0,-7.1894297860609563E-06,0,-0.44027492458354894,-0.024126108934359847,0,-0.25579605111451093,0,0,0,0,0,0,1,0,0,0,0,0,0,1,0,0.24780081350592206,0,0,0,-50.998065896157044,0,0,0,0,-32.038130455735867,0,-0.067684752628382028
47,symmetric,-9.4375696182250977,-0.40832907406808494,0,0,1,0,-0.0038402509069585238,0,-0.00051909808427193953,0,-0.067393264319396823,0.2257573182052813,0,-0.9732385699041165,0,0.090463551983031951,0,0,-46.5023594316829,-0.6276686424127077,0,0.81569689150268188,0,0,0,-2.1946247470360154,0,0,1.9903483921562457,0,0,0,-6.0530953112929736E-06,0,6.43589684340846,0.012344389665831179,0,-0.24207794763246374,0,0,0,0,0,0,1,0,0,0,0,0,0,1,0,0.275301500033835,0,0,0,-31.997670563883471,0,0,0,0,-32.147041165426458,0,-0.033329155393579939
48,symmetric,-9.5536966323852539,-0.40648370843147036,0,0,1,0,-0.0036965375912833159,0,-0.00052228635112118666,0,-0.066464594957913889,0.22732518736460414,0,-0.97288016674894684,0,0.090755676156126411,0,0,-46.163920831128586,-0.61599807273415474,0,0.8130492734951611,0,0,0,-2.1888835366605752,0,0,1.9724061508230948,0,0,0,-6.0724664958996557E-06,0,6.2964568042638742,0.012391908706356577,0,-0.24310232329175346,0,0,0,0,0,0,1,0,0,0,0,0,0,1,0,0.27525890146241155,0,0,0,-32.35490689594112,0,0,0,0,-32.149181995446988,0,-0.03373306037663823
49,symmetric,-9.6821870803833,-0.40446808619778613,0,0,1,0,-0.00353525601836274,0,-0.000525795776765357,0,-0.06544294033614724,0.22905536177116975,0,-0.97248173832392859,0,0.091076900944324121,0,0,-45.79246276752113,-0.60346610061611361,0,0.81003012910042349,0,0,0,-2.1825584025076075,0,0,1.9349354733146331,0,0,0,-6.0938879515094795E-06,0,6.1442521764556366,0.012416102025247067,0,-0.244220127734366,0,0,0,0,0,0,1,0,0,0,0,0,0,1,0,0.27519560517409136,0,0,0,-32.748931993616807,0,0,0,0,-32.151460299884413,0,-0.034183228547312525
50,symmetric,-9.80164623260498,-0.40261274266094088,0,0,1,0,-0.0033831800755328174,0,-0.00052904171754595978,0,-0.0644984905445501,0.23065975990122811,0,-0.97210954561266283,0,0.09137372171133977,0,0,-45.449868555628434,-0.59219153625873155,0,0.80713961120518729,0,0,0,-2.1767024993289628,0,0,1.8821522019064707,0,0,0,-6.1137676741037057E-06,0,6.00465115653646,0.012412168727332258,0,-0.2452438142311337,0,0,0,0,0,0,1,0,0,0,0,0,0,1,0,0.27512174717452853,0,0,0,-33.113067905402225,0,0,0,0,-32.153491533859132,0,-0.034604846125486324
51,symmetric,-9.9227237701416016,-0.40075519656014413,0,0,1,0,-0.0032269547560068485,0,-0.00053231550708478248,0,-0.063546438355418081,0.23228194524050214,0,-0.971730570221945,0,0.091672837269113169,0,0,-45.105248661529366,-0.581152061492602,0,0.80412839449905782,0,0,0,-2.1707899242990676,0,0,1.8096090520778572,0,0,0,-6.13355148151606E-06,0,5.8649799234062128,0.012382524373000437,0,-0.24626510551242317,0,0,0,0,0,0,1,0,0,0,0,0,0,1,0,0.27503229768259319,0,0,0,-33.480586634376436,0,0,0,0,-32.155463124024628,0,-0.035035213100873264
52,symmetric,-10.045441627502441,-0.3988837502052916,0,0,1,0,-0.0030664743397342954,0,-0.0005356174653269501,0,-0.062586667398075821,0.23392224613395088,0,-0.97134465935948766,0,0.091974278153912917,0,0,-44.758576920640557,-0.57037999477782952,0,0.80099343373531229,0,0,0,-2.164819781860452,0,0,1.7150368432110812,0,0,0,-6.1536307349258E-06,0,5.7252339219423947,0.012326471529324173,0,-0.24728279568737591,0,0,0,0,0,0,1,0,0,0,0,0,0,1,0,0.27492690078003845,0,0,0,-33.850678226542193,0,0,0,0,-32.157370141187734,0,-0.035474562274739246
55,symmetric,-10.411916732788086,-0.39342852140283252,0,0,1,0,-0.002574453233517193,0,-0.00054538512743633862,0,-0.059750277211488123,0.2387992079297386,0,-0.97018133339026413,0,0.0928647230745921,0,0,-43.7382254303051,-0.5409037898104343,0,0.79114173907297314,0,0,0,-2.1471146112783126,0,0,1.2905688646604681,0,0,0,-6.2126543788794863E-06,0,5.318311290895064,0.012006858272829407,0,-0.25020894279847761,0,0,0,0,0,0,1,0,0,0,0,0,0,1,0,0.27452564959361292,0,0,0,-34.94536085179876,0,0,0,0,-32.16250085508598,0,-0.036805609506012013
56,symmetric,-10.541207313537598,-0.39154146297161785,0,0,1,0,-0.0023963226726732923,0,-0.00054879910250624914,0,-0.058759847441015957,0.24051264344941212,0,-0.96976700320723175,0,0.093175568474614778,0,0,-43.383328553179176,-0.53154144939172954,0,0.78749371828627734,0,0,0,-2.1409092428212357,0,0,1.0838651097220264,0,0,0,-6.2328666164337716E-06,0,5.1783045731470638,0.01184105684542335,0,-0.25119808730597415,0,0,0,0,0,0,1,0,0,0,0,0,0,1,0,0.27435386081784174,0,0,0,-35.327256666951932,0,0,0,0,-32.16410283444862,0,-0.037282038774454559
57,symmetric,-10.660237312316895,-0.38981316630690283,0,0,1,0,-0.0022302272834561938,0,-0.00055192805074962589,0,-0.0578525233388924,0.24208712640962185,0,-0.96938371858478412,0,0.093460314456055335,0,0,-43.058824418792376,-0.52343539802721106,0,0.78405688074140378,0,0,0,-2.1352134135192093,0,0,0.864276651622368,0,0,0,-6.2518543869185824E-06,0,5.050971898233497,0.011664608536650046,0,-0.25208766970842839,0,0,0,0,0,0,1,0,0,0,0,0,0,1,0,0.27418201551617982,0,0,0,-35.6761814973927,0,0,0,0,-32.165478875674786,0,-0.037723861121429107
58,symmetric,-10.780705451965332,-0.38808470706765952,0,0,1,0,-0.0020600898555144368,0,-0.00055508127418835271,0,-0.056938561502566216,0.24367781072240172,0,-0.96899401648429162,0,0.0937471419820173,0,0,-42.732520856543132,-0.5157543069754823,0,0.78050278153596941,0,0,0,-2.1294648601430253,0,0,0.61156722335834435,0,0,0,-6.2707016510841723E-06,0,4.9235907042539893,0.011463197474554316,0,-0.25296668281417334,0,0,0,0,0,0,1,0,0,0,0,0,0,1,0,0.273994975032786,0,0,0,-36.027586332793128,0,0,0,0,-32.166773265985029,0,-0.0381741436695472
59,symmetric,-10.902619361877441,-0.3863603472439664,0,0,1,0,-0.001885821943492239,0,-0.00055825887828356573,0,-0.0560179503013838,0.24528486118208714,0,-0.96859779087123732,0,0.094036078280567023,0,0,-42.4044024668332,-0.50853895921319436,0,0.77682913228730732,0,0,0,-2.1236625326336891,0,0,0.32264243130622561,0,0,0,-6.2896497458146486E-06,0,4.7961657888155171,0.011236400905156268,0,-0.25383378263391143,0,0,0,0,0,0,1,0,0,0,0,0,0,1,0,0.27379236796327111,0,0,0,-36.3820138002504,0,0,0,0,-32.167980854143835,0,-0.038633045702068616
60,symmetric,-11.025996208190918,-0.38462209331458597,0,0,1,0,-0.0017073275659836682,0,-0.00056146110264216861,0,-0.055090605242362409,0.24690855422893615,0,-0.968194906940541,0,0.094327149538781435,0,0,-42.0744509812176,-0.50183223713880365,0,0.77303338188680282,0,0,0,-2.1178061577693188,0,0,-0.0058717558402970613,0,0,0,-6.308923662715462E-06,0,4.6686950553706312,0.010983796427195859,0,-0.25468762665511752,0,0,0,0,0,0,1,0,0,0,0,0,0,1,0,0.27357387708798231,0,0,0,-36.737632704892455,0,0,0,0,-32.169096303466773,0,-0.03910077604757968
61,symmetric,-11.150844573974609,-0.38288134310127209,0,0,1,0,-0.0015245177831404125,0,-0.0005646879829387802,0,-0.0541565481108006,0.24854903685759175,0,-0.96778525993731224,0,0.094620383470114047,0,0,-41.742653962110907,-0.49568065691440905,0,0.7691132256259261,0,0,0,-2.1118945989310904,0,0,-0.37759269990362992,0,0,0,-6.3278744798709484E-06,0,4.5411867639382324,0.010705014225065609,0,-0.25552668385180377,0,0,0,0,0,0,1,0,0,0,0,0,0,1,0,0.27333913203807031,0,0,0,-37.095411515388847,0,0,0,0,-32.170113989903221,0,-0.039577484847787774
62,symmetric,-11.277177810668945,-0.38113201737660946,0,0,1,0,-0.0013372977174981363,0,-0.00056793974613026581,0,-0.053215702674948656,0.25020656733596125,0,-0.96736871563601945,0,0.09491580630785626,0,0,-41.408992053647523,-0.4901334238247898,0,0.76506611037036532,0,0,0,-2.1059269969206169,0,0,-0.79647275902468262,0,0,0,-6.3472417251133369E-06,0,4.4136387813591638,0.010399688668453477,0,-0.25634959540499785,0,0,0,0,0,0,1,0,0,0,0,0,0,1,0,0.2730878345565092,0,0,0,-37.45496989983512,0,0,0,0,-32.171028082098353,0,-0.04006338160025387
63,symmetric,-11.3921537399292,-0.37955416535325553,0,0,1,0,-0.0011649565947668568,0,-0.00057088766534389853,0,-0.052363141917051888,0.2517130280756158,0,-0.96698784324017184,0,0.095183581222365726,0,0,-41.107094250770608,-0.48570115000808406,0,0.76131323431522557,0,0,0,-2.1005073959624823,0,0,-1.1728611956849442,0,0,0,-6.3648889972202527E-06,0,4.298817286495086,0.010101937130121665,0,-0.257075051422473,0,0,0,0,0,0,1,0,0,0,0,0,0,1,0,0.27284722793547722,0,0,0,-37.780095977655073,0,0,0,0,-32.171757144554533,0,-0.040508676136405686
64,symmetric,-11.521334648132324,-0.37779991447256844,0,0,1,0,-0.00096909654864366015,0,-0.00057418698309044994,0,-0.051409379721974569,0.25340345119022062,0,-0.9665578707394864,0,0.095483240351416448,0,0,-40.769855991045631,-0.48145033256057412,0,0.75701834868321372,0,0,0,-2.0944311523702894,0,0,-1.5280474194244247,0,0,0,-6.3845436022778937E-06,0,4.1712089675537776,0.0097453276723012041,0,-0.25786290084605418,0,0,0,0,0,0,1,0,0,0,0,0,0,1,0,0.272563484757981,0,0,0,-38.143346552315833,0,0,0,0,-32.172457434794516,0,-0.041012516585124392
65,symmetric,-11.678354263305664,-0.37568079602649096,0,0,1,0,-0.00072787066658010246,0,-0.0005781794483622609,0,-0.050255841930656742,0.25545523736602693,0,-0.96603231860869931,0,0.095845829275320885,0,0,-40.362661190968964,-0.47736725193854812,0,0.75168761813575113,0,0,0,-2.0870624204723591,0,0,-1.8704638873253507,0,0,0,-6.4079046912664031E-06,0,4.0180438342200713,0.0092812387889488635,0,-0.25878071106604134,0,0,0,0,0,0,1,0,0,0,0,0,0,1,0,0.27219981245751079,0,0,0,-38.580719284716693,0,0,0,0,-32.173136223595776,0,-0.041629972785997879
66,symmetric,-11.824220657348633,-0.37373281668576064,0,0,1,0,-0.00050066552431133064,0,-0.00058187136150944551,0,-0.049189727117234149,0.25735868005650847,0,-0.96554118640911346,0,0.096181115881102161,0,0,-39.986965967734562,-0.47468901043855039,0,0.746627978221715,0,0,0,-2.0802325568942512,0,0,-2.1083403762906232,0,0,0,-6.4300972288823866E-06,0,3.877611471803394,0.008820870971038711,0,-0.25959327629055245,0,0,0,0,0,0,1,0,0,0,0,0,0,1,0,0.27184371457549683,0,0,0,-38.983576134415131,0,0,0,0,-32.173594089131221,0,-0.042208584719773748
67,symmetric,-11.985470771789551,-0.37160011393450365,0,0,1,0,-0.00024601310931075658,0,-0.00058593399947846046,0,-0.04801723801483064,0.25946014851927718,0,-0.96499497659485711,0,0.096550107638161881,0,0,-39.574456107855518,-0.47303934822001575,0,0.74091600030999694,0,0,0,-2.072698908782491,0,0,-2.2902648012949647,0,0,0,-6.4538303255887512E-06,0,3.7243913151349712,0.0082802943977701854,0,-0.2604455269794223,0,0,0,0,0,0,1,0,0,0,0,0,0,1,0,0.271429885074195,0,0,0,-39.424869182857421,0,0,0,0,-32.173902721573754,0,-0.042853830293262875
68,symmetric,-12.135242462158203,-0.36964127157521148,0,0,1,0,-6.2074508156835177E-06,0,-0.00058969053979050952,0,-0.046933727207909684,0.26140971588903877,0,-0.96448452689141506,0,0.09689134721759847,0,0,-39.193859493550619,-0.47279927138396932,0,0.73550002565679962,0,0,0,-2.0657154932415547,0,0,-2.3910438687761513,0,0,0,-6.4761587980378045E-06,0,3.5839227722665403,0.0077494493113899115,0,-0.26119284356149913,0,0,0,0,0,0,1,0,0,0,0,0,0,1,0,0.27102680895566006,0,0,0,-39.831236122106027,0,0,0,0,-32.173999937939996,0,-0.043458485355651826
69,symmetric,-12.28690242767334,-0.36767474799184263,0,0,1,0,0.00023984071396247755,0,-0.00059347820190027746,0,-0.045841869056277594,0.2633818367152892,0,-0.9639645405232089,0,0.097235492886938987,0,0,-38.810888206655932,-0.47388491736083177,0,0.72990878500476042,0,0,0,-2.0586568697460446,0,0,-2.4339496979739415,0,0,0,-6.4984620443958309E-06,0,3.4434455685174346,0.0071847799345153172,0,-0.26190521090850349,0,0,0,0,0,0,1,0,0,0,0,0,0,1,0,0.27060059209275539,0,0,0,-40.238992410198819,0,0,0,0,-32.173908802383849,0,-0.044076027516281605
70,symmetric,-12.440461158752441,-0.36570424057681278,0,0,1,0,0.00049227198364542311,0,-0.00059729711178042,0,-0.044741664423478822,0.26537673260183403,0,-0.96343484624508158,0,0.097582585422338622,0,0,-38.425536090369434,-0.47640975708576822,0,0.72413915282078933,0,0,0,-2.0515221635203913,0,0,-2.4244290984438956,0,0,0,-6.5208020477853611E-06,0,3.3029672604095235,0.0065863342513599286,0,-0.262580040607068,0,0,0,0,0,0,1,0,0,0,0,0,0,1,0,0.27015071352083031,0,0,0,-40.647773799217504,0,0,0,0,-32.173618449746165,0,-0.044706718481964891
71,symmetric,-12.595928192138672,-0.3637292155961272,0,0,1,0,0.00075122873359541071,0,-0.00060114738298212345,0,-0.043633118427848991,0.26739473485934723,0,-0.96289523898149521,0,0.097932662864060244,0,0,-38.037787891641543,-0.48049535662346377,0,0.71818812404879939,0,0,0,-2.0443103373050628,0,0,-2.3682928218585282,0,0,0,-6.5432480605690424E-06,0,3.1624956261834423,0.0059542602163871047,0,-0.26321477142693278,0,0,0,0,0,0,1,0,0,0,0,0,0,1,0,0.26967677853168426,0,0,0,-41.057780508752835,0,0,0,0,-32.1731175666215,0,-0.045350847901307945
72,symmetric,-12.753315925598145,-0.3617399970503935,0,0,1,0,0.0010168619045575857,0,-0.00060502919005840021,0,-0.042516199549626342,0.26943615580565378,0,-0.96234551495147624,0,0.098285765768716865,0,0,-37.647623121677348,-0.4862722249660883,0,0.712052666892883,0,0,0,-2.0370201962733421,0,0,-2.2717297170226849,0,0,0,-6.5663654011068E-06,0,3.0220341729865381,0.0052887853264589144,0,-0.26380671572794367,0,0,0,0,0,0,1,0,0,0,0,0,0,1,0,0.26917830436203422,0,0,0,-41.46794561962075,0,0,0,0,-32.172394357382821,0,-0.046008721417193019
73,symmetric,-12.898069381713867,-0.35992527576468641,0,0,1,0,0.0012642583157101578,0,-0.00060858545504266471,0,-0.041493609992945935,0.27131251961630037,0,-0.96183682686512506,0,0.098609427025933574,0,0,-37.290831529737808,-0.49310846827744692,0,0.70631257084218779,0,0,0,-2.0303241472576072,0,0,-2.1544047858792639,0,0,0,-6.587062532203011E-06,0,2.8943623422110027,0.0046551535761546027,0,-0.26430537620427347,0,0,0,0,0,0,1,0,0,0,0,0,0,1,0,0.26870349433244289,0,0,0,-41.841043086041367,0,0,0,0,-32.171533675899461,0,-0.046618926507217752
74,symmetric,-13.059144973754883,-0.357926673667921,0,0,1,0,0.0015430343697390866,0,-0.00061252755265646917,0,-0.040360841567754109,0.27339933181852349,0,-0.96126725607913344,0,0.098968416866504191,0,0,-36.896043276377746,-0.50250925030904214,0,0.699817237591745,0,0,0,-2.0228817896748241,0,0,-1.999320772329942,0,0,0,-6.6102524113218169E-06,0,2.7539520149243688,0.0039270794916230452,0,-0.26480788661213345,0,0,0,0,0,0,1,0,0,0,0,0,0,1,0,0.26815694765495468,0,0,0,-42.252060917641025,0,0,0,0,-32.170351619440453,0,-0.047303776036728432
75,symmetric,-13.207265853881836,-0.35610088499585751,0,0,1,0,0.0018026313720127798,0,-0.00061613878195443113,0,-0.039323858114703431,0.27531750158085744,0,-0.96074016207144985,0,0.0992974960527852,0,0,-36.535027555977727,-0.51289490327715359,0,0.69374540469996548,0,0,0,-2.0160458068004519,0,0,-1.8407095254014523,0,0,0,-6.631388269720428E-06,0,2.6263391064359918,0.0032374337004831143,0,-0.26522057003379235,0,0,0,0,0,0,1,0,0,0,0,0,0,1,0,0.26763773382748307,0,0,0,-42.625459792151695,0,0,0,0,-32.169052327739642,0,-0.047939009280986614
76,symmetric,-13.357000350952148,-0.3542732480821203,0,0,1,0,0.0020682127705476667,0,-0.00061977626733456166,0,-0.038280061611253378,0.27725590245944781,0,-0.96020405704710321,0,0.099629202177848569,0,0,-36.171994922362089,-0.52516374406401645,0,0.68751247956733219,0,0,0,-2.009142135811373,0,0,-1.6713886344636437,0,0,0,-6.6524486682408123E-06,0,2.4987652621184484,0.0025219325352858514,0,-0.26558885814578148,0,0,0,0,0,0,1,0,0,0,0,0,0,1,0,0.26709688137897486,0,0,0,-42.999110376390256,0,0,0,0,-32.167528450499475,0,-0.048586502474188428
77,symmetric,-13.523575782775879,-0.35225134856272378,0,0,1,0,0.00236740605491169,0,-0.00062380784842972566,0,-0.03712404414903428,0.27941177591564154,0,-0.95960373355738093,0,0.099997150312102628,0,0,-35.770319571486233,-0.54099669138028,0,0.68046796960994183,0,0,0,-2.0014688727785725,0,0,-1.4801869253707567,0,0,0,-6.6762589711249165E-06,0,2.3584868006385684,0.0017058089963283224,0,-0.26594007675061365,0,0,0,0,0,0,1,0,0,0,0,0,0,1,0,0.26647654131618354,0,0,0,-43.409069683466889,0,0,0,0,-32.165580064549417,0,-0.049313173954792858
78,symmetric,-13.676712989807129,-0.350407308968009,0,0,1,0,0.0026459357733653872,0,-0.0006275005279358345,0,-0.03606604132497717,0.281393397301739,0,-0.95904815098013241,0,0.10033447271669713,0,0,-35.40303213589528,-0.55767146779774235,0,0.67389076446273022,0,0,0,-1.9944209015290415,0,0,-1.3089943937983954,0,0,0,-6.6976245052454315E-06,0,2.231019156074971,0.00093831345031280069,0,-0.26620781268009847,0,0,0,0,0,0,1,0,0,0,0,0,0,1,0,0.26588921960984757,0,0,0,-43.781288802287108,0,0,0,0,-32.163549495565491,0,-0.049987144024527586
79,symmetric,-13.815926551818848,-0.34874322032829896,0,0,1,0,0.0029020355952872161,0,-0.00063084642374315245,0,-0.035108119649398951,0.28319472980549193,0,-0.958539972875751,0,0.10064038917210696,0,0,-35.070739533573722,-0.5746675791878052,0,0.66782892248746684,0,0,0,-1.9880178039999084,0,0,-1.1629726428954312,0,0,0,-6.7169230994615619E-06,0,2.1163524699660861,0.00022752376173800496,0,-0.2664048270102678,0,0,0,0,0,0,1,0,0,0,0,0,0,1,0,0.26534131887004186,0,0,0,-44.115544162669423,0,0,0,0,-32.161501100823543,0,-0.050604787475702739
80,symmetric,-14.019343376159668,-0.34633623290092591,0,0,1,0,0.0032812078631868804,0,-0.00063571705156117032,0,-0.033714913791600527,0.28582692170510343,0,-0.95779201432775518,0,0.10108620463556067,0,0,-34.587852307297432,-0.60279459649060829,0,0.65883225091627218,0,0,0,-1.9786686991015559,0,0,-0.9766609344904319,0,0,0,-6.745695788883712E-06,0,1.9508230010918424,-0.00083113385627788482,0,-0.26661226305208319,0,0,0,0,0,0,1,0,0,0,0,0,0,1,0,0.26451721769847042,0,0,0,-44.597180342461954,0,0,0,0,-32.15815492137434,0,-0.051515829599556695
81,symmetric,-14.209561347961426,-0.34409976434282491,0,0,1,0,0.0036411107387063768,0,-0.000640252401721471,0,-0.032419019785496953,0.2882886924070463,0,-0.95708668856223622,0,0.10150190705549517,0,0,-34.139066868736258,-0.63280729786436263,0,0.65027290815450156,0,0,0,-1.9699318664036103,0,0,-0.84363644384555547,0,0,0,-6.772209400182541E-06,0,1.7981511441020854,-0.0018398246943364797,0,-0.26671866431351571,0,0,0,0,0,0,1,0,0,0,0,0,0,1,0,0.26372175778050277,0,0,0,-45.039250759269805,0,0,0,0,-32.154639151686872,0,-0.052376954791166525
82,symmetric,-14.385997772216797,-0.34204126623447012,0,0,1,0,0.0039795546066950065,0,-0.0006444430294139142,0,-0.031222886405215925,0.29057271479706254,0,-0.95642727142629491,0,0.10188653933110958,0,0,-33.7251169073578,-0.6640189793236575,0,0.64220994946240639,0,0,0,-1.961832629854221,0,0,-0.76695735172106372,0,0,0,-6.796511371135565E-06,0,1.6583196778571545,-0.0027889506217088915,0,-0.26674071998585658,0,0,0,0,0,0,1,0,0,0,0,0,0,1,0,0.262962877161644,0,0,0,-45.4422422555532,0,0,0,0,-32.15103708764962,0,-0.053183692309508035
83,symmetric,-14.580731391906738,-0.33979230323956833,0,0,1,0,0.0043582679302234736,0,-0.00064905076960907024,0,-0.029909154873831688,0.29309460424253403,0,-0.95569355338014217,0,0.10231008351553186,0,0,-33.27074253881333,-0.70175382973238065,0,0.63317567203533642,0,0,0,-1.9528973075626566,0,0,-0.74265753679668456,0,0,0,-6.82343487991864E-06,0,1.5059206642765801,-0.0038522148317335142,0,-0.26667841431348865,0,0,0,0,0,0,1,0,0,0,0,0,0,1,0,0.26210219062911833,0,0,0,-45.879571512219314,0,0,0,0,-32.146672764495172,0,-0.054083085331668994
84,symmetric,-14.777824401855469,-0.33753122740699026,0,0,1,0,0.0047470873075165215,0,-0.000653696134136823,0,-0.028586315467040831,0.29564836165226371,0,-0.954944525073451,0,0.10273779323800937,0,0,-32.8134621448691,-0.73423986100319871,0,0.62389109236878992,0,0,0,-1.9438572813383019,0,0,-0.73509756478818944,0,0,0,-6.8502531486234749E-06,0,1.353689496841348,-0.004992228068024419,0,-0.26652175158374719,0,0,0,0,0,0,1,0,0,0,0,0,0,1,0,0.2612069462727209,0,0,0,-46.313139039360834,0,0,0,0,-32.141832166669879,0,-0.055003010338889186
85,symmetric,-14.960564613342285,-0.3354565442159822,0,0,1,0,0.005112565598980036,0,-0.00065798733380455937,0,-0.027365848472713578,0.29801764608039677,0,-0.95424414508387223,0,0.10313356417868516,0,0,-32.391746564629337,-0.75705487041629826,0,0.61515922974559434,0,0,0,-1.9354777700074137,0,0,-0.72808590061525413,0,0,0,-6.874862115607586E-06,0,1.214307701427866,-0.0061162244947577677,0,-0.26629146204809145,0,0,0,0,0,0,1,0,0,0,0,0,0,1,0,0.26035561936745871,0,0,0,-46.707652595898843,0,0,0,0,-32.136955899391673,0,-0.055864658146947827
86,symmetric,-15.145285606384277,-0.3333596519584725,0,0,1,0,0.005486876176916327,0,-0.00066231000651011487,0,-0.026137931166154395,0.30041439599291575,0,-0.953530273165242,0,0.10353291654054668,0,0,-31.967604519033046,-0.77354508480509521,0,0.60621500467215561,0,0,0,-1.9270092084966532,0,0,-0.72100214972232457,0,0,0,-6.9005508728182628E-06,0,1.0750929095202482,-0.0073128935363879358,0,-0.2659747181340909,0,0,0,0,0,0,1,0,0,0,0,0,0,1,0,0.25947474636069795,0,0,0,-47.097095978090763,0,0,0,0,-32.131639905059565,0,-0.056744243087288149
87,symmetric,-15.3490571975708,-0.33107054450417972,0,0,1,0,0.0059054637357623552,0,-0.00066706120343260392,0,-0.02479016893674648,0.303060535362237,0,-0.95273580605837649,0,0.10397270502489932,0,0,-31.502165473150335,-0.78473388179079151,0,0.59621549217822234,0,0,0,-1.9176686794077884,0,0,-0.71319992168155877,0,0,0,-6.9276274449728753E-06,0,0.9234385883722197,-0.0086974586540495419,0,-0.26552651577626823,0,0,0,0,0,0,1,0,0,0,0,0,0,1,0,0.2584797868082806,0,0,0,-47.517807919252427,0,0,0,0,-32.125316108833225,0,-0.057724516820616821
88,symmetric,-15.537910461425781,-0.32897172754271953,0,0,1,0,0.0062987338275681225,0,-0.00067144893709465236,0,-0.023547318959426907,0.30551537100234466,0,-0.95199280898237,0,0.10437967165742569,0,0,-31.073012309885804,-0.7891661569937497,0,0.58682694826159176,0,0,0,-1.9090124978955481,0,0,-0.705986561352382,0,0,0,-6.9529322067841832E-06,0,0.78463482161414178,-0.010035435975255653,0,-0.26501782774675237,0,0,0,0,0,0,1,0,0,0,0,0,0,1,0,0.25753640467081146,0,0,0,-47.899177273508663,0,0,0,0,-32.1190166262836,0,-0.058642447673089931
89,symmetric,-15.711309432983398,-0.327058089759619,0,0,1,0,0.0066643385148997111,0,-0.00067546468616390756,0,-0.022411404312123278,0.30777162761409804,0,-0.95130481159122648,0,0.10475285032409556,0,0,-30.680810983428689,-0.78871496709888467,0,0.57810733448053253,0,0,0,-1.9010649904770718,0,0,-0.69938377029911925,0,0,0,-6.9764877402223784E-06,0,0.65863620867507,-0.01130562203836913,0,-0.2644711409016583,0,0,0,0,0,0,1,0,0,0,0,0,0,1,0,0.25665265362050149,0,0,0,-48.241584216675044,0,0,0,0,-32.112854307676,0,-0.059493299634244226
90,symmetric,-15.903925895690918,-0.32492930093993372,0,0,1,0,0.007075532770758685,0,-0.00067991124993142154,0,-0.021155467415458266,0.31028071358368653,0,-0.95053393125702956,0,0.10516691098003547,0,0,-30.247144033344497,-0.7836944426002348,0,0.56831351662203733,0,0,0,-1.8922363356621779,0,0,-0.69207734149448352,0,0,0,-7.0026720198035862E-06,0,0.52026253912367171,-0.01275816602487864,0,-0.26377393592309684,0,0,0,0,0,0,1,0,0,0,0,0,0,1,0,0.25565167247154008,0,0,0,-48.611209772727065,0,0,0,0,-32.10557706730917,0,-0.060447454312039586
91,symmetric,-16.134092330932617,-0.32241732567294112,0,0,1,0,0.0075738777824088692,0,-0.00068520552782918881,0,-0.019662760639940123,0.31328311462286668,0,-0.949603396986899,0,0.10566111384136706,0,0,-29.731629773024231,-0.77227283385211221,0,0.55646729494890568,0,0,0,-1.8816858923847806,0,0,-0.68339355931364609,0,0,0,-7.0333888988589952E-06,0,0.35705912998946232,-0.014543508813144951,0,-0.2628158492202291,0,0,0,0,0,0,1,0,0,0,0,0,0,1,0,0.25442975622237696,0,0,0,-49.041396779746506,0,0,0,0,-32.096274261951407,0,-0.061600089775847758
117,turning,-5.7187328338623047,-0.8313989807017852,0.0052430699049246876,0.00034203030754714758,1,4.991076351448797E-05,0.0067808285077189381,0.043418266921078974,-0.00019803422417707939,-0.0050859636508012286,-0.19047335297833126,0.14516723072650847,0,-0.98805282860325216,0.00048728875321750714,0.0209121737721381,6.6376913545662718E-05,-0.14121427757704769,-166.19095222892324,-2.109920937680954,0.03521234603346967,1.2391351321709905,0,0,8.1517280255748E-05,-5.4201785133474116,0,-0.042784453203445323,-1.950532757310808,0.0016727447306028329,0,0,0.00027019007023285129,0.094649105864189259,40.353112578776951,-0.099309531309660054,-0.0013149699270020602,-0.31812815518456122,0,0,-2.0868076097037984E-05,0,0,0,0.4301960088866188,0.90273550608028275,0,0.10267207646160642,0,0,0,1,-0.010367615925439246,0.0049406575489196114,-0.10268561866259657,9.5870577101402654E-12,0,-93.77281110949221,-28.998051525169338,-0.00017651899206664142,0,-0.00033567447550543467,-31.857783115711175,4.1888559199961461,-0.026544012443047289
118,turning,-6.0750184059143066,-0.790326644977771,0.0048275214901788424,0.00038816443299893866,1,5.9522565966363392E-05,0.0072401952273818022,0.044977547366109143,-0.00021052642640053548,-0.0047199288195412751,-0.17831386557212175,0.15227601423498438,0,-0.98703924532686937,0.00094671920330864157,0.022898423308444039,7.2151736117595435E-05,-0.12451256019567052,-153.33735714368905,-1.965049638583044,0.036421436396325065,1.2190987693728166,0,0,8.97011912189701E-05,-3.9363972957257021,0,-0.044253247391171834,-1.7520738179771687,0.0026410047878683294,0,0,0.00024904237405814019,0.10973397966761179,35.658542218112892,-0.090580619021204178,-0.0020698083524776012,-0.310387077539778,0,0,-2.185354929880968E-05,0,0,0,0.44947491449328,0.89329295376223539,0,0.10166772237872609,0,0,0,1,-0.018974155176915985,0.0095471555437753059,-0.10171359147958108,3.6599954837439643E-11,0,-91.469570313470186,-28.685785656036774,-0.00017458578602568928,0,-0.00034890535494346296,-31.841882201677329,4.349640925292011,-0.027432186589634769
119,turning,-6.2806854248046875,-0.75671846060653725,0.004258745138525824,0.0004311329093530103,1,6.8546830955112923E-05,0.0075445393155048274,0.046252673948895623,-0.00022135359602699911,-0.0041979341590601491,-0.16855738237424298,0.15767036097157991,0,-0.98623219330467282,0.0014687437581630265,0.024884120291727117,7.7335770886162078E-05,-0.10786256424026706,-142.70746104826128,-1.8476087931770611,0.037374247206711265,1.1964239048892156,0,0,9.68062097610634E-05,-2.7967146646770606,0,-0.045410634418465434,-1.5394735758423317,0.0036484100713494406,0,0,0.00022124199651364293,0.12047040442732024,32.098872128285471,-0.083381976064400676,-0.0028550630294518755,-0.30407180057921818,0,0,-2.2666991195800326E-05,0,0,0,0.4691633273379478,0.88311141555365791,0,0.099974210292269688,0,0,0,1,-0.028127314198568384,0.014942966522754036,-0.10007562794034573,2.8742199592402426E-11,0,-88.589129525608811,-28.347395983720379,-0.00017213060126378019,0,-0.00036085972158213144,-31.834634925397292,4.4525999521813207,-0.028027968320919812
120,turning,-6.3951196670532227,-0.72865094171070943,0.0036302404575769783,0.00047062546758638857,1,7.68997777247926E-05,0.0077256035908833337,0.04729085176274455,-0.00023099012705016242,-0.0036117480652794803,-0.16057573398314981,0.16186781508120127,0,-0.98558144271841519,0.0020209763946647343,0.026850040363879436,8.198500288317663E-05,-0.092268177653488062,-133.81747183967903,-1.7510928643116963,0.038122858698399584,1.1735413342546197,0,0,0.00010291111877684341,-1.9563784828445276,0,-0.04631991715492062,-1.3379363671005213,0.0046270001209749575,0,0,0.00019244052870468891,0.1281176984072569,29.316754431231569,-0.077318297143902037,-0.0036177983634207039,-0.29854446040139404,0,0,-2.3331604939713581E-05,0,0,0,0.48877351333439395,0.872410713289763,0,0.097908326147974359,0,0,0,1,-0.037266787157970459,0.020878948656189125,-0.098086983775624484,-3.2374276870205075E-11,0,-85.475123892046426,-27.989840213646776,-0.00016948612703918635,0,-0.00037129662878905133,-31.832768947953376,4.5147950788083318,-0.028415229813052008
121,turning,-6.4558587074279785,-0.7043729028601039,0.0029823074032735769,0.00050726680117171852,1,8.4696484740909281E-05,0.0078076983135698073,0.048141114525019825,-0.00023989971655028614,-0.0030019704316546405,-0.15381758916750116,0.16525867575865869,0,-0.98504114870747461,0.0025927787556694446,0.028822849412535757,8.622045597547355E-05,-0.07786980614769777,-126.16139955720968,-1.6692896819619252,0.038713825985377932,1.1511311297576796,0,0,0.00010821502247880641,-1.342463046078717,0,-0.047037668489058361,-1.1536507618851706,0.0055592710442028109,0,0,0.0001647926780666136,0.13361226214279109,27.04918390681636,-0.072006097015896137,-0.0043443911990014884,-0.29344339166267158,0,0,-2.3880754559531551E-05,0,0,0,0.50844038045362261,0.86109719516682648,0,0.095601246399566325,0,0,0,1,-0.046253236066275391,0.027310520896763769,-0.095877077644043962,-9.7838404044450959E-11,0,-82.246922270745983,-27.610020399661977,-0.00016677108977159979,0,-0.00038036092738628566,-31.834272447899167,4.547662584013823,-0.028654993142922386
122,turning,-6.4838452339172363,-0.68316125348031864,0.0023463331709363271,0.00054091651312884726,1,9.1894207472631426E-05,0.0078046280153928616,0.048819970370857974,-0.00024823772603912303,-0.0023998735192316788,-0.14803679957335361,0.16802946860242007,0,-0.98458995937707583,0.0031683810345003276,0.030791730070229967,9.005045560313155E-05,-0.06486861502740833,-119.52280888415036,-1.599408093207658,0.039166100625046038,1.1297586954606782,0,0,0.00011277547604852489,-0.9072554064904983,0,-0.047586922782095753,-0.9902619885766859,0.0064235801826478351,0,0,0.000139598782827936,0.13744855643869475,25.172028527568756,-0.067280761021563787,-0.00501798447052175,-0.288670340850718,0,0,-2.432911815073864E-05,0,0,0,0.52799374176931524,0.849248260906337,0,0.093155153885277411,0,0,0,0.99999999999999978,-0.054881129449188687,0.034120638480293709,-0.0935441843766558,-8.337514706358908E-11,0,-79.0120633395385,-27.210757137728766,-0.00016407502739546216,0,-0.00038804175600851333,-31.837941912575037,4.5575219204302737,-0.028782221932632732
123,turning,-6.4925141334533691,-0.66453829099232375,0.0017424750730516746,0.000571459981596467,1,9.8458422698177714E-05,0.0077284305108368239,0.049340561824681446,-0.00025609463322081444,-0.0018257128912500071,-0.14305914858035196,0.1703102136198377,0,-0.984212022182108,0.00373448795162763,0.0327432426992568,9.3476255958309124E-05,-0.053328396507077568,-113.74149958843515,-1.5393946782007948,0.039494185413359889,1.109728453354996,0,0,0.00011663939367306895,-0.60986563834493412,0,-0.047985306006296531,-0.848254951176268,0.0072070465291757613,0,0,0.00011739424952939398,0.13998696739139549,23.600722308944107,-0.063032012000653018,-0.0056285464635914455,-0.28418991159711826,0,0,-2.4687281046277928E-05,0,0,0,0.547271104292362,0.83695539809873887,0,0.090643245591045044,0,0,0,0.99999999999999978,-0.063003208658309259,0.041196741970624458,-0.091156882422584656,-1.9461428996203375E-10,0,-75.845849619428634,-26.795488196347513,-0.00016144758161788097,0,-0.00039436714152773166,-31.842965267040917,4.549087082085812,-0.028823719085030286
124,turning,-6.4927515983581543,-0.66070949372239585,0.0016140505099046772,0.00057781608558057907,1,9.98282674635753E-05,0.0077027223911759644,0.049435974079861833,-0.000257780441514574,-0.0017033384679830941,-0.14204733987513396,0.17076047804143332,0,-0.98413671071160891,0.003857810959574767,0.033172942395829977,9.4182539357189174E-05,-0.050962083802491391,-112.56050128845348,-1.5272362327122271,0.039551497631112764,1.10547828067404,0,0,0.0001174110863598329,-0.55899513623223729,0,-0.048054890060318205,-0.81951668368832165,0.0073693748431056917,0,0,0.00011288147392742945,0.14040371950211017,23.286749633361328,-0.062144757958897068,-0.0057550467821605011,-0.28323314900504748,0,0,-2.4756286705172507E-05,0,0,0,0.55150028807825791,0.83417470127641635,0,0.090082101969195819,0,0,0,1,-0.064727893646552334,0.04279373605810613,-0.090624486675413174,-2.1582128445594671E-10,0,-75.157278917731887,-26.701456757733858,-0.00016087622649661482,0,-0.00039559394460795589,-31.8442054184335,4.5451221477973265,-0.028823534168808621
125,turning,-6.4889464378356934,-0.64433792202887463,0.0010518963109350592,0.00060514032880140667,1,0.00010573346278519577,0.0075478578984185373,0.049787349892337449,-0.00026530341443292,-0.0011666840282711123,-0.13777262872893783,0.17261285799146189,0,-0.98382445954387343,0.0044114099109234944,0.035132668654193726,9.7188899490419653E-05,-0.04093006229792201,-107.54120799267385,-1.4759512659368921,0.039748602486511311,1.086822949792591,0,0,0.00012057005340837383,-0.38165740507698603,0,-0.048294155016119354,-0.69917944500146045,0.0080624924261501231,0,0,9.3973677429707669E-05,0.14174764052647965,21.977835029132862,-0.058284404051894952,-0.0062951684853916152,-0.2789938469819836,0,0,-2.502408676424299E-05,0,0,0,0.5707135676844316,0.82114920913370415,0,0.087497582253580258,0,0,0,0.99999999999999978,-0.072282619309086915,0.050237729134495937,-0.088175566590941418,1.2810932870147024E-10,0,-72.064211830620636,-26.260741394290456,-0.000158301048450961,0,-0.00040045325160524916,-31.850311877504723,4.5185443731781278,-0.028787269810572697
126,turning,-6.480341911315918,-0.62966948832681957,0.00053578115750977317,0.00062955064939057548,1,0.00011103467347922666,0.0073380998298650663,0.050005258285751288,-0.00027253378850378152,-0.00067266740462612075,-0.13400829324883726,0.17416900282179182,0,-0.9835591318609288,0.0049416929368990741,0.037073628132706343,9.9825084803769584E-05,-0.032152528012198228,-103.09002775523798,-1.4310216260715152,0.039844952934653621,1.0694956015718526,0,0,0.00012316502368508249,-0.2785385990196636,0,-0.0484110249309047,-0.59588714310317015,0.0086728604034760053,0,0,7.7804520036168346E-05,0.14229834508082037,20.850893232978262,-0.054718132637596194,-0.006770780908901367,-0.27498273954213137,0,0,-2.5222502984165776E-05,0,0,0,0.58961933908215436,0.807681270663325,0,0.084909788028481661,0,0,0,1,-0.079240659642527286,0.057846859972981189,-0.085727073726577924,1.3446275343226419E-10,0,-69.088438188059627,-25.804965394251045,-0.00015579317714773508,0,-0.00040411585485924831,-31.85690474351911,4.4799434193837664,-0.028703565457872827
127,turning,-6.4697251319885254,-0.61623557278398688,5.9862547620211544E-05,0.00065145354500792385,1,0.00011581816820177557,0.0070761147670544656,0.050099556356492513,-0.00027962687211275511,-0.00021606036887160678,-0.13061838567677594,0.17550392880952403,0,-0.98332933241400255,0.0054519813464520292,0.039023213177897004,0.00010213647264664021,-0.024395493410017743,-99.0584669782636,-1.3907942303897491,0.039847985806441513,1.0531825418420007,0,0,0.00012527170736901659,-0.23031383720186818,0,-0.048414532512394179,-0.50610878410145088,0.0092109823328925932,0,0,6.3882291460949149E-05,0.14219814064243175,19.856848096174058,-0.051346388878724385,-0.0071900705670774117,-0.27112712941582828,0,0,-2.5359186394986277E-05,0,0,0,0.60848445936808226,0.79356578977897774,0,0.082294543011743146,0,0,0,1,-0.085684019506238635,0.065700153606998379,-0.0832539543088571,8.8926262187665785E-11,0,-66.193672638297727,-25.327589447932592,-0.00015330097331496759,0,-0.000406686487727661,-31.863900253292595,4.4304354171364366,-0.028582121818627057
128,turning,-6.4590091705322266,-0.60406676259447178,-0.00036846129733275477,0.000670556825407495,1,0.00012001945096373753,0.0067708754859811694,0.050074216955428866,-0.00028651107590520544,0.0001957663742619502,-0.12759223929037175,0.17663743110978944,0,-0.9831326195403387,0.0059308792992888047,0.040950465927439408,0.00010409277201963232,-0.01767377942520925,-95.442332291189146,-1.3550993797361595,0.039762325044117475,1.0380620569099717,0,0,0.00012689136361332615,-0.22424533517792875,0,-0.048310298012291635,-0.42934353333896647,0.00967110314408355,0,0,5.2145733562545664E-05,0.14155022085636876,18.986174159624984,-0.048185292090260796,-0.0075485548051806581,-0.26747512065388152,0,0,-2.5436134306641185E-05,0,0,0,0.627011785856536,0.77900976912808806,0,0.079700696444336652,0,0,0,1,-0.091503411324964978,0.0736495479524569,-0.080800337334156161,7.5352050988085489E-11,0,-63.429820732640017,-24.835994630059506,-0.000150844030062563,0,-0.00040817029082937666,-31.871079345033984,4.3720729319107647,-0.028433340721924376
129,turning,-6.449134349822998,-0.592900942957512,-0.00075354328741155763,0.00068706072085498993,1,0.00012368247712842004,0.0064251853885912841,0.049934892591923734,-0.00029326381647356084,0.00056678063368355693,-0.12485489690008468,0.17761131092822227,0,-0.98296244460581528,0.006379081365051908,0.042867621397578111,0.00010571521246786788,-0.011829698077815696,-92.158339899291562,-1.3230107030723626,0.039592084559670039,1.0239414904338089,0,0,0.00012806412356769167,-0.24954177938022085,0,-0.048103317753188796,-0.36323568068551149,0.010060238980705703,0,0,4.2226279579048469E-05,0.14043518315116602,18.21221878702028,-0.045183642852517872,-0.007851701751601773,-0.2639898195778379,0,0,-2.5456204219220536E-05,0,0,0,0.64532437033861112,0.76390867061912238,0,0.077115750909271932,0,0,0,0.99999999999999978,-0.096741204550154281,0.08172371817894164,-0.078352504544196344,-1.2555061157439279E-10,0,-60.776237316990667,-24.326999194175247,-0.00014838517759217874,0,-0.000408628182979864,-31.878420683098412,4.3055758998981091,-0.028263327703459573
130,turning,-6.4406437873840332,-0.58262249814462486,-0.0010966805279324302,0.00070098952057173747,1,0.00012681362075855904,0.0060432494921403637,0.049685487592838938,-0.00029990223879425987,0.00089807111686099513,-0.12236496668777345,0.17845052961627211,0,-0.98281493866519465,0.0067939116522405512,0.044772256587439808,0.00010700598472045998,-0.006773111985205838,-89.1641440822963,-1.294030947073106,0.039340371895660337,1.010753601277677,0,0,0.00012881335225093781,-0.29831893146564137,0,-0.047797366575188259,-0.30633257448033,0.010381424089135987,0,0,3.3879504628556991E-05,0.13891574333447873,17.520225324737787,-0.042321968211670592,-0.0081018766263845979,-0.26066453203606715,0,0,-2.5421622961939954E-05,0,0,0,0.66340398934709111,0.74826141616307107,0,0.07454443956624654,0,0,0,1,-0.10139422036938088,0.089895494858879668,-0.075913223668690244,-2.0066413808453039E-10,0,-58.233462196379634,-23.800896477481547,-0.000145904948121352,0,-0.00040809300741304359,-31.885879335286575,4.2318008370526226,-0.028077647457893248
131,turning,-6.4337759017944336,-0.57312786311691177,-0.0013995717339243684,0.00071236539553251588,1,0.00012941929514731496,0.0056289859461044253,0.049329459457391991,-0.00030643807769676831,0.0011911554982794669,-0.12008995964442302,0.1791753882744172,0,-0.98268689118732411,0.0071731316207423569,0.046661847863649727,0.00010796697412877854,-0.0024217505039351665,-86.424472915434109,-1.2677520347543934,0.039009823772392448,0.99843456103880013,0,0,0.00012915860461662054,-0.3644871411609798,0,-0.047395647197242777,-0.25736868859247131,0.010637830038599793,0,0,2.6885243734994628E-05,0.13704221393584565,16.898299203300468,-0.039585257584775005,-0.00830155149213856,-0.2574931908975932,0,0,-2.5333861518617536E-05,0,0,0,0.68123211444967191,0.7320674874917128,0,0.071989906995689856,0,0,0,0.99999999999999978,-0.10546260805806845,0.098139197150984334,-0.073483961320337854,-1.7533717533515375E-10,0,-55.799972601271371,-23.257970195432435,-0.00014338460450247592,0,-0.00040659436324453474,-31.893427511906935,4.1514550389198437,-0.027880817522955584
132,turning,-6.4286069869995117,-0.56438785580104045,-0.0016623768873070394,0.00072115397989867814,1,0.00013149276105357818,0.0051893623103458639,0.048873553121789697,-0.00031283299815935625,0.0014460808811376548,-0.11801624676132438,0.1797984882049532,0,-0.98257634403226213,0.0075125547945108558,0.048520421470848993,0.00010859646380980878,0.0012754878647000933,-83.927398180454858,-1.2439984224783214,0.038605905184065543,0.98700357489425439,0,0,0.00012912100289619126,-0.44272487149214079,0,-0.0469047992349712,-0.21552119592182159,0.010831467856760015,0,0,2.1085167801730416E-05,0.13487217601172188,16.340642032038467,-0.036980195774442483,-0.0084522950849541412,-0.25449123213208169,0,0,-2.519537742406389E-05,0,0,0,0.69866506676875517,0.71544889718065219,0,0.069472237223710848,0,0,0,1,-0.10892600557300826,0.10637069294035624,-0.071082575828147448,2.0348306373300553E-10,0,-53.490100697926223,-22.702564996500776,-0.00014082450791541093,0,-0.00040417878180623785,-31.900992595464832,4.0657704897734952,-0.027678046304960915
133,turning,-6.42501163482666,-0.55627246787335261,-0.001889431108834441,0.00072746541975310375,1,0.00013306095345555488,0.0047249086795828,0.048318303167785924,-0.00031913872559022685,0.0016669575692960818,-0.11610674198469682,0.18033904664485018,0,-0.982480085701501,0.0078135397151672583,0.050359146184772642,0.00010890419339991571,0.0044188950887202715,-81.627708967336986,-1.2222933676224916,0.03812845200588675,0.976312885851884,0,0,0.00012871379975317137,-0.52986788811201879,0,-0.046324621564730446,-0.179481646805976,0.010967498617015342,0,0,1.6254194041498686E-05,0.13242593342934161,15.834745395159819,-0.034477531110399057,-0.0085581287061047649,-0.25162960962545022,0,0,-2.5005773844628956E-05,0,0,0,0.71581461926526346,0.69829036284780965,0,0.066973900296085118,0,0,0,1,-0.11182029502697663,0.11462653098122412,-0.068691313363546808,-4.0007060164897186E-10,0,-51.283820806575889,-22.131050264386008,-0.00013818981632703531,0,-0.00040086113314833065,-31.908617422081139,3.9746729545205834,-0.027470879779230514
134,turning,-6.4228639602661133,-0.54876147618945514,-0.0020814977677127474,0.000731298624496654,1,0.00013412420711463033,0.00424245416747868,0.047671217351256026,-0.00032531257635886809,0.0018544514148100516,-0.1143544579846421,0.18080544653496516,0,-0.98239676694798472,0.008073106610217283,0.052162484882595311,0.00010889298867963629,0.0070513326116376264,-79.519390800353762,-1.2025384685293532,0.037583378107564291,0.96638158054556089,0,0,0.00012795757883245706,-0.622424508289812,0,-0.045662299021023214,-0.1486486725512462,0.011048510521086892,0,0,1.2270135872781006E-05,0.12975064790935439,15.377354983553815,-0.032087034956440851,-0.008621070956687139,-0.24892245878795849,0,0,-2.4767247510550523E-05,0,0,0,0.732542898787379,0.68072086895891781,0,0.0645129538935107,0,0,0,1,-0.11413642749175575,0.122825424141789,-0.066326620046219045,-2.9685455482788211E-10,0,-49.192127796307417,-21.547915015284598,-0.00013548444853717461,0,-0.00039669495091681947,-31.916237553710694,3.8792817571145544,-0.027263279655129626
135,turning,-6.4219646453857422,-0.54177145061777543,-0.0022423036578648027,0.00073272487246603391,1,0.00013470156233416628,0.003741837595324237,0.046930945389814106,-0.00033139920476724788,0.0020121191981401234,-0.11272821580151983,0.18121126534867732,0,-0.98232407028969793,0.0082925561661291777,0.053941097510138064,0.00010856790689083538,0.0092496277683538318,-77.567973219478617,-1.1843768997214938,0.036969066294023321,0.957084279976298,0,0,0.00012686366802431561,-0.71884207838798164,0,-0.04491586530812075,-0.12207030783226043,0.011078479371742694,0,0,8.9704092675850088E-06,0.12685166690727953,14.959394981676244,-0.029784959635438736,-0.0086442191308517911,-0.2463438568988493,0,0,-2.4479296163667532E-05,0,0,0,0.74895572078900208,0.66262004821573761,0,0.062071324037735957,0,0,0,0.99999999999999978,-0.11590371147705777,0.13100531444101063,-0.0639704621660487,1.9563344000417475E-10,0,-47.198318941397247,-20.949330743292549,-0.00013267563871629154,0,-0.00039167751910995771,-31.92389901764669,3.7793072855348528,-0.027055706127959288
136,turning,-6.4219117164611816,-0.53963228469450231,-0.002287461451657021,0.00073267573957556942,1,0.00013478467914967982,0.0035783435919193047,0.046674799198749652,-0.00033332760099198666,0.0020565618531380356,-0.11223255588116864,0.18132968306747657,0,-0.98230282251109946,0.0083541549769468731,0.054504442419121647,0.00010839792496834984,0.0098690462424794144,-76.974276941110375,-1.1788755172577705,0.036758161616937346,0.95423686318904155,0,0,0.00012644339267202441,-0.75021246516929352,0,-0.044659604365950706,-0.11436669829365056,0.01107773006650104,0,0,8.0409879549892048E-06,0.12588016870412147,14.833263230005283,-0.0290664275012384,-0.0086435657154084224,-0.24554532214088129,0,0,-2.4376696909025414E-05,0,0,0,0.75413677341618424,0.65671738745173069,0,0.061294235658150571,0,0,0,1,-0.11635438019986824,0.13361473067928797,-0.063218337603809016,1.6748755160632297E-10,0,-46.580114697762966,-20.754608412640792,-0.000131753048853699,0,-0.00038989527533514782,-31.92635720302582,3.7464071948142337,-0.02698958975303424
137,turning,-6.4223837852478027,-0.53324821207905615,-0.0024096814418977019,0.00073095787086058228,1,0.00013473057947320508,0.0030595595362750629,0.045816900400217145,-0.00033928090438357233,0.0021773966532986611,-0.11075738779788488,0.18166702113129352,0,-0.98224220677468177,0.0085191298594213486,0.056242319523701609,0.00010766348286653325,0.01156177033164096,-75.211262714010971,-1.1626037785075765,0.036056369891529064,0.94573217099192008,0,0,0.00012491776802158394,-0.84895359791255554,0,-0.043806898422282553,-0.092568588725231216,0.011044522558639995,0,0,5.4865992388749868E-06,0.12272149660380752,14.461526251253991,-0.026879683274193943,-0.0086174598832793083,-0.24313499419400361,0,0,-2.402387480465753E-05,0,0,0,0.77006804914844817,0.63796175408930533,0,0.058883023135264528,0,0,0,1,-0.11740672610975761,0.14171879106030383,-0.060877306050956093,-2.1202657685223018E-10,0,-44.712477837494419,-20.137408879862807,-0.00012879518260401016,0,-0.00038379406879465651,-31.934040461124496,3.64108685766459,-0.026784964665824182
138,turning,-6.423675537109375,-0.52732734538600956,-0.0025045200054803745,0.00072692198914807427,1,0.00013421223531324963,0.0025332991659246162,0.044878066865340863,-0.00034509757359361265,0.0022720652297164826,-0.10939128845344635,0.18195907835627481,0,-0.98218962360864581,0.0086418893160576625,0.057937389373600295,0.00010662971752414244,0.012914479916336008,-73.58419801786269,-1.1476730953028482,0.035294542175154667,0.93782275921927216,0,0,0.00012309270533519487,-0.94744256103940361,0,-0.0428812598968118,-0.073897431286629525,0.010967166161350435,0,0,3.3997882892521103E-06,0.11940314148867474,14.122184014097842,-0.024787201942170583,-0.0085569347387527972,-0.24085854748271918,0,0,-2.3625682904412996E-05,0,0,0,0.78553298758800594,0.61881978427573037,0,0.056506620102391304,0,0,0,1,-0.11792880132222791,0.14969942134889053,-0.058558777748407981,1.3877787807877615E-10,0,-42.947128280339768,-19.509844774937235,-0.00012572849792193621,0,-0.00037693362467913256,-31.941685767673093,3.5326277646302104,-0.026585105892666938
139,turning,-6.4256258010864258,-0.52177064380969174,-0.0025746312456441842,0.00072058309672946841,1,0.00013323701019626874,0.0019987068181051,0.043854467882678293,-0.00035081406798195824,0.0023431284207470413,-0.10811302043601645,0.18221392920670637,0,-0.98214366040046142,0.0087233706992108379,0.059599372214324681,0.00010529497291456079,0.013975438286991033,-72.0696557352057,-1.1338502133170847,0.034469224631233537,0.9304138570124304,0,0,0.00012096085203598184,-1.0454113698989629,0,-0.0418784914491536,-0.057785294334673352,0.010847880631012729,0,0,1.687674432481243E-06,0.11591584661459867,13.809525688260395,-0.022771039482472291,-0.0084637187107612991,-0.23869473370724639,0,0,-2.317874189617988E-05,0,0,0,0.80062680941251563,0.599163343379696,0,0.054147036157654274,0,0,0,1,-0.11793846668618602,0.15759425093889226,-0.056244986351909568,1.6987279638580194E-10,0,-41.266410107455684,-18.867806030552597,-0.00012252307411778497,0,-0.0003692877600678248,-31.949333967409245,3.4205135863497635,-0.026389545305580346
140,turning,-6.4280695915222168,-0.51660273617365982,-0.0026213679918032726,0.00071203040299446646,1,0.0001318228412181682,0.0014623043356045504,0.042756026176156717,-0.00035638442929443806,0.0023918501150116977,-0.10692215355880758,0.1824349472114197,0,-0.98210373974264276,0.008763217839294863,0.061214277339180403,0.00010367449856415751,0.014771158848602743,-70.6680622216679,-1.1211235264313062,0.033588105659533969,0.92352254287743962,0,0,0.00011855100346871869,-1.1414180491969965,0,-0.04080793379533549,-0.043971299911043232,0.010690083254648295,0,0,2.96378507970706E-07,0.11229646263903838,13.522957267844616,-0.020842934493144234,-0.0083404769845242168,-0.23665402273625713,0,0,-2.268737114881968E-05,0,0,0,0.81522888695045648,0.57913889688184439,0,0.051819656765657217,0,0,0,1,-0.11745001649900094,0.16532933073277564,-0.053950910845572922,-9.9399655173923411E-11,0,-39.67978145612296,-18.21614751206765,-0.00011919427130225496,0,-0.00036093187547735754,-31.956915874242441,3.3057571523811666,-0.026200433792723875
141,turning,-6.43087100982666,-0.51178653652939954,-0.0026466831737945646,0.00070133207271359788,1,0.00012998523079409821,0.00092674824255558079,0.0415861552831109,-0.00036180374110473049,0.0024201047505664143,-0.10581341472102349,0.18262684941990323,0,-0.9820690335628719,0.0087622209071464841,0.0627803521750266,0.00010177737100483335,0.015333974508676998,-69.36945491581622,-1.1093876300900636,0.032653593999824829,0.91711228324448335,0,0,0.00011587227247501959,-1.2349034924450584,0,-0.039672512770577317,-0.032115159528627896,0.010496564900044,0,0,-8.32045661793338E-07,0.10855698522381044,13.259821812283279,-0.019000088607584745,-0.0081893849161614879,-0.23473075539382696,0,0,-2.2152053384060329E-05,0,0,0,0.82933025161856744,0.55875874377971335,0,0.049522861753827647,0,0,0,1,-0.11648313133805338,0.17288854214331809,-0.051675064310997151,-1.2130053905823028E-10,0,-38.18247372998502,-17.555296649161662,-0.00011573768607306104,0,-0.00035189411912311236,-31.964415274064063,3.1885823997495293,-0.026018302283305053
142,turning,-6.4339385032653809,-0.50728152497380063,-0.0026523535895541881,0.000688459942623995,1,0.00012772243409755327,0.00039082952551327871,0.040339200238329438,-0.00036710307477055837,0.0024296223194261138,-0.10476885700340322,0.18279483802191496,0,-0.98203861778672141,0.0087208556769492081,0.064306394641320069,9.9596624291262213E-05,0.015694203184599492,-68.15682177529844,-1.0984783467785422,0.031660912003916977,0.91110981578658834,0,0,0.00011292071427451656,-1.3260694798414707,0,-0.038466422968735113,-0.021857278008817971,0.010268209465936878,0,0,-1.7519391375284631E-06,0.10468043316463643,13.016202417541768,-0.017228052269621843,-0.0080111296371891232,-0.23290742681189319,0,0,-2.1570768384252139E-05,0,0,0,0.84301613442457013,0.5378882756668476,0,0.047239152497567542,0,0,0,1,-0.11504570455234266,0.18030767637318243,-0.04940017235736692,-1.8249290967359065E-10,0,-36.762374214013946,-16.880926596359526,-0.000112124450678742,0,-0.00034213167383834311,-31.971866327384916,3.0683417233199135,-0.025842349984425084
143,turning,-6.4371585845947266,-0.50307691746363625,-0.0026398151540506427,0.00067355224745730541,1,0.00012506144982937781,-0.00013924032187653763,0.039026416862740471,-0.00037223775673653897,0.0024217515040011336,-0.10379287454064359,0.18294103690839633,0,-0.98201212150133621,0.0086400146598548232,0.0657795337215794,9.7154171811546122E-05,0.015872379653004583,-67.0318519535199,-1.0884016371436245,0.030618782370941473,0.90553144061779633,0,0,0.00010971908994677045,-1.4139250012399791,0,-0.03720026174963751,-0.013036006720152258,0.010008703426618587,0,0,-2.4946567440563478E-06,0.10070211467015494,12.792029543136769,-0.015538160324154459,-0.0078085864167918217,-0.23119300515725619,0,0,-2.0947031259272841E-05,0,0,0,0.85617691948624219,0.51668276779765776,0,0.044983161924212083,0,0,0,0.99999999999999978,-0.11316267496432011,0.187517905551124,-0.047140948240989966,2.4893281880380473E-11,0,-35.42478018616827,-16.198075664469066,-0.00010837652902782566,0,-0.00033173281223343925,-31.979196832210974,2.9460348880510168,-0.025674178588460508
144,turning,-6.4404540061950684,-0.49915862092648505,-0.0026106197771771675,0.00065668070115942184,1,0.00012201783502838873,-0.00066115124659694091,0.037650986014351559,-0.00037720154505690821,0.0023979821434295025,-0.10287912272372458,0.18306852488465544,0,-0.98198899654341543,0.0085208204232561022,0.067198163067753031,9.4459691504027079E-05,0.015890462704976856,-65.987751650094253,-1.0790876683510591,0.029529494170831172,0.90034983706424876,0,0,0.00010628187720823715,-1.4982307202068816,0,-0.035876809713158937,-0.0054348980963370222,0.00972032138963533,0,0,-3.09402923043755E-06,0.096630342958350893,12.585574810151751,-0.013928798293608361,-0.00758352831693188,-0.22958298317698775,0,0,-2.0282435653137514E-05,0,0,0,0.86880440921605506,0.49515542865522649,0,0.042753277602912705,0,0,0,1,-0.11085368079351846,0.1945049192186038,-0.044896101897847131,-7.9623807547697815E-11,0,-34.166914985319544,-15.507153495183813,-0.00010449315680409451,0,-0.0003207245302490499,-31.986386947040309,2.8218267679829738,-0.025513991157667355
145,turning,-6.4437665939331055,-0.49551705158894149,-0.0025661976995462309,0.00063791769157328637,1,0.00011860706685632574,-0.0011727138161584589,0.03621602272792776,-0.00038198810251374379,0.0023596877130122157,-0.10202273031637424,0.18317997555031598,0,-0.98196876581595893,0.00836448524599806,0.068560749334839424,9.1523057112471475E-05,0.015767913079369443,-65.01843202122491,-1.0704754698212451,0.028395287518875482,0.89554012355427315,0,0,0.00010262223914169521,-1.5788110627516543,0,-0.034498788028250738,0.0011310377432521702,0.0094051810828610048,0,0,-3.57728846923645E-06,0.092472538180258718,12.395319719874028,-0.012398639489979416,-0.0073376061474302746,-0.22807309233501155,0,0,-1.9578907895808617E-05,0,0,0,0.88089073820538555,0.47331966718484336,0,0.04054790912126735,0,0,0,0.99999999999999978,-0.10813825560236319,0.20125508067808173,-0.042664408197481275,2.4242760576751632E-10,0,-32.98640007533168,-14.808562492748949,-0.00010047456456067627,0,-0.00030913307141216883,-31.993416208825508,2.6958670759661114,-0.025361926205204392
146,turning,-6.4470744132995605,-0.49210556156865626,-0.0025074077880701726,0.00061718682283686671,1,0.000114817142692937,-0.0016752989964019425,0.034713955663623321,-0.00038662245414613876,0.0023077248269080487,-0.10121372552974556,0.18327832121186771,0,-0.98195090181002087,0.00817083466432779,0.06987473421509377,8.8331326593552419E-05,0.015519451503375453,-64.112551833541275,-1.062458537197732,0.027210007811883877,0.89105053553018687,0,0,9.8719817862230348E-05,-1.6560644474831689,0,-0.033058718662043171,0.0068568358466259156,0.0090627963527815276,0,0,-3.969309833399187E-06,0.088205541253790182,12.218793655211062,-0.010936717741635162,-0.0070704390814293324,-0.22665007910515725,0,0,-1.8831658086472939E-05,0,0,0,0.89250711188158227,0.45103331943526809,0,0.038350333462062826,0,0,0,1,-0.10501283724960807,0.20779995633468853,-0.040429248200030986,2.3132537552127587E-10,0,-31.872163686945711,-14.097738203871089,-9.6292532882664378E-05,0,-0.00029689803936341268,-32.000310954272891,2.5673944886790916,-0.025217083454597715
147,turning,-6.4503211975097656,-0.48894369929933257,-0.0024357486338429457,0.00059468939777275107,1,0.00011068652528587947,-0.002163286765171414,0.033157682465379819,-0.00039106380258557318,0.0022434994454322097,-0.10045547306687247,0.1833647451497124,0,-0.98193519474329882,0.0079422284715088675,0.071128956627196885,8.4914632034527424E-05,0.015160652073700485,-63.272338192845851,-1.0550522750115487,0.025983673068472771,0.88689491783601693,0,0,9.4610612190367238E-05,-1.7293252033514763,0,-0.031568772757481572,0.01182869272701919,0.0086971683075105759,0,0,-4.2846165399076572E-06,0.0838643063698717,12.056199585813005,-0.0095531288148641078,-0.0067851479687976541,-0.22532103666905451,0,0,-1.8047122666096734E-05,0,0,0,0.90355975893645268,0.42846208937396019,0,0.036174529862274027,0,0,0,1,-0.10151477158900329,0.21407882942332374,-0.038205186883365869,-1.8418426506165329E-10,0,-30.83068033086289,-13.379938530653225,-9.19770415199706E-05,0,-0.00028412488007642381,-32.007000092487786,2.437411296968369,-0.025080572833045926
148,turning,-6.4534854888916016,-0.48600300964775051,-0.0023523586254666656,0.00057050365209867007,1,0.00010623123070045007,-0.0026347841550000712,0.031550223095689146,-0.00039530560080156766,0.0021681104186885565,-0.099743298700510838,0.18344102922404734,0,-0.98192132327351611,0.0076801345773519188,0.072322037468251346,8.1283564006440971E-05,0.014704821576759982,-62.493522946860253,-1.0482147946217224,0.02471849718833612,0.8830550797568405,0,0,9.0307385722414378E-05,-1.7985349865295637,0,-0.030031639746333379,0.016166843990328781,0.0083100622820677632,0,0,-4.5383339100019463E-06,0.079454508986369757,11.906519288421039,-0.0082471277484376035,-0.0064831090366402905,-0.22408275303178923,0,0,-1.7227106577666935E-05,0,0,0,0.91404169828122106,0.40562023347360404,0,0.0340190052933703,0,0,0,1,-0.097663800140883217,0.22007971588818659,-0.035991199267862171,-7.85396053747714E-11,0,-29.858300734003308,-12.655558351143334,-8.7531081173331714E-05,0,-0.0002708403889423821,-32.013462284254246,2.3060355265466725,-0.024952410155607594
149,turning,-6.4565753936767578,-0.48326943347671075,-0.0022576027615939086,0.00054452467788930817,1,0.00010143324121964294,-0.0030910829634596022,0.029882915396321021,-0.00039936877307039566,0.002081938411931261,-0.099070134712979457,0.18350916562040198,0,-0.98190892785053052,0.0073839390721200954,0.073460323273902284,7.7421650024862539E-05,0.014159491724300517,-61.767564639917126,-1.0418672488179166,0.023407532155075992,0.87949059063271506,0,0,8.5787138332400246E-05,-1.8640946209053557,0,-0.028438877797597351,0.019999043012422918,0.0079002522663287628,0,0,-4.7442456545732694E-06,0.074950098419676758,11.767929281371934,-0.0070098506606245461,-0.00616336472200514,-0.22292448267007647,0,0,-1.6366786234510544E-05,0,0,0,0.92401305794036681,0.38236091426254915,0,0.031867555582886,0,0,0,0.99999999999999978,-0.093449441604380956,0.22582984054796035,-0.033771065706583607,-1.6046192152769419E-12,0,-28.94789068886254,-11.919894060095476,-8.2926166532132877E-05,0,-0.00025697367924218086,-32.019718816669631,2.1724511642164024,-0.024831763451529466
150,turning,-6.4595417976379395,-0.4807625372760424,-0.0021537716140145871,0.00051719297755846428,1,9.6375130790443672E-05,-0.0035242026941647579,0.028181731882299513,-0.00040319081992147305,0.0019871156848876611,-0.098444391597334382,0.18356952741562618,0,-0.98189794245167983,0.0070593338283726076,0.074526869321820857,7.339320246437062E-05,0.013542571654304548,-61.101085071269416,-1.0360652344991528,0.022071069744061582,0.87623539407174023,0,0,8.1124458235985213E-05,-1.925081843953661,0,-0.026815140187470242,0.0233571480683794,0.00747497083220482,0,0,-4.9086849141787047E-06,0.070418076138335714,11.641557688747724,-0.0058579150479609338,-0.00583155712496025,-0.22185934622486747,0,0,-1.5479964861640382E-05,0,0,0,0.933330010983518,0.35901962425124617,0,0.029748454122955573,0,0,0,1,-0.08894963780634571,0.23123907670483954,-0.031574519805949157,-1.5439038936178141E-11,0,-28.109435044973988,-11.183481520713835,-7.8230567607542214E-05,0,-0.00024274304100428172,-32.025662680432262,2.0386028828410905,-0.02472023931049102
151,turning,-6.4624252319335938,-0.47843078156701896,-0.0020403396901479544,0.00048821340363587238,1,9.1003352324994777E-05,-0.0039385610434458122,0.026426028248348967,-0.00040681870166552492,0.0018832057986360553,-0.09785413500499994,0.18362413936982253,0,-0.98188800011790411,0.0067034928159660527,0.075535314798813938,6.9153628128442455E-05,0.012854587280290677,-60.481861878621807,-1.0306994427850336,0.020692773047383144,0.873230155481366,0,0,7.6263721282284738E-05,-1.9823363990434297,0,-0.025140578094357855,0.026364825048671141,0.007029818049961235,0,0,-5.0420878480010464E-06,0.065800108501548313,11.524934505476274,-0.0047749396991863735,-0.0054842525610027115,-0.22086989822898909,0,0,-1.4555577416525718E-05,0,0,0,0.94211598578237532,0.33528714459892928,0,0.02763090195739849,0,0,0,1,-0.084121903330632353,0.23637228912259792,-0.029370221748151994,-1.4484941024391853E-10,0,-27.328793813135665,-10.436482557661481,-7.3384325423368808E-05,0,-0.00022797799468069632,-32.031356154966993,1.9027287848303063,-0.024616235851665613
152,turning,-6.4652085304260254,-0.47630695118456495,-0.0019188595769791135,0.00045785722458937725,1,8.5368996841170955E-05,-0.0043295768922249345,0.02463044257020354,-0.00041021908533326115,0.0017716639981715896,-0.097301800960552937,0.1836735519929974,0,-0.981879001218945,0.0063203120655339522,0.076476914153343817,6.4741844445189334E-05,0.012107758874906583,-59.9120241954512,-1.0257866299759588,0.019284035431669639,0.87048650662575644,0,0,7.1249249972508183E-05,-2.0354237648176041,0,-0.02342903367703723,0.029062023426785776,0.0065691293685753672,0,0,-5.1491980208097794E-06,0.061131805641725045,11.418363882007718,-0.0037689073858211165,-0.005124832842229787,-0.21996157212061795,0,0,-1.3601992833449284E-05,0,0,0,0.9502986069462761,0.31133993903122537,0,0.025528338952578656,0,0,0,1,-0.079016549310031936,0.24118112494232263,-0.02717266904870656,2.9056618222582461E-11,0,-26.611992448636233,-9.6843804056351086,-6.8425535816635266E-05,0,-0.00021280344195721173,-32.0367374175157,1.7658459665239064,-0.024520479470763312
153,turning,-6.4678974151611328,-0.47435254648577418,-0.0017901318374839127,0.00042621332050703394,1,7.9489330492583235E-05,-0.0046958536918701808,0.022797946115539577,-0.00041338636518893071,0.0016532613751095409,-0.096785806579255312,0.18371865628659417,0,-0.98187078456474908,0.0059115925240654996,0.077350650909780674,6.01696722724339E-05,0.011309218924624184,-59.389195481854145,-1.0213042234976419,0.017847089550773527,0.86799276352072818,0,0,6.6090337805436292E-05,-2.0843515028561392,0,-0.0216832192842279,0.031504866420159178,0.0060942773406216406,0,0,-5.235049826285323E-06,0.056417280446872595,11.321291949685888,-0.0028395973975567923,-0.004754368157494338,-0.21913212173869587,0,0,-1.2620547067437984E-05,0,0,0,0.95787263412870549,0.28719334391196255,0,0.023439475595251624,0,0,0,1,-0.0736537559802951,0.245656519379311,-0.024981136815591453,3.3870475868413283E-11,0,-25.955215590768738,-8.927561556859974,-6.3360700523781063E-05,0,-0.00019724716427030082,-32.041787796692283,1.628041541560397,-0.024432886550760872
154,turning,-6.4704999923706055,-0.47258574193444847,-0.001654908900422672,0.000393371932375184,1,7.3381768685588225E-05,-0.0050360998649462705,0.020931488834190097,-0.00041631519390131384,0.001528712243787908,-0.0963052192132297,0.18376024577185165,0,-0.98186320631435553,0.00547918249514553,0.078155556520323979,5.5449068342174317E-05,0.0104653776187475,-58.911304725059374,-1.0172327156156469,0.016384164166507117,0.86573905607618007,0,0,6.0798917859163657E-05,-2.1291329814813391,0,-0.019905842554377322,0.033743318867170927,0.0056065775988344679,0,0,-5.3039824566606826E-06,0.051660489455024522,11.233235917985768,-0.0019868312251373156,-0.0043738843441129731,-0.21837965904107251,0,0,-1.1613444654689144E-05,0,0,0,0.96483321674130684,0.26286282329881194,0,0.021363057169641674,0,0,0,1,-0.068053763491316643,0.24979010236848465,-0.022794946199035136,-4.5319650809848765E-11,0,-25.3587980507048,-8.1664101719978,-5.8196695423179467E-05,0,-0.00018133704906907235,-32.046489580627977,1.4893985933311258,-0.024353395941212479
155,turning,-6.4730238914489746,-0.47099150341058754,-0.00151389886574154,0.000359425468453951,1,6.70639855796743E-05,-0.0053491316822101079,0.01903401555994164,-0.00041900044739345225,0.0013986980214722713,-0.095856931304984114,0.183798903870046,0,-0.98185616033860024,0.0050249742648252015,0.078890749659698362,5.0592171703983571E-05,0.0095818344291005737,-58.476508219040213,-1.0135554515867853,0.014897487092595408,0.86371627171636078,0,0,5.5385807933127843E-05,-2.1697831590817014,0,-0.018099609991823293,0.035813224023079418,0.0051072916080988524,0,0,-5.3581191552677976E-06,0.046865176004612617,11.153782358440704,-0.0012105331098562387,-0.0039843650331067727,-0.21770233808200845,0,0,-1.0582624120622598E-05,0,0,0,0.97117589706031293,0.23836395903973498,0,0.019297862414288786,0,0,0,1,-0.062236842391722585,0.25357407841135393,-0.020613460178739988,-4.33680868993768E-14,0,-24.820729865261107,-7.4013089810928285,-5.2941133991189279E-05,0,-0.00016510154849247482,-32.050826153850586,1.3499957339548021,-0.024281904852150989
156,turning,-6.475494384765625,-0.46956294028097478,-0.0013667445113046577,0.00032422351577570709,1,6.0508381884215125E-05,-0.0056357304734368768,0.017095093166165962,-0.00042145349839384791,0.0012629078248420798,-0.095439346483582987,0.18383547253383123,0,-0.98184949362160057,0.0045475694495091821,0.079559763495596722,4.5576530987644559E-05,0.0086572670526238026,-58.080636802792945,-1.0102359637059921,0.013378816896421336,0.86190491920043211,0,0,4.9824644438336939E-05,-2.2065554386946848,0,-0.016254508555853923,0.037765321083534996,0.0045940881108617188,0,0,-5.40085586504196E-06,0.0420015713619368,11.082099217295045,-0.00050603842851279631,-0.00358399105877885,-0.21709471905778208,0,0,-9.5229507462500466E-06,0,0,0,0.97693389805964881,0.21354193691633483,0,0.017228560934795467,0,0,0,1,-0.05618123758980155,0.25702377822827377,-0.018421079783285908,1.5612511283775651E-11,0,-24.33761911436202,-6.6273255499965105,-4.7564635636334922E-05,0,-0.00014845411156455478,-32.054808043809935,1.208941096393261,-0.024217941113776321
157,turning,-6.4778833389282227,-0.46830210778273595,-0.0012160978768979297,0.00028834442584635325,1,5.3822982164219977E-05,-0.0058909895085695954,0.015144229168673142,-0.00042363635008498793,0.0011238131685286175,-0.095056407750292532,0.18386988692681872,0,-0.98184321832374377,0.0040554906974042022,0.0801526921673116,4.0483358453007794E-05,0.0077088723773021976,-57.727712399859577,-1.0073069757209672,0.011851202610460536,0.86032279953097845,0,0,4.4201273326969726E-05,-2.2389618723135434,0,-0.014398541423507669,0.039600507482627161,0.0040751802938767947,0,0,-5.4334789825277845E-06,0.037139838410152927,11.018853301087262,0.00011703567679307954,-0.0031791694968568026,-0.2165637612319376,0,0,-8.4506341928098215E-06,0,0,0,0.98202465963237173,0.18875266322339512,0,0.015182334321430213,0,0,0,1,-0.049990419156707017,0.260085465915482,-0.016247276262115463,1.8257964584637635E-11,0,-23.913869388575435,-5.855443911109262,-4.2149116554177536E-05,0,-0.00013165171668710183,-32.058366473481087,1.0682405728733633,-0.024162296651532571
158,turning,-6.4802236557006836,-0.46719634477232552,-0.0010609236000511228,0.00025149444509652528,1,4.695331942776957E-05,-0.0061169727525794164,0.013162960170809616,-0.00042557026184265173,0.00098047273687767588,-0.094702869092251965,0.18390290851984575,0,-0.98183719571307337,0.0035454098448758232,0.0806757267265074,3.5269633503403047E-05,0.0067304578601399554,-57.412460384320994,-1.0047238180536913,0.010300123359741327,0.85894519375541489,0,0,3.8466578437401541E-05,-2.267390738469369,0,-0.012514066400951934,0.041361537404154165,0.0035460337780532495,0,0,-5.4573624438678453E-06,0.032229936685580059,10.963037816802597,0.00066588602174147524,-0.0027663625030071204,-0.21610193242283085,0,0,-7.3563879747835006E-06,0,0,0,0.98650366123809385,0.16373920228166622,0,0.013135421126630893,0,0,0,1,-0.043617481139341281,0.26278865560811143,-0.014067515367916974,-1.6631661325911004E-11,0,-23.544215455025814,-5.0775415454441033,-3.6643776432443778E-05,0,-0.00011453944989002936,-32.061529318793006,0.92641598009558979,-0.024114246077755128
159,turning,-6.4825072288513184,-0.46625603159114304,-0.00090241927843638789,0.00021392016549873737,1,3.9945549314048666E-05,-0.0063117841396966735,0.01116226915761547,-0.00042724225563933542,0.00083401142365658785,-0.094380242633862868,0.18393474764205833,0,-0.98183138759863253,0.003021389240661605,0.081125680957992691,2.9969065037477544E-05,0.0057296839801300407,-57.135394200196892,-1.0024896562792867,0.0087341248705215934,0.85777389514253621,0,0,3.26544361671348E-05,-2.2917122476026481,0,-0.010611465957991456,0.043063867722332637,0.0030099043350180696,0,0,-5.4748049219789135E-06,0.027295342281845464,10.914695577242284,0.00113780420755758,-0.0023481096972794522,-0.21571060240789933,0,0,-6.2465622743681034E-06,0,0,0,0.99034564321418928,0.13862000925794796,0,0.011095180000718531,0,0,0,1,-0.037108470685955505,0.26511477287374624,-0.011890292569797277,-8.5001450322778535E-12,0,-23.230199820565069,-4.2971874579135125,-3.1079683034752745E-05,0,-9.7215901782127091E-05,-32.064269604193257,0.7841187550543729,-0.02407398945909792
160,turning,-6.4847354888916016,-0.46546347386076159,-0.000741146008368781,0.000175722997865441,1,3.281872215900793E-05,-0.0064747619620909112,0.0091451147367569638,-0.00042864920360557394,0.000684962817060773,-0.094087882405890111,0.18396563118186463,0,-0.98182575272960426,0.0024855184974593722,0.081502042642840056,2.4594617911420722E-05,0.0047100208362155756,-56.895668501458935,-1.0005971284574595,0.00715547294311464,0.85680460237787948,0,0,2.677729913794787E-05,-2.3119369895053441,0,-0.0086934928076442125,0.044721509227010139,0.002467893345802758,0,0,-5.4864254120776246E-06,0.022339413309835351,10.873637995874057,0.0015327641454875283,-0.0019252699906331322,-0.21538887026746203,0,0,-5.1236318840843225E-06,0,0,0,0.99354812465964271,0.11341130448640155,0,0.0090605048419286922,0,0,0,0.99999999999999978,-0.030484237260917597,0.26705941616160378,-0.0097151265028952074,8.06646416329528E-12,0,-22.9703505503926,-3.5147620200431997,-2.5465988758707062E-05,0,-7.9710981466932121E-05,-32.066577101793818,0.6414174422044745,-0.024041465930339893
161,turning,-6.4869046211242676,-0.4648238308357302,-0.00057764718820205337,0.00013700566835356275,1,2.5592105399636777E-05,-0.0066053523697190454,0.0071144580481708516,-0.00042978858541007714,0.0005338429664059419,-0.093825432543427317,0.18399572088582769,0,-0.98182026172336523,0.0019399110979788213,0.081804406860477324,1.9159372940488127E-05,0.0036747005413680432,-56.692567216452218,-0.99903984100969367,0.0055664365400737836,0.85603324635774913,0,0,2.0846251896067451E-05,-2.3280704625985504,0,-0.006762903511578754,0.046345857982184407,0.0019210829468235054,0,0,-5.4935565095865626E-06,0.017365462938527483,10.839702912889907,0.0018507374825094888,-0.0014986873002368977,-0.21513587485568658,0,0,-3.98975212170007E-06,0,0,0,0.99610903762111025,0.088129366102028331,0,0.0070303071668284377,0,0,0,1,-0.023765680363478713,0.26861885024645432,-0.00754155739142778,-7.2749965773805556E-12,0,-22.764602732849418,-2.7306447829290303,-1.9811988222503324E-05,0,-6.2054794024279513E-05,-32.068443153241908,0.49837943932100404,-0.024016615033945095
162,turning,-6.489011287689209,-0.46434199828264339,-0.00041233661187650152,9.7845107602852893E-05,1,1.8280140038398054E-05,-0.0067031613311318962,0.005071851642685146,-0.00043065875755967764,0.00038104691291182237,-0.093592366890060341,0.18402521132289137,0,-0.981814879008043,0.0013863174478482266,0.08203255379904735,1.3672695674216937E-05,0.0026260553405170629,-56.52546907986352,-0.99781234876386171,0.0039681862136074619,0.85545677304550594,0,0,1.486907723122959E-05,-2.3401246542161722,0,-0.0048211201309510286,0.04794820107202899,0.0013701594408128427,0,0,-5.4974104852553752E-06,0.012373368133456067,10.812751977035852,0.0020918456486418943,-0.0010688967590119112,-0.21495095541814563,0,0,-2.8463983990424073E-06,0,0,0,0.99802782417756808,0.062773100667316742,0,0.0050021191380512364,0,0,0,1,-0.016969068566791742,0.26979076069206764,-0.0053676490136066275,5.7029034272759643E-12,0,-22.612872126319168,-1.944674744827513,-1.4123211242391462E-05,0,-4.4265445027281841E-05,-32.069861528905768,0.3549729310769274,-0.023999398387909134
163,turning,-6.4910445213317871,-0.46399659970819129,-0.00024584398584715861,5.8372873260266104E-05,1,1.0907441804703034E-05,-0.0067677513161002682,0.003021650988929721,-0.00043125718421572015,0.00022717051582778832,-0.093388975855897075,0.18405410241085807,0,-0.981809604804601,0.00082726172279008411,0.08218598874368796,8.1515452950699186E-06,0.0015676847677581871,-56.394129741527784,-0.99691250818477151,0.0023640879556060413,0.85507346930153938,0,0,8.8617449693350254E-06,-2.3480869338838359,0,-0.0028722320657644691,0.049530916031688972,0.00081655282860258716,0,0,-5.4987560502596361E-06,0.0073698208401325174,10.792724494053568,0.0022557925455633033,-0.00063701369168702327,-0.21483379023219379,0,0,-1.6967475736481037E-06,0,0,0,0.99930126404753483,0.037376244768556895,0,0.0029762699104258546,0,0,0,1,-0.010120021897355188,0.27057160870059843,-0.003194464455113516,8.5651971626328627E-13,0,-22.513611441595561,-1.1577689513940774,-8.4131195315400129E-06,0,-2.6385602152495145E-05,-32.070825181894477,0.21136198036896367,-0.023989795347167296
164,turning,-6.4929928779602051,-0.46381469587584023,-7.8610656657962714E-05,1.8678645254713674E-05,1,3.4908184776195916E-06,-0.0067988993219867721,0.000965974742399023,-0.00043158267767685779,7.26320941100043E-05,-0.093215363791051581,0.18408244293088372,0,-0.98180443011232077,0.00026467661395276166,0.082264538302898038,2.6069326877382723E-06,0.000501980436528544,-56.298285657938514,-0.99633827560088128,0.00075575775473037544,0.85488187272071192,0,0,2.8334763276810029E-06,-2.3519556962608856,0,-0.00091820256391546523,0.051097106419712289,0.00026108250407644979,0,0,-5.49882903159864E-06,0.0023560454978391542,10.77955973298112,0.0023425614873759716,-0.0002036770788163794,-0.21478405659060534,0,0,-5.426153324098329E-07,0,0,0,0.99992865893680261,0.011944749342170595,0,0.00095086523850023959,0,0,0,1,-0.0032367791762690158,0.27095991454376561,-0.001020687037232521,3.0357660829595361E-13,0,-22.468669485673704,-0.36998164295791081,-2.6889890079291596E-06,0,-8.43863726613202E-06,-32.07133023825692,0.067553112710207253,-0.023987782352647386
165,pitchfork,-6.4964056015014648,-0.46372218000163296,0,0,1,0,-0.0067999931861214211,0,-0.00043172316778109589,0,-0.093121113085489,0.18413355232967066,0,-0.98179509592597958,0,0.082283430997400653,0,0,-56.2564517130296,-0.99582582657473384,0,0.85484944545261854,0,0,0,-2.3522061251469126,0,0,0.053950821625824111,0,0,0,-5.4996792427502187E-06,0,10.77114942780436,0.0023728390438231988,0,-0.21480527721216111,0,0,0,0,0,0,1,0,0,0,0,0,0,1,0,0.27101532024675573,0,0,0,-22.474267755456403,0,0,0,0,-32.071487193786773,0,-0.023996769409463665
166,turning,-6.491971492767334,-0.46389250159694023,0.00016730537933228588,-3.9737668234800911E-05,1,-7.4258696595798276E-06,-0.0067865680159596821,-0.0020559804528904884,-0.00043144423105804619,-0.0001545903222753746,-0.093303722790914673,0.18406749541112991,0,-0.98180715942859387,-0.00056315293213695923,0.082232249375449248,-5.5476769338555477E-06,-0.0010675461156939669,-56.344663936284313,-0.99660209999991134,-0.0016085577241259348,0.85495959425294576,0,0,-6.0302953106043239E-06,-2.3504156783677836,0,0.001954305896553067,0.05026879247553559,-0.00055564915597481408,0,0,-5.4988721676349659E-06,-0.0050144105062837332,10.785683964249506,0.0023061928198192063,0.0004334760280965338,-0.2148020178874008,0,0,1.1547096376043871E-06,0,0,0,0.99967668903067763,-0.025426706602741708,0,-0.0020243348581676503,0,0,0,1,0.0068878578892073083,0.2708030999364317,0.0021728841160964557,1.0408340855861267E-12,0,-22.485916487819537,0.78759416087165235,5.7239276166181847E-06,0,1.7956975093005986E-05,-32.07111991194445,-0.14379220116047606,-0.023987903280469271
167,turning,-6.4899773597717285,-0.4641608113567976,0.00033417691547475345,-7.9319834959184154E-05,1,-1.4820264674352825E-05,-0.0067376815948979509,-0.0041087267869196527,-0.00043097404925633288,-0.00030880797838822723,-0.093493061678716224,0.18403886333620573,0,-0.9818123869030666,-0.00112402908059561,0.082114009821536757,-1.1080442540560345E-05,-0.002129503259519275,-56.459282645587706,-0.99734861456816126,-0.0032146183102589711,0.85525263544669328,0,0,-1.2047806970686073E-05,-2.3443777477048133,0,0.0039055780056271982,0.048694566984407842,-0.0011101545259978498,0,0,-5.4982051983849838E-06,-0.010022205625541968,10.802477792555734,0.0021785375499564653,0.00086606002825671716,-0.21488745616938523,0,0,2.3065412393388657E-06,0,0,0,0.99870696518267632,-0.050836971739166605,0,-0.0040494517421540005,0,0,0,1,0.013754274322264975,0.27020668416596866,0.0043458749799849409,-2.2117724318697517E-12,0,-22.559591567460732,1.5748090431449751,1.144071360180422E-05,0,3.5868738748901878E-05,-32.070371516816287,-0.28747652712884864,-0.023993937702971195
168,turning,-6.4879035949707031,-0.46457134036528908,0.000500107224994638,-0.00011864009153960678,1,-2.2163249418689106E-05,-0.0066554557928519284,-0.0061552731287560338,-0.00043023148133736211,-0.00046217293538642262,-0.093712095852823724,0.18400966445036923,0,-0.9818177168141311,-0.0016804597738551076,0.08192096330160642,-1.6584981966680375E-05,-0.0031830790577869628,-56.609528272099105,-0.998421644939953,-0.0048159018479315852,0.85573796392995916,0,0,-1.804078922051189E-05,-2.334247076615005,0,0.0058510464511540312,0.047102230918382795,-0.0016624705317635222,0,0,-5.4958210812981121E-06,-0.015020094339620864,10.826163248122466,0.0019737038211135836,0.0012969365646962269,-0.21504046345513997,0,0,3.4531887082844535E-06,0,0,0,0.99709145550071032,-0.076214364574370669,0,-0.0060764078774771394,0,0,0,1,0.020578161746415254,0.26921839946904325,0.0065193902096184779,-3.935653886123907E-12,0,-22.686122939963091,2.3612661977082556,1.7140705928460305E-05,0,5.3704455254247108E-05,-32.069166309749832,-0.43098736379732161,-0.024007571810096842
169,turning,-6.4857621192932129,-0.46514006526630697,0.00066458224534237265,-0.00015759284315709061,1,-2.94350461679338E-05,-0.0065401750267042235,-0.0081926539523496256,-0.000429217938796038,-0.00061419680137014885,-0.093960772569116488,0.18397985009680151,0,-0.98182315806750831,-0.002230285968408055,0.081653330216012843,-2.2048021277363541E-05,-0.0042254091403231622,-56.79572448555799,-0.99982410614723094,-0.0064101299770121687,0.85641764367406559,0,0,-2.399687031078791E-05,-2.3200250940372449,0,0.0077879432429626711,0.0454878414625107,-0.0022115450747440344,0,0,-5.4902237650066247E-06,-0.020004792541927139,10.856815964280475,0.0016917292696108023,0.0017252851217783179,-0.21526146760135006,0,0,4.5921693962729312E-06,0,0,0,0.99483120460878238,-0.10154247552940107,0,-0.0081062665095882891,0,0,0,1,0.027338462044961334,0.26784018201787463,0.0086938553551249714,-8.8904578143845826E-13,0,-22.86675804567502,3.1465868330219946,2.28142993612469E-05,0,7.1433450622499078E-05,-32.067509170977971,-0.57425884801881688,-0.024028835155847073
170,turning,-6.4835610389709473,-0.46586052694133967,0.000826967374119279,-0.00019604721253963561,1,-3.6611159030645612E-05,-0.0063923502241102709,-0.010216519656442158,-0.00042793639066772659,-0.00076428136977607338,-0.094239290103249412,0.18394935532469267,0,-0.98182872249265651,-0.0027709952470473956,0.08131168071579746,-2.745266113163969E-05,-0.0052528099784287258,-57.018169850957825,-1.0015584244803797,-0.0079939430600192672,0.8572936185503669,0,0,-2.9900897138383654E-05,-2.3017231359837487,0,0.0097121867033638527,0.043847366810828951,-0.0027559440754141152,0,0,-5.4809234764098017E-06,-0.024969595353342092,10.894510851017165,0.0013329343802727133,0.0021499871988734575,-0.21555084505103789,0,0,5.7205633329883607E-06,0,0,0,0.99192988704710872,-0.1267876144688837,0,-0.010138703581818757,0,0,0,1,0.034009614053095584,0.2660760892735477,0.010868215131879546,4.6403852982333182E-12,0,-23.101170531726197,3.9298542432765275,2.8448092959032696E-05,0,8.9013187105480167E-05,-32.065408047487288,-0.71712665744921278,-0.024057750118363773
171,turning,-6.4813032150268555,-0.46673511088842434,0.00098684152111348528,-0.00023392684466200415,1,-4.3677252253360766E-05,-0.0062124162301147009,-0.012225312833920834,-0.00042638855424878932,-0.00091202356052427606,-0.094547554071796144,0.18391800219888949,0,-0.9818344424229889,-0.00330084443365373,0.080896237034811247,-3.2789555374553936E-05,-0.0062628812022014453,-57.277605242991669,-1.0036312884989949,-0.0095661680281150119,0.85836962012106865,0,0,-3.5745159204433291E-05,-2.2793276569212497,0,0.011622351716120386,0.042167865074613904,-0.0032949728444848013,0,0,-5.466428906838812E-06,-0.029914633265129321,10.939409919236331,0.00089716834974455271,0.0025705011276740317,-0.21590939346325563,0,0,6.8368435140515068E-06,0,0,0,0.9883880459536023,-0.15195088224824432,0,-0.012176193017395028,0,0,0,1,0.040575353743736504,0.26392867226087641,0.013044412849479645,-8.9771939881709989E-12,0,-23.38991207039097,4.71122873288119,3.4036639834982256E-05,0,0.00010642569090524945,-32.062869932368351,-0.85962222822544709,-0.024094372178451756
172,turning,-6.4789834022521973,-0.46776933887710259,0.0011440769054120185,-0.000271230853881102,1,-5.0633020873898538E-05,-0.0060003646635094577,-0.014221516451048273,-0.00042457191128863559,-0.0010572900068792253,-0.094887484052211465,0.18388546657336746,0,-0.9818403769305003,-0.0038191327890397882,0.08040602516175345,-3.8060004492832564E-05,-0.0072549292526788789,-57.575668962792783,-1.0060566531848196,-0.011128798743405357,0.85965340769829057,0,0,-4.1533231899537039E-05,-2.2527511593706881,0,0.013520860818542592,0.040430787949795072,-0.0038289910529688397,0,0,-5.4454418988501938E-06,-0.034850044630711584,10.991842802825722,0.00038293629303616067,0.0029871078109624319,-0.21633921989756491,0,0,7.9416353879977761E-06,0,0,0,0.98419560796924177,-0.17708474031958329,0,-0.014225457495370753,0,0,0,1,0.047032305573750849,0.26139456451648813,0.015228909263488612,-1.7455654976999163E-11,0,-23.734533489479848,5.4924672115091031,3.9585844646851323E-05,0,0.00012368794720081977,-32.059895494467341,-1.002067009978149,-0.024138878508591366
173,turning,-6.4766225814819336,-0.46895536672385096,0.0012966175757704154,-0.00030750547038488254,1,-5.7393717591848977E-05,-0.0057591389978952495,-0.016183154240664282,-0.00042250884254524845,-0.0011981672153866792,-0.095255775227535588,0.18385182956712248,0,-0.98184651119904431,-0.0043189057880174252,0.079846734698327246,-4.3201118152997621E-05,-0.00821599374454037,-57.910218185055079,-1.0088175106891974,-0.012664681849050081,0.86113650282771736,0,0,-4.7199138984457616E-05,-2.2222629128824063,0,0.015386873746632654,0.038637401128185353,-0.0043518118242383387,0,0,-5.4172362134670527E-06,-0.039725282072276852,11.051472350428964,-0.00020433354979702,0.0033949809588286785,-0.21683681424945309,0,0,9.022365066284639E-06,0,0,0,0.97939940303818018,-0.20193268514150059,0,-0.016267916015389985,0,0,0,1,0.053298632447907647,0.25850519823303242,0.017401231476006931,3.2265856653136345E-11,0,-24.132209561673676,6.2657135214406994,4.5033838938600874E-05,0,0.00014060596906246471,-32.05652679711045,-1.1430289787031354,-0.024190875605844972
174,turning,-6.438697338104248,-0.50120970266612819,0.0026281194858972907,-0.00066588751330195334,1,-0.00012368212665026659,-0.00038492276709756553,-0.03838959494739793,-0.00037458514067827305,-0.0024125063405347276,-0.10335683618293809,0.18300294276490559,0,-0.98200089459472339,-0.00858887217565114,0.066451091877563789,-9.5922514241681377E-05,-0.015899515150056467,-66.532965216242332,-1.0839465139858164,-0.030114151153175134,0.90305581697501469,0,0,-0.00010813600682528193,-1.4538783607567618,0,0.036587149525011395,-0.0093339095052432167,-0.0098770501205766754,0,0,-2.7916324222217225E-06,-0.098805513788687974,12.693188209805029,-0.014774178775753518,0.007705839581333117,-0.23042592420999766,0,0,2.0640361795180165E-05,0,0,0,0.86216018083420543,-0.506635788889741,0,-0.043935239142498084,0,0,0,0.99999999999999978,0.11213268043234745,0.19082017922744224,0.046087454232902253,1.4961989980368055E-11,0,-34.82596627676439,15.875337254024879,0.00010657384734403374,0,0.00032664933612785036,-31.982584344899053,-2.8880669980531977,-0.025598124220685015
176,turning,-6.432283878326416,-0.50962776714793878,0.0026517110424630163,-0.00069555900191666648,1,-0.00012897560249646581,0.00067507742312832508,-0.041010320120048863,-0.000364306766130397,-0.0024268304097283932,-0.10531581828253597,0.18270848744364557,0,-0.98205425624484644,-0.0087478227069254354,0.063501835048442118,-0.00010078881921005123,-0.015526971503109801,-68.789865665982077,-1.1041677525108753,-0.03219479206112591,0.914245321126888,0,0,-0.00011452067441682898,-1.2780111133622094,0,0.039115076263745621,-0.02711490163400852,-0.010393602415148397,0,0,-1.2874627235712546E-06,-0.10675392876667807,13.143131220840162,-0.018159490545576848,0.0081090082375687451,-0.23386261544733139,0,0,2.1884917338726312E-05,0,0,0,0.83580736136827039,-0.5490228179981318,0,-0.048449314183711241,0,0,0,0.99999999999999978,0.11586638377653581,0.17638971153996616,0.050607166661175262,1.8218933306529331E-10,0,-37.505937700175544,17.240415094838539,0.00011406142597302784,0,0.00034740104327438061,-31.967920107812674,-3.132514323483147,-0.02593491014634686
177,turning,-6.42933464050293,-0.51432096825570206,0.0026356846215561188,-0.00070732059127189678,1,-0.00013102046195149344,0.0012131228526919915,-0.042220964508091846,-0.00035892239977515332,-0.0024074219033059295,-0.10639759189122909,0.18252750534992679,0,-0.98208700546623862,-0.0087677822309437884,0.061948348299050264,-0.00010282658891085528,-0.015059857196921867,-70.052255769879139,-1.1155512016200104,-0.033160253070066759,0.92048549744106056,0,0,-0.00011733875665770132,-1.1852111204783751,0,0.040288096803122314,-0.038235176978981648,-0.010604418446337254,0,0,-2.5778984141097889E-07,-0.1105726629246742,13.397880810693181,-0.019975942498687137,0.0082735883532461287,-0.23574586017027313,0,0,2.2444145124480593E-05,0,0,0,0.82184585428518986,-0.56970991898881884,0,-0.050748428255415506,0,0,0,1,0.11705893823793836,0.16886559263112264,0.052890944858846441,1.5222198501765759E-11,0,-38.972882121288542,17.910109061349704,0.00011760373456727808,0,0.00035681430431218971,-31.960412807749027,-3.2515838510626369,-0.026114891414932739
178,turning,-6.4267091751098633,-0.51931367526871208,0.00259913850024915,-0.00071687914418999677,1,-0.00013263336824734237,0.0017494519569099243,-0.043353023311393471,-0.00035342155363378251,-0.0023684362183626624,-0.10754825193055485,0.18232055148428705,0,-0.98212440899730336,-0.0087470250141975913,0.060355925257609626,-0.0001045767855035139,-0.014376221423626096,-71.404836037824623,-1.1278054425887825,-0.034066483465418129,0.92714874121022828,0,0,-0.00011987463419484032,-1.0903162619342839,0,0.04138916067854187,-0.051101325457127936,-0.010779153055315446,0,0,1.0049768719944346E-06,-0.11424924323502261,13.673254192461112,-0.021864113610641726,0.0084100353535646,-0.2377312658692462,0,0,2.2955842272428113E-05,0,0,0,0.80747540548474,-0.58990123710436049,0,-0.0530613902511426,0,0,0,1,0.11777220445677,0.16121030533071767,0.05517636710977053,2.0903417885615656E-10,0,-40.516866074522561,18.566092964625525,0.00012099157731433134,0,0.0003654906413809548,-31.952867137035312,-3.3674903366293112,-0.026300806409214346
179,turning,-6.4245109558105469,-0.5246814857080222,0.0025401451743107041,-0.0007242554956127244,1,-0.00013381456235757314,0.0022852267179245727,-0.044411842172458804,-0.00034777241416827573,-0.0023079997797186406,-0.10878531075699625,0.18208206642757507,0,-0.98216745133921179,-0.00868498498464951,0.058715603259666231,-0.00010604546475931071,-0.013442820164638431,-72.865452520030288,-1.1411048570229225,-0.03491804322196463,0.93431220784788038,0,0,-0.00012213946450588423,-0.99317906607077311,0,0.042423808883708815,-0.066099565588671264,-0.010916700647546261,0,0,2.5600871792565193E-06,-0.11779953775588714,13.973430912317848,-0.023838963522653356,0.008517489296399965,-0.23983711906551125,0,0,2.3424190837666333E-05,0,0,0,0.79260900599599937,-0.6097302383956642,0,-0.055405805587496325,0,0,0,1,0.11799650878368512,0.15338766170449439,0.057480805692216204,-2.7937721580733621E-10,0,-42.153015148151972,19.21265676115415,0.00012425369656584486,0,0.00037347012795311483,-31.945247841278146,-3.4808623067204238,-0.026493446296218713
180,turning,-6.4228978157043457,-0.53042282240115735,0.0024573425370961323,-0.00072935308463480109,1,-0.00013454475841050137,0.0028139743275090337,-0.045387294853939164,-0.00034202078203078926,-0.0022248342338419577,-0.11010596981105135,0.18180895270527778,0,-0.98221666489433657,-0.0085818189791802627,0.057041196429283549,-0.00010721631941032765,-0.012234599848967064,-74.43358827614864,-1.1554569686721217,-0.035707083838106772,0.94195862243420225,0,0,-0.00012410087234128724,-0.89515025350655553,0,0.043382506181270528,-0.0834689362692295,-0.011013609034049184,0,0,4.4568163021490171E-06,-0.12118710525596395,14.298879715966791,-0.025888749864898135,0.0085932577491420487,-0.24205316104593,0,0,2.3843446786398604E-05,0,0,0,0.777365588363546,-0.62904907759903583,0,-0.057766417896259241,0,0,0,0.99999999999999978,0.11771591598967454,0.14547084727051407,0.05978932878178677,4.5363018896999952E-11,0,-43.873758771868751,19.84491806035749,0.00012737366765158629,0,0.00038067538822874426,-31.937624590317448,-3.5906914625601631,-0.0266907614623028
181,turning,-6.4220185279846191,-0.53658411312245,0.0023482297955902684,-0.00073216449170965248,1,-0.00013481816112347053,0.0033366317358335335,-0.046283541801780653,-0.00033613108333612612,-0.0021165254689896221,-0.11152850646109291,0.18149367225649538,0,-0.98227337162850714,-0.008436658375634315,0.055323125180075233,-0.00010809195188190668,-0.010706631393567385,-76.131248382618168,-1.1710822323916437,-0.036437303408959065,0.95017875187310785,0,0,-0.00012576798631050803,-0.79639186233607417,0,0.044269746621303126,-0.10374151635465022,-0.011067895897910178,0,0,6.7811962562314826E-06,-0.12442265826967994,14.654971024985166,-0.028030820950587634,0.0086357973692356132,-0.24439997726906107,0,0,2.4217467613326413E-05,0,0,0,0.76165141419948323,-0.64798697768390945,0,-0.060161157555794056,0,0,0,0.99999999999999978,0.11691422696338022,0.1374223392960465,0.06211963400422555,2.8622937353747582E-11,0,-45.692878511842636,20.467025441441304,0.00013038152567463544,0,0.00038713588880000667,-31.929957604382945,-3.697518561270456,-0.026893281650587287
182,turning,-6.4219117164611816,-0.53963228469450231,0.002287461451657021,-0.00073267573957556942,1,-0.00013478467914967982,0.0035783435919193047,-0.046674799198749652,-0.00033332760099198666,-0.0020565618531380356,-0.11223255588116864,0.18132968306747657,0,-0.98230282251109946,-0.0083541549769468731,0.054504442419121647,-0.00010839792496834984,-0.0098690462424794144,-76.974276941110375,-1.1788755172577705,-0.036758161616937346,0.95423686318904155,0,0,-0.00012644339267202441,-0.75021246516929352,0,0.044659604365950706,-0.11436669829365056,-0.01107773006650104,0,0,8.0409879549892048E-06,-0.12588016870412147,14.833263230005283,-0.0290664275012384,0.0086435657154084224,-0.24554532214088129,0,0,2.4376696909025414E-05,0,0,0,0.75413677341618424,-0.65671738745173069,0,-0.061294235658150571,0,0,0,1,0.11635438019986824,0.13361473067928797,0.063218337603809016,1.6748755160632297E-10,0,-46.580114697762966,20.754608412640792,0.000131753048853699,0,0.00038989527533514782,-31.92635720302582,-3.7464071948142337,-0.02698958975303424
183,turning,-6.4224462509155273,-0.54645660189384171,0.0021366314031861359,-0.00073202022639051723,1,-0.00013436301397780345,0.0040829877836310556,-0.047442765414026339,-0.00032728338164650372,-0.0019084224284800022,-0.11381722550741931,0.18094240743732426,0,-0.98237225305826381,-0.0081482385356053434,0.05273840198024668,-0.00010882243994763904,-0.0078048087207587989,-78.874214619820208,-1.1965210211860209,-0.037392927808135662,0.963318768910985,0,0,-0.00012764187644579632,-0.653159143159043,0,0.045430886083745445,-0.13965016438532055,-0.011063609361953077,0,0,1.1137686789512236E-05,-0.12884002029520564,15.238600191852893,-0.031335853416963967,0.0086327726950061572,-0.24807778803545874,0,0,2.4679841066505584E-05,0,0,0,0.73786661967676825,-0.67494655460027309,0,-0.0637241377484651,0,0,0,0.99999999999999978,0.1147654568840116,0.12546415586463278,0.0655665532503031,8.0751377807087871E-11,0,-48.539444407457218,21.356721594150525,0.00013459134105598921,0,0.00039517045955408389,-31.918702078838407,-3.847554115141651,-0.027196309221871842
184,turning,-6.4241843223571777,-0.55383178064931227,0.0019538824300133167,-0.00072894352123493978,1,-0.00013345135299845654,0.0045739689549749492,-0.048123196731916527,-0.00032110720201106516,-0.0017297941365066692,-0.1155354608033542,0.18049416606120527,0,-0.98245240177217052,-0.00790019494525074,0.050933906268963269,-0.00010893474132254489,-0.0053044318248061948,-80.9407325431621,-1.2158407967028964,-0.037963077816358659,0.9730903862953737,0,0,-0.0001285121256607264,-0.55869855388847,0,0.046123672149741848,-0.16919687727980187,-0.010998901464646476,0,0,1.4908561550609778E-05,-0.131602508692727,15.685030006408057,-0.033709084990212058,0.0085825423160421459,-0.2507564457178621,0,0,2.4935665010857976E-05,0,0,0,0.72115594448515774,-0.69277276486140815,0,-0.066190880818005421,0,0,0,0.99999999999999978,0.11261511479595351,0.11722900147529225,0.067939961798988618,-1.0820337681454577E-10,0,-50.609526788455952,21.947694425783137,0.00013734163286361375,0,0.00039963244442590127,-31.911030438424923,-3.9449198713125306,-0.027405116202134094
185,turning,-6.4273014068603516,-0.56174856017927022,0.0017382032275893775,-0.00072342417501945744,1,-0.00013204481899703466,0.0050445095781064889,-0.048707992795576541,-0.00031484351064185387,-0.0015197690972285141,-0.11739386818680708,0.1799783825314929,0,-0.982544346603218,-0.0076122932871384155,0.049106172230163142,-0.00010872888337886224,-0.0023299233441854508,-83.177315985544226,-1.2369008013816472,-0.038462275738860449,0.983533458110704,0,0,-0.00012902954632668757,-0.46956017787978332,0,0.046730265030267358,-0.20349602821628696,-0.010880730221916161,0,0,1.9454840508629351E-05,-0.13412443747577557,16.174831749256363,-0.03617530870420145,0.008490631475347123,-0.25356821347185804,0,0,2.5140402885559326E-05,0,0,0,0.704138664463623,-0.71006249105792463,0,-0.068677322178113981,0,0,0,1,0.10990583898033547,0.1089889293561547,0.070322685236681823,-1.1440501324119109E-10,0,-52.779015585139092,22.522941185101981,0.00013999727630960887,0,0.00040322264892530272,-31.903406154077992,-4.0374281363318687,-0.02761265707873509
186,turning,-6.4319467544555664,-0.57025136501297546,0.001487580884505305,-0.0007154449027071268,1,-0.00013013735020057923,0.0054913758869929476,-0.049194701650394808,-0.00030849195651145786,-0.0012764537404091666,-0.11940817477340339,0.17938431087508047,0,-0.98264987412733873,-0.0072857129403779307,0.047257896404048816,-0.00010820325412666109,0.0011759699788615892,-85.603516533315641,-1.2599210937321579,-0.038888830236103893,0.99469706687327575,0,0,-0.00012918796782202544,-0.38832421072882389,0,0.047248610616304434,-0.24330768987854867,-0.010706171154555114,0,0,2.4916324986358045E-05,-0.13638052660411079,16.714009747372323,-0.038740971056562871,0.0083547609474183982,-0.25651808609457738,0,0,2.5295337077073008E-05,0,0,0,0.68683384654440816,-0.72681446548690276,0,-0.0711831396885596,0,0,0,1,0.10663177766418429,0.10076617554370833,0.072715296847944907,7.4332900945944475E-11,0,-55.049356564649962,23.082214044185527,0.00014257342465878915,0,0.00040592166734058623,-31.895838360796759,-4.1246847015401924,-0.027816656300134121
187,turning,-6.4382672309875488,-0.57950720653016741,0.0011977817563988415,-0.00070490220884025778,1,-0.00012770329854763782,0.0059141725194191393,-0.0495831309314973,-0.0003020019866707517,-0.0009958248303688676,-0.12161489993494277,0.17869377427856548,0,-0.98277203519674,-0.0069190899123590232,0.045377983979753754,-0.00010734892602483153,0.00530946964584307,-88.262308588893092,-1.2853554079113549,-0.039243173771405557,1.0067246407894406,0,0,-0.0001289680563054201,-0.31782758589852039,0,0.047679236010047886,-0.28987555713685953,-0.010470269401488994,0,0,3.1507097650434649E-05,-0.13835326802465819,17.314340347462014,-0.041434277229658471,0.0081710701940404425,-0.25963442781188728,0,0,2.5399637461318925E-05,0,0,0,0.66913060635885824,-0.743144825477394,0,-0.073725998927370542,0,0,0,1,0.10275808364186309,0.09252379409542924,0.07513563090542158,3.1207675332964787E-10,0,-57.443804980560643,23.629178006325933,0.00014510467359173221,0,0.00040771757913246403,-31.888283242092804,-4.2068038288798233,-0.028015750658247039
188,turning,-6.44623327255249,-0.58949765276896071,0.00086852444172696574,-0.00069182531173585238,1,-0.00012474834898273943,0.0063059779616756679,-0.049866432930372642,-0.00029541296885748566,-0.00067771385784177888,-0.12402712657250553,0.17789514856967256,0,-0.9829126450499952,-0.0065164003574700678,0.043482331579057378,-0.00010616689657639232,0.010119833812354328,-91.164399007272479,-1.313362143973158,-0.039519797764417081,1.0195967280723059,0,0,-0.00012835108220445447,-0.26300834642164234,0,0.048015448668898543,-0.34397450647144684,-0.010170914900005434,0,0,3.9378302623775311E-05,-0.13998751177868995,17.981095629095133,-0.044247802862618771,0.0079379132995682222,-0.26290201108558975,0,0,2.5451071112270353E-05,0,0,0,0.65117168156783178,-0.75893045868783138,0,-0.076286210389659118,0,0,0,1,0.098303192629612735,0.084345350111243084,0.077566114171325057,-4.42354486376099E-12,0,-59.945285192247475,24.159466450546269,0.00014758985931362579,0,0.00040856275890608962,-31.880810906464173,-4.2825806621782805,-0.028205019862715702
189,turning,-6.4556803703308105,-0.600339882642353,0.00049804176038024863,-0.00067619316878181335,1,-0.00012126616159187362,0.0066629784679248811,-0.050041316565377504,-0.00028871467691752445,-0.00032052842595707548,-0.12667532157319858,0.17696946880881723,0,-0.98307472035740628,-0.0060797484290185822,0.04157348556290081,-0.00010465543923766397,0.01568654800910978,-94.3429921434611,-1.3443229341835883,-0.03971621690809285,1.0333761117999667,0,0,-0.00012731757495673809,-0.22943747228753006,0,0.048254229845605456,-0.40680897370997987,-0.0098049482880686739,0,0,4.8741207948928706E-05,-0.14123644826000242,18.725311784353458,-0.047195326532820332,0.0076528277628249821,-0.266326812935305,0,0,2.5448347438010129E-05,0,0,0,0.63297560403726316,-0.77417174108440689,0,-0.078861064143146711,0,0,0,1,0.09326615994776695,0.076255953035022112,0.080005617905587786,-3.0355492425387303E-10,0,-62.557003190126018,24.672801702116981,0.00015004771592000388,0,0.0004084295321772597,-31.873445239000503,-4.3513520444833338,-0.028380235838856474
190,turning,-6.4662618637084961,-0.61223003127674058,8.1666818566204227E-05,-0.00065783778296565887,1,-0.00011721861704755418,0.0069833102731036581,-0.0501041146276142,-0.00028184075271504155,8.00751485231628E-05,-0.12961928917461479,0.17588497114579402,0,-0.98326336723417185,-0.0056080580509315177,0.039639586957606804,-0.00010279761330500581,0.022148392274681065,-97.86471486315007,-1.3789695611785628,-0.039830039172020874,1.0482414641399085,0,0,-0.00012584101168419616,-0.22439934121961222,0,0.048392675254709042,-0.48034179113227876,-0.0093657990295787415,0,0,5.992149315145565E-05,-0.14204640929728851,19.567257306971726,-0.05031824359148223,0.0073106932276821345,-0.26994242553882669,0,0,2.5390631062811896E-05,0,0,0,0.61442291189569986,-0.78897685982391741,0,-0.081465669472837121,0,0,0,1,0.087605136436790756,0.068223297497630009,0.0824700660914337,-1.722580411652809E-10,0,-65.29898246528245,25.172520423131267,0.0001525154828247458,0,0.0004072740229527429,-31.86617139282172,-4.4127421945002476,-0.028537305195371898
191,turning,-6.4769830703735352,-0.62513734155486733,-0.00037536907259884118,-0.00063700263083221731,1,-0.00011265888784917075,0.0072578274119855894,-0.0500496104375638,-0.00027487068927001951,0.00051887855094946234,-0.13286040709391525,0.17462875105768913,0,-0.98348021734342206,-0.0051112762678273563,0.037711396761503049,-0.00010061812971740762,0.029502929768676842,-101.7260321261605,-1.4173624740106463,-0.039856073602595757,1.0640420626401781,0,0,-0.00012390864887471507,-0.25737123783395471,0,0.048424476401482626,-0.565068489663814,-0.0088570759478093924,0,0,7.3006484419249043E-05,-0.14233241862212342,20.511822101258772,-0.053593867025026894,0.0069143198697361333,-0.27370294843150178,0,0,2.5274159446372788E-05,0,0,0,0.59580443900856828,-0.80312954774288148,0,-0.08405557976948981,0,0,0,0.99999999999999978,0.081409405732801879,0.060393849845232321,0.084919243159836122,9.3805171963872759E-11,0,-68.130437869941389,25.650976507999903,0.00015497586252931879,0,0.0004050771230048306,-31.859158260651533,-4.4648679664997628,-0.028667519957010161
192,turning,-6.48651647567749,-0.63941397199354177,-0.00087991591382498519,-0.00061334597091580723,1,-0.00010751249810286853,0.0074856929314943855,-0.049871914023035743,-0.00026767020780134321,0.0010022039273546793,-0.13650496985125804,0.17314531927716745,0,-0.98373398251778865,-0.0045856200479081188,0.035762307191641987,-9.8080971662864056E-05,0.037961122391006276,-106.04481045517993,-1.4607883012160843,-0.039790349080930515,1.0810794122060277,0,0,-0.00012146918472059204,-0.3412262595808675,0,0.048344811458597162,-0.66403409215991538,-0.0082687514017144581,0,0,8.8459354387200617E-05,-0.14200445521662078,21.595492575718964,-0.057102019337802692,0.0064558931381990406,-0.27767301563448771,0,0,2.5095750035521093E-05,0,0,0,0.57686009320240372,-0.81684296708150317,0,-0.086660462328808349,0,0,0,0.99999999999999978,0.074598127285217558,0.052681707981433359,0.08738323164278998,-9.1007930358847427E-11,0,-71.087985183169565,26.115001342542147,0.00015748351195655263,0,0.00040176456054194021,-31.852401084843567,-4.507277016494,-0.028764770149712075
193,turning,-6.4922957420349121,-0.65520492226618754,-0.0014274061973458755,-0.0005869757319684753,1,-0.00010180477347659921,0.0076591257877652577,-0.049564824582352313,-0.00026024861754954387,0.0015253329109023845,-0.14060416137725623,0.17139596207822796,0,-0.98403002797202965,-0.0040390544608583491,0.033808523410940552,-9.5195977764241926E-05,0.047573716225421607,-110.86908226100017,-1.5098809730001532,-0.039626818704568488,1.0992973571575839,0,0,-0.00011849844754801089,-0.49213928919527383,0,0.048146332489925121,-0.77859886621441654,-0.0076026604371665172,0,0,0.00010645346863307381,-0.14093590323856781,22.841019700773479,-0.060860656898956207,0.0059368408515067771,-0.28183631789022517,0,0,2.4851216750619104E-05,0,0,0,0.55774510897968987,-0.83001228509536773,0,-0.089248017377172972,0,0,0,1,0.067234656356337408,0.045179814094400736,0.089833637401974323,-4.27609336830229E-11,0,-74.144517341259487,26.56065677313692,0.00016003552950676859,0,0.00039730083138746387,-31.846110905431331,-4.5379842694552783,-0.028817852123766502
195,turning,-6.4869661331176758,-0.67899200515351255,-0.002214204543405695,-0.00054770077958232733,1,-9.3349659870123322E-05,0.0077941087549301645,-0.048943971568361715,-0.00024995319095998808,0.0022744303420183043,-0.14691217086463298,0.16855382280088393,0,-0.98450359279660926,-0.0032904381616987153,0.031210284661744761,-9.0815713041461979E-05,0.062282038897803961,-118.22115414961002,-1.5858276635931816,-0.039246121811737936,1.12536340087075,0,0,-0.00011365771339349627,-0.833449734730283,0,0.0476840955620338,-0.95817269604946909,-0.0065979244639497153,0,0,0.00013460008017816225,-0.13808900055033529,24.813261301559479,-0.066336729329406471,0.00515385476657324,-0.28768993453968472,0,0,2.4412992939157135E-05,0,0,0,0.53213763041738371,-0.84665786613824845,0,-0.092622348094127338,0,0,0,0.99999999999999978,0.0566615684470634,0.035612676589990233,0.093037184707118845,-1.2630955309373378E-11,0,-78.329085274819946,27.123321375915683,0.00016350721516883912,0,0.00038950445154350256,-31.838922729203656,-4.5571175026799118,-0.028797480356388058
196,turning,-6.4640579223632813,-0.699592798588521,-0.0028442945552510628,-0.00051472835885663093,1,-8.6289454993143653E-05,0.0078137805989396073,-0.048300428240016777,-0.00024172935818774638,0.0028715708108691118,-0.15250494965326097,0.16589904801809285,0,-0.98493764695144215,-0.0027161985947262495,0.029245197057459864,-8.7074604930663152E-05,0.07496463179558123,-124.6603588276585,-1.6534018791581859,-0.03882180149037176,1.1464538836626679,0,0,-0.0001092520900556216,-1.2357422911968421,0,0.047168801749370388,-1.1168553900460161,-0.0057506133998314812,0,0,0.00015916415341114327,-0.13455936000347182,26.617732391049824,-0.07094933108024544,0.00449351511308573,-0.29239556236888986,0,0,2.3984753076050066E-05,0,0,0,0.5126424071738851,-0.85860221428025929,0,-0.095086345065846692,0,0,0,1,0.048136645572959533,0.028740766619713445,0.095385217457241211,-2.2540563165825969E-11,0,-81.552018701979165,27.526056445295382,0.00016619002159244087,0,0.000382121604412684,-31.834908436627117,-4.5515304516452426,-0.028690689571085042
197,turning,-6.4119524955749512,-0.72310556608750121,-0.0034903684442340287,-0.00047880211751158419,1,-7.8635848496655378E-05,0.0077512459416260865,-0.047490146730771753,-0.00023297333903069678,0.0034804952167139945,-0.15901924190810762,0.16266250878084029,0,-0.98545598863309192,-0.0021436512212008969,0.027276733736682629,-8.29362443756093E-05,0.089041041666752363,-132.06453340913237,-1.7322519193694288,-0.03826336969545447,1.1686263382104385,0,0,-0.00010412457425671025,-1.8060440368451223,0,0.046490577858130537,-1.2963981318477664,-0.0048335958119625324,0,0,0.00018629161811768862,-0.12946972449386612,28.787435452472739,-0.076111624684894449,0.003778817958010528,-0.29740916514212468,0,0,2.3459577330970554E-05,0,0,0,0.49303106295578425,-0.87001170736990074,0,-0.097425375561510777,0,0,0,1,0.039232745124047341,0.022232990507285673,0.09762349144680843,-9.0205620750203019E-12,0,-84.781841634339585,27.909438973029996,0.00016890066694312658,0,0.00037337579390338412,-31.832857559649717,-4.52414483757179,-0.02847826459836094
198,turning,-6.3109245300292969,-0.75037396221047192,-0.0041288157194550555,-0.00043976274762408396,1,-7.0367443168184427E-05,0.0075921297491820042,-0.04649023102845725,-0.00022347474608678392,0.0040773343468846141,-0.16674165291150256,0.15864271068511468,0,-0.98608322214956878,-0.0015836509651275506,0.025301183423465056,-7.8360027007576434E-05,0.10446292657910411,-140.70012126346094,-1.8256771453496863,-0.037547849013125655,1.1915603381856352,0,0,-9.8174281023517959E-05,-2.596510126085279,0,0.045621501050005009,-1.4955288273752541,-0.0038589125788609535,0,0,0.00021512602088077281,-0.12230826241650397,31.455921771334655,-0.082018774527490082,0.0030191376165821728,-0.302851831150937,0,0,2.2818696520605675E-05,0,0,0,0.4733196671848432,-0.88089073820538566,0,-0.0995616949110434,0,0,0,1,0.030070790906096306,0.016157618790106944,0.09967771626080664,-1.8127860323838876E-11,0,-87.942479374065542,28.273347503485748,0.00017158065150326926,0,0.00036319168961973562,-31.833877105227685,-4.4686815266087452,-0.028124822390335348
199,turning,-6.1292886734008789,-0.78257455382532815,-0.0047145901375793883,-0.00039764967655966932,1,-6.1508722920544643E-05,0.0073171844014455409,-0.045272685789530094,-0.00021296566289539381,0.0046173355935965358,-0.1760468865450682,0.15355423957271142,0,-0.98685097674429867,-0.001054564920143592,0.023324588165696686,-7.3309561319189642E-05,0.12089496721446276,-150.89183928139477,-1.9378413983717497,-0.036644989448220811,1.214352608547455,0,0,-9.1313390626054491E-05,-3.6642116516931824,0,0.044524805995256385,-1.7065300191022421,-0.0028564614664303525,0,0,0.00024339915250355182,-0.11234864607026888,34.815560336200122,-0.088925214094224145,0.0022377595621343809,-0.3089452528428594,0,0,2.2041938412781714E-05,0,0,0,0.45367945213710359,-0.891164942481793,0,-0.10134920655806508,0,0,0,1,0.02091280353151586,0.010646412124793437,0.10140501870392182,-6.2634359504077258E-11,0,-90.885782698087581,28.615212908192163,0.00017408919496518342,0,0.0003515865339993361,-31.839736280803905,-4.37585541394327,-0.027581028380963209
