point,branch,stabilator_deg,V_ft_s,alpha_deg,beta_deg,p_rad_s,q_rad_s,r_rad_s,theta_deg,phi_deg,mode,real_per_s,imag_rad_s,natural_frequency_rad_s,damping_ratio,lateral_fraction,mode_classification,equilibrium_classification,unstable_count,source_classification,agreement,fd_step_spread,fd_scaled_difference,zero_band,print_spread,tracking_ambiguity
1,symmetric,-9.9227237701416016,338.4,13.432950973510742,0,0,0,0,15.377971649169922,0,A+,0.72514789775439437,0.96866728496810561,1.2100230504354448,-0.59928436693287712,0.000000,UNSTABLE,UNSTABLE,2,STABLE (Table VII caption),DISAGREE,5.537E-006,4.103E-006,3.836E-005,2.762E-003,0.0480
1,symmetric,-9.9227237701416016,338.4,13.432950973510742,0,0,0,0,15.377971649169922,0,A-,0.72514789775439437,-0.96866728496810561,1.2100230504354448,-0.59928436693287712,0.000000,UNSTABLE,UNSTABLE,2,STABLE (Table VII caption),DISAGREE,5.537E-006,4.103E-006,3.836E-005,2.762E-003,0.0480
1,symmetric,-9.9227237701416016,338.4,13.432950973510742,0,0,0,0,15.377971649169922,0,B+,-0.038238576545976108,0.15393012924422006,0.15860855407387323,0.24108773180143978,0.000000,STABLE,UNSTABLE,2,STABLE (Table VII caption),DISAGREE,2.807E-006,7.092E-007,1.169E-005,6.021E-005,0.0068
1,symmetric,-9.9227237701416016,338.4,13.432950973510742,0,0,0,0,15.377971649169922,0,B-,-0.038238576545976108,-0.15393012924422006,0.15860855407387323,0.24108773180143978,0.000000,STABLE,UNSTABLE,2,STABLE (Table VII caption),DISAGREE,2.807E-006,7.092E-007,1.169E-005,6.021E-005,0.0068
1,symmetric,-9.9227237701416016,338.4,13.432950973510742,0,0,0,0,15.377971649169922,0,C+,-0.19023153346059252,4.0124532006874265,4.0169601347324253,0.047357087718089608,1.000000,STABLE,UNSTABLE,2,STABLE (Table VII caption),DISAGREE,3.699E-005,5.642E-006,9.538E-006,8.281E-004,0.0056
1,symmetric,-9.9227237701416016,338.4,13.432950973510742,0,0,0,0,15.377971649169922,0,C-,-0.19023153346059252,-4.0124532006874265,4.0169601347324253,0.047357087718089608,1.000000,STABLE,UNSTABLE,2,STABLE (Table VII caption),DISAGREE,3.699E-005,5.642E-006,9.538E-006,8.281E-004,0.0056
1,symmetric,-9.9227237701416016,338.4,13.432950973510742,0,0,0,0,15.377971649169922,0,D,-0.43771421421089479,0,0.43771421421089479,,1.000000,STABLE,UNSTABLE,2,STABLE (Table VII caption),DISAGREE,1.043E-006,1.666E-007,1.043E-005,2.974E-004,0.0177
1,symmetric,-9.9227237701416016,338.4,13.432950973510742,0,0,0,0,15.377971649169922,0,E,-0.072786324228364965,0,0.072786324228364965,,1.000000,STABLE,UNSTABLE,2,STABLE (Table VII caption),DISAGREE,1.961E-006,2.935E-007,1.961E-005,1.664E-004,0.0229
2,symmetric,-10.045441627502441,337.3,13.530109405517578,0,0,0,0,15.37235736846924,0,A+,0.67727806148108338,1.0161051133979808,1.2211368367374305,-0.55462913009044879,0.000000,UNSTABLE,UNSTABLE,2,STABLE (Table VII caption),DISAGREE,6.770E-006,6.926E-006,4.753E-005,3.395E-003,0.0604
2,symmetric,-10.045441627502441,337.3,13.530109405517578,0,0,0,0,15.37235736846924,0,A-,0.67727806148108338,-1.0161051133979808,1.2211368367374305,-0.55462913009044879,0.000000,UNSTABLE,UNSTABLE,2,STABLE (Table VII caption),DISAGREE,6.770E-006,6.926E-006,4.753E-005,3.395E-003,0.0604
2,symmetric,-10.045441627502441,337.3,13.530109405517578,0,0,0,0,15.37235736846924,0,B+,-0.036938796115556519,0.15306920323416756,0.15746318819714514,0.23458686781642488,0.000000,STABLE,UNSTABLE,2,STABLE (Table VII caption),DISAGREE,3.165E-006,7.599E-007,1.243E-005,8.282E-005,0.0099
2,symmetric,-10.045441627502441,337.3,13.530109405517578,0,0,0,0,15.37235736846924,0,B-,-0.036938796115556519,-0.15306920323416756,0.15746318819714514,0.23458686781642488,0.000000,STABLE,UNSTABLE,2,STABLE (Table VII caption),DISAGREE,3.165E-006,7.599E-007,1.243E-005,8.282E-005,0.0099
2,symmetric,-10.045441627502441,337.3,13.530109405517578,0,0,0,0,15.37235736846924,0,C+,-0.18623283417112732,3.9945892613618339,3.9989281108205348,0.046570688196971473,1.000000,STABLE,UNSTABLE,2,STABLE (Table VII caption),DISAGREE,3.718E-005,5.605E-006,9.076E-006,8.366E-004,0.0058
2,symmetric,-10.045441627502441,337.3,13.530109405517578,0,0,0,0,15.37235736846924,0,C-,-0.18623283417112732,-3.9945892613618339,3.9989281108205348,0.046570688196971473,1.000000,STABLE,UNSTABLE,2,STABLE (Table VII caption),DISAGREE,3.718E-005,5.605E-006,9.076E-006,8.366E-004,0.0058
2,symmetric,-10.045441627502441,337.3,13.530109405517578,0,0,0,0,15.37235736846924,0,D,-0.43129085616614687,0,0.43129085616614687,,1.000000,STABLE,UNSTABLE,2,STABLE (Table VII caption),DISAGREE,1.044E-006,1.408E-007,1.044E-005,2.869E-004,0.0176
2,symmetric,-10.045441627502441,337.3,13.530109405517578,0,0,0,0,15.37235736846924,0,E,-0.076492933354880749,0,0.076492933354880749,,1.000000,STABLE,UNSTABLE,2,STABLE (Table VII caption),DISAGREE,1.974E-006,3.114E-007,1.974E-005,1.707E-004,0.0235
3,symmetric,-10.169815063476563,336.2,13.628369331359863,0,0,0,0,15.365870475769041,0,A+,0.61674280024363926,1.0704588502299317,1.2354164608292837,-0.4992185386858497,0.000000,UNSTABLE,UNSTABLE,2,STABLE (Table VII caption),DISAGREE,4.870E-006,2.253E-006,2.279E-005,4.031E-003,0.0726
3,symmetric,-10.169815063476563,336.2,13.628369331359863,0,0,0,0,15.365870475769041,0,A-,0.61674280024363926,-1.0704588502299317,1.2354164608292837,-0.4992185386858497,0.000000,UNSTABLE,UNSTABLE,2,STABLE (Table VII caption),DISAGREE,4.870E-006,2.253E-006,2.279E-005,4.031E-003,0.0726
3,symmetric,-10.169815063476563,336.2,13.628369331359863,0,0,0,0,15.365870475769041,0,B+,-0.03523222839886847,0.15190534629755148,0.15593762904356687,0.225937951057503,0.000000,STABLE,UNSTABLE,2,STABLE (Table VII caption),DISAGREE,2.787E-006,1.160E-007,9.671E-006,1.064E-004,0.0131
3,symmetric,-10.169815063476563,336.2,13.628369331359863,0,0,0,0,15.365870475769041,0,B-,-0.03523222839886847,-0.15190534629755148,0.15593762904356687,0.225937951057503,0.000000,STABLE,UNSTABLE,2,STABLE (Table VII caption),DISAGREE,2.787E-006,1.160E-007,9.671E-006,1.064E-004,0.0131
3,symmetric,-10.169815063476563,336.2,13.628369331359863,0,0,0,0,15.365870475769041,0,C+,-0.18221424574888589,3.97653402977196,3.9807065856815242,0.045774347299121408,1.000000,STABLE,UNSTABLE,2,STABLE (Table VII caption),DISAGREE,3.717E-005,5.606E-006,8.984E-006,8.453E-004,0.0060
3,symmetric,-10.169815063476563,336.2,13.628369331359863,0,0,0,0,15.365870475769041,0,C-,-0.18221424574888589,-3.97653402977196,3.9807065856815242,0.045774347299121408,1.000000,STABLE,UNSTABLE,2,STABLE (Table VII caption),DISAGREE,3.717E-005,5.606E-006,8.984E-006,8.453E-004,0.0060
3,symmetric,-10.169815063476563,336.2,13.628369331359863,0,0,0,0,15.365870475769041,0,D,-0.4251071619945232,0,0.4251071619945232,,1.000000,STABLE,UNSTABLE,2,STABLE (Table VII caption),DISAGREE,1.010E-006,1.520E-007,1.010E-005,2.756E-004,0.0174
3,symmetric,-10.169815063476563,336.2,13.628369331359863,0,0,0,0,15.365870475769041,0,E,-0.08028952370998621,0,0.08028952370998621,,1.000000,STABLE,UNSTABLE,2,STABLE (Table VII caption),DISAGREE,2.003E-006,3.118E-007,2.003E-005,1.746E-004,0.0240
4,symmetric,-10.295862197875977,335.1,13.727749824523926,0,0,0,0,15.358488082885742,0,A+,0.54221012010182235,1.1300074856253988,1.2533589796663478,-0.4326056053359606,0.000000,UNSTABLE,UNSTABLE,2,STABLE (Table VII caption),DISAGREE,7.299E-006,2.164E-006,3.706E-005,4.673E-003,0.0847
4,symmetric,-10.295862197875977,335.1,13.727749824523926,0,0,0,0,15.358488082885742,0,A-,0.54221012010182235,-1.1300074856253988,1.2533589796663478,-0.4326056053359606,0.000000,UNSTABLE,UNSTABLE,2,STABLE (Table VII caption),DISAGREE,7.299E-006,2.164E-006,3.706E-005,4.673E-003,0.0847
4,symmetric,-10.295862197875977,335.1,13.727749824523926,0,0,0,0,15.358488082885742,0,B+,-0.033133867521264793,0.15038849407755203,0.15399529969395376,0.21516155095067302,0.000000,STABLE,UNSTABLE,2,STABLE (Table VII caption),DISAGREE,3.264E-006,8.226E-008,1.074E-005,1.303E-004,0.0163
4,symmetric,-10.295862197875977,335.1,13.727749824523926,0,0,0,0,15.358488082885742,0,B-,-0.033133867521264793,-0.15038849407755203,0.15399529969395376,0.21516155095067302,0.000000,STABLE,UNSTABLE,2,STABLE (Table VII caption),DISAGREE,3.264E-006,8.226E-008,1.074E-005,1.303E-004,0.0163
4,symmetric,-10.295862197875977,335.1,13.727749824523926,0,0,0,0,15.358488082885742,0,C+,-0.17818785633290013,3.9582819282856176,3.9622905920612412,0.044970920782517423,1.000000,STABLE,UNSTABLE,2,STABLE (Table VII caption),DISAGREE,3.732E-005,5.556E-006,8.685E-006,8.542E-004,0.0062
4,symmetric,-10.295862197875977,335.1,13.727749824523926,0,0,0,0,15.358488082885742,0,C-,-0.17818785633290013,-3.9582819282856176,3.9622905920612412,0.044970920782517423,1.000000,STABLE,UNSTABLE,2,STABLE (Table VII caption),DISAGREE,3.732E-005,5.556E-006,8.685E-006,8.542E-004,0.0062
4,symmetric,-10.295862197875977,335.1,13.727749824523926,0,0,0,0,15.358488082885742,0,D,-0.419182592911161,0,0.419182592911161,,1.000000,STABLE,UNSTABLE,2,STABLE (Table VII caption),DISAGREE,9.932E-007,1.449E-007,9.932E-006,2.634E-004,0.0172
4,symmetric,-10.295862197875977,335.1,13.727749824523926,0,0,0,0,15.358488082885742,0,E,-0.084168737679369984,0,0.084168737679369984,,1.000000,STABLE,UNSTABLE,2,STABLE (Table VII caption),DISAGREE,2.034E-006,3.075E-007,2.034E-005,1.781E-004,0.0245
5,symmetric,-10.411916732788086,334.1,13.819079399108887,0,0,0,0,15.350980758666992,0,A+,0.461085426036408,1.1868683426447979,1.2732856053830128,-0.36212254665182553,0.000000,UNSTABLE,UNSTABLE,2,STABLE (Table VII caption),DISAGREE,4.532E-006,2.520E-006,2.483E-005,5.266E-003,0.0872
5,symmetric,-10.411916732788086,334.1,13.819079399108887,0,0,0,0,15.350980758666992,0,A-,0.461085426036408,-1.1868683426447979,1.2732856053830128,-0.36212254665182553,0.000000,UNSTABLE,UNSTABLE,2,STABLE (Table VII caption),DISAGREE,4.532E-006,2.520E-006,2.483E-005,5.266E-003,0.0872
5,symmetric,-10.411916732788086,334.1,13.819079399108887,0,0,0,0,15.350980758666992,0,B+,-0.030918059160595607,0.14866351442840064,0.15184454848449902,0.20361652406475339,0.000000,STABLE,UNSTABLE,2,STABLE (Table VII caption),DISAGREE,2.767E-006,4.275E-007,7.252E-006,1.517E-004,0.0177
5,symmetric,-10.411916732788086,334.1,13.819079399108887,0,0,0,0,15.350980758666992,0,B-,-0.030918059160595607,-0.14866351442840064,0.15184454848449902,0.20361652406475339,0.000000,STABLE,UNSTABLE,2,STABLE (Table VII caption),DISAGREE,2.767E-006,4.275E-007,7.252E-006,1.517E-004,0.0177
5,symmetric,-10.411916732788086,334.1,13.819079399108887,0,0,0,0,15.350980758666992,0,C+,-0.17453214955398758,3.9415138899980997,3.9453761818457678,0.044237137730257219,1.000000,STABLE,UNSTABLE,2,STABLE (Table VII caption),DISAGREE,3.736E-005,5.749E-006,8.379E-006,8.624E-004,0.0059
5,symmetric,-10.411916732788086,334.1,13.819079399108887,0,0,0,0,15.350980758666992,0,C-,-0.17453214955398758,-3.9415138899980997,3.9453761818457678,0.044237137730257219,1.000000,STABLE,UNSTABLE,2,STABLE (Table VII caption),DISAGREE,3.736E-005,5.749E-006,8.379E-006,8.624E-004,0.0059
5,symmetric,-10.411916732788086,334.1,13.819079399108887,0,0,0,0,15.350980758666992,0,D,-0.41403961923849575,0,0.41403961923849575,,1.000000,STABLE,UNSTABLE,2,STABLE (Table VII caption),DISAGREE,9.824E-007,1.466E-007,9.824E-006,2.514E-004,0.0154
5,symmetric,-10.411916732788086,334.1,13.819079399108887,0,0,0,0,15.350980758666992,0,E,-0.087759091473929282,0,0.087759091473929282,,1.000000,STABLE,UNSTABLE,2,STABLE (Table VII caption),DISAGREE,2.056E-006,3.067E-007,2.056E-005,1.809E-004,0.0226
6,symmetric,-10.541207313537598,333,13.920639038085938,0,0,0,0,15.341827392578127,0,A+,0.35571710826331948,1.2500821309877579,1.2997076576392523,-0.27369009190069155,0.000000,UNSTABLE,UNSTABLE,2,STABLE (Table VII caption),DISAGREE,4.280E-006,4.519E-006,3.667E-005,5.942E-003,0.1070
6,symmetric,-10.541207313537598,333,13.920639038085938,0,0,0,0,15.341827392578127,0,A-,0.35571710826331948,-1.2500821309877579,1.2997076576392523,-0.27369009190069155,0.000000,UNSTABLE,UNSTABLE,2,STABLE (Table VII caption),DISAGREE,4.280E-006,4.519E-006,3.667E-005,5.942E-003,0.1070
6,symmetric,-10.541207313537598,333,13.920639038085938,0,0,0,0,15.341827392578127,0,B+,-0.0281963042753419,0.14634518332553126,0.1490367211708947,0.1891903153385284,0.000000,STABLE,UNSTABLE,2,STABLE (Table VII caption),DISAGREE,2.656E-006,5.579E-007,5.313E-006,1.743E-004,0.0225
6,symmetric,-10.541207313537598,333,13.920639038085938,0,0,0,0,15.341827392578127,0,B-,-0.0281963042753419,-0.14634518332553126,0.1490367211708947,0.1891903153385284,0.000000,STABLE,UNSTABLE,2,STABLE (Table VII caption),DISAGREE,2.656E-006,5.579E-007,5.313E-006,1.743E-004,0.0225
6,symmetric,-10.541207313537598,333,13.920639038085938,0,0,0,0,15.341827392578127,0,C+,-0.1705299960442419,3.9228708542760851,3.9265756351915129,0.04342969851793637,1.000000,STABLE,UNSTABLE,2,STABLE (Table VII caption),DISAGREE,3.753E-005,5.617E-006,8.434E-006,8.714E-004,0.0067
6,symmetric,-10.541207313537598,333,13.920639038085938,0,0,0,0,15.341827392578127,0,C-,-0.1705299960442419,-3.9228708542760851,3.9265756351915129,0.04342969851793637,1.000000,STABLE,UNSTABLE,2,STABLE (Table VII caption),DISAGREE,3.753E-005,5.617E-006,8.434E-006,8.714E-004,0.0067
6,symmetric,-10.541207313537598,333,13.920639038085938,0,0,0,0,15.341827392578127,0,D,-0.40867138395402736,0,0.40867138395402736,,1.000000,STABLE,UNSTABLE,2,STABLE (Table VII caption),DISAGREE,9.414E-007,1.562E-007,9.414E-006,2.371E-004,0.0165
6,symmetric,-10.541207313537598,333,13.920639038085938,0,0,0,0,15.341827392578127,0,E,-0.091768008096210135,0,0.091768008096210135,,1.000000,STABLE,UNSTABLE,2,STABLE (Table VII caption),DISAGREE,2.089E-006,2.970E-007,2.089E-005,1.835E-004,0.0252
7,symmetric,-10.660237312316895,332,14.013978958129883,0,0,0,0,15.332670211791992,0,A+,0.24389872217703532,1.3056789357075933,1.3282635543558756,-0.18362223474189268,0.000000,UNSTABLE,UNSTABLE,2,STABLE (Table VII caption),DISAGREE,5.468E-006,7.477E-007,3.870E-005,6.588E-003,0.1069
7,symmetric,-10.660237312316895,332,14.013978958129883,0,0,0,0,15.332670211791992,0,A-,0.24389872217703532,-1.3056789357075933,1.3282635543558756,-0.18362223474189268,0.000000,UNSTABLE,UNSTABLE,2,STABLE (Table VII caption),DISAGREE,5.468E-006,7.477E-007,3.870E-005,6.588E-003,0.1069
7,symmetric,-10.660237312316895,332,14.013978958129883,0,0,0,0,15.332670211791992,0,B+,-0.025528910080017654,0.143832522588836,0.14608052506799682,0.17475916155240123,0.000000,STABLE,UNSTABLE,2,STABLE (Table VII caption),DISAGREE,2.913E-006,1.252E-007,4.751E-006,1.929E-004,0.0230
7,symmetric,-10.660237312316895,332,14.013978958129883,0,0,0,0,15.332670211791992,0,B-,-0.025528910080017654,-0.143832522588836,0.14608052506799682,0.17475916155240123,0.000000,STABLE,UNSTABLE,2,STABLE (Table VII caption),DISAGREE,2.913E-006,1.252E-007,4.751E-006,1.929E-004,0.0230
7,symmetric,-10.660237312316895,332,14.013978958129883,0,0,0,0,15.332670211791992,0,C+,-0.16692269885124111,3.9057379146535709,3.9093032429518955,0.042698836206218324,1.000000,STABLE,UNSTABLE,2,STABLE (Table VII caption),DISAGREE,3.764E-005,5.639E-006,7.933E-006,8.798E-004,0.0064
7,symmetric,-10.660237312316895,332,14.013978958129883,0,0,0,0,15.332670211791992,0,C-,-0.16692269885124111,-3.9057379146535709,3.9093032429518955,0.042698836206218324,1.000000,STABLE,UNSTABLE,2,STABLE (Table VII caption),DISAGREE,3.764E-005,5.639E-006,7.933E-006,8.798E-004,0.0064
7,symmetric,-10.660237312316895,332,14.013978958129883,0,0,0,0,15.332670211791992,0,D,-0.4040747014598351,0,0.4040747014598351,,1.000000,STABLE,UNSTABLE,2,STABLE (Table VII caption),DISAGREE,9.550E-007,1.418E-007,9.550E-006,2.231E-004,0.0145
7,symmetric,-10.660237312316895,332,14.013978958129883,0,0,0,0,15.332670211791992,0,E,-0.095455491912213877,0,0.095455491912213877,,1.000000,STABLE,UNSTABLE,2,STABLE (Table VII caption),DISAGREE,2.105E-006,2.992E-007,2.105E-005,1.852E-004,0.0231
8,symmetric,-10.780705451965332,331,14.108295440673828,0,0,0,0,15.322702407836914,0,A+,0.11540565619461118,1.3566137066171975,1.361513574836241,-0.0847627657392192,0.000000,UNSTABLE,UNSTABLE,2,STABLE (Table VII caption),DISAGREE,4.985E-006,1.299E-006,2.754E-005,7.285E-003,0.1159
8,symmetric,-10.780705451965332,331,14.108295440673828,0,0,0,0,15.322702407836914,0,A-,0.11540565619461118,-1.3566137066171975,1.361513574836241,-0.0847627657392192,0.000000,UNSTABLE,UNSTABLE,2,STABLE (Table VII caption),DISAGREE,4.985E-006,1.299E-006,2.754E-005,7.285E-003,0.1159
8,symmetric,-10.780705451965332,331,14.108295440673828,0,0,0,0,15.322702407836914,0,B+,-0.022751469884041933,0.14092987831532353,0.14275454452960987,0.159374750268093,0.000000,STABLE,UNSTABLE,2,STABLE (Table VII caption),DISAGREE,2.804E-006,1.111E-007,2.861E-006,2.092E-004,0.0251
8,symmetric,-10.780705451965332,331,14.108295440673828,0,0,0,0,15.322702407836914,0,B-,-0.022751469884041933,-0.14092987831532353,0.14275454452960987,0.159374750268093,0.000000,STABLE,UNSTABLE,2,STABLE (Table VII caption),DISAGREE,2.804E-006,1.111E-007,2.861E-006,2.092E-004,0.0251
8,symmetric,-10.780705451965332,331,14.108295440673828,0,0,0,0,15.322702407836914,0,C+,-0.1633592901145485,3.8884242681685173,3.8918542556150015,0.041974667956504452,1.000000,STABLE,UNSTABLE,2,STABLE (Table VII caption),DISAGREE,3.775E-005,5.634E-006,7.963E-006,8.884E-004,0.0067
8,symmetric,-10.780705451965332,331,14.108295440673828,0,0,0,0,15.322702407836914,0,C-,-0.1633592901145485,-3.8884242681685173,3.8918542556150015,0.041974667956504452,1.000000,STABLE,UNSTABLE,2,STABLE (Table VII caption),DISAGREE,3.775E-005,5.634E-006,7.963E-006,8.884E-004,0.0067
8,symmetric,-10.780705451965332,331,14.108295440673828,0,0,0,0,15.322702407836914,0,D,-0.39976961642806064,0,0.39976961642806064,,1.000000,STABLE,UNSTABLE,2,STABLE (Table VII caption),DISAGREE,9.200E-007,1.397E-007,9.200E-006,2.080E-004,0.0139
8,symmetric,-10.780705451965332,331,14.108295440673828,0,0,0,0,15.322702407836914,0,E,-0.099171354635064324,0,0.099171354635064324,,1.000000,STABLE,UNSTABLE,2,STABLE (Table VII caption),DISAGREE,2.125E-006,3.085E-007,2.125E-005,1.863E-004,0.0232
9,symmetric,-10.902619361877441,330,14.203598976135254,0,0,0,0,15.311903953552246,0,A+,-0.031235863737071885,1.3994086723769914,1.3997572330612673,0.022315200807185038,0.000000,STABLE,STABLE,0,STABLE (Table VII caption),AGREE,4.211E-006,4.387E-006,4.108E-005,8.052E-003,0.1249
9,symmetric,-10.902619361877441,330,14.203598976135254,0,0,0,0,15.311903953552246,0,A-,-0.031235863737071885,-1.3994086723769914,1.3997572330612673,0.022315200807185038,0.000000,STABLE,STABLE,0,STABLE (Table VII caption),AGREE,4.211E-006,4.387E-006,4.108E-005,8.052E-003,0.1249
9,symmetric,-10.902619361877441,330,14.203598976135254,0,0,0,0,15.311903953552246,0,B+,-0.019939617082833049,0.13765210240964648,0.13908878325445878,0.14335891519270907,0.000000,STABLE,STABLE,0,STABLE (Table VII caption),AGREE,2.627E-006,2.813E-007,1.048E-006,2.228E-004,0.0269
9,symmetric,-10.902619361877441,330,14.203598976135254,0,0,0,0,15.311903953552246,0,B-,-0.019939617082833049,-0.13765210240964648,0.13908878325445878,0.14335891519270907,0.000000,STABLE,STABLE,0,STABLE (Table VII caption),AGREE,2.627E-006,2.813E-007,1.048E-006,2.228E-004,0.0269
9,symmetric,-10.902619361877441,330,14.203598976135254,0,0,0,0,15.311903953552246,0,C+,-0.15985521264207764,3.8709252835604655,3.8742245985379467,0.041261214618895287,1.000000,STABLE,STABLE,0,STABLE (Table VII caption),AGREE,3.778E-005,5.692E-006,7.422E-006,8.968E-004,0.0070
9,symmetric,-10.902619361877441,330,14.203598976135254,0,0,0,0,15.311903953552246,0,C-,-0.15985521264207764,-3.8709252835604655,3.8742245985379467,0.041261214618895287,1.000000,STABLE,STABLE,0,STABLE (Table VII caption),AGREE,3.778E-005,5.692E-006,7.422E-006,8.968E-004,0.0070
9,symmetric,-10.902619361877441,330,14.203598976135254,0,0,0,0,15.311903953552246,0,D,-0.395778856243088,0,0.395778856243088,,1.000000,STABLE,STABLE,0,STABLE (Table VII caption),AGREE,9.378E-007,1.330E-007,9.378E-006,1.917E-004,0.0133
9,symmetric,-10.902619361877441,330,14.203598976135254,0,0,0,0,15.311903953552246,0,E,-0.10290141062124544,0,0.10290141062124544,,1.000000,STABLE,STABLE,0,STABLE (Table VII caption),AGREE,2.126E-006,3.255E-007,2.126E-005,1.866E-004,0.0233
10,symmetric,-11.025996208190918,329,14.299906730651855,0,0,0,0,15.300257682800293,0,A+,-0.1976318133832915,1.4296219354119626,1.4432176592157586,0.136938328131797,0.000000,STABLE,STABLE,0,STABLE (Table VII caption),AGREE,6.575E-006,2.428E-006,6.409E-005,8.934E-003,0.1340
10,symmetric,-11.025996208190918,329,14.299906730651855,0,0,0,0,15.300257682800293,0,A-,-0.1976318133832915,-1.4296219354119626,1.4432176592157586,0.136938328131797,0.000000,STABLE,STABLE,0,STABLE (Table VII caption),AGREE,6.575E-006,2.428E-006,6.409E-005,8.934E-003,0.1340
10,symmetric,-11.025996208190918,329,14.299906730651855,0,0,0,0,15.300257682800293,0,B+,-0.017165499217939993,0.1340326989243863,0.13512741670126119,0.12703194982176982,0.000000,STABLE,STABLE,0,STABLE (Table VII caption),AGREE,2.599E-006,1.629E-007,1.000E-006,2.332E-004,0.0284
10,symmetric,-11.025996208190918,329,14.299906730651855,0,0,0,0,15.300257682800293,0,B-,-0.017165499217939993,-0.1340326989243863,0.13512741670126119,0.12703194982176982,0.000000,STABLE,STABLE,0,STABLE (Table VII caption),AGREE,2.599E-006,1.629E-007,1.000E-006,2.332E-004,0.0284
10,symmetric,-11.025996208190918,329,14.299906730651855,0,0,0,0,15.300257682800293,0,C+,-0.15642712694487762,3.8532357310943928,3.8564096055044215,0.040562892157929069,1.000000,STABLE,STABLE,0,STABLE (Table VII caption),AGREE,3.788E-005,5.677E-006,7.167E-006,9.056E-004,0.0073
10,symmetric,-11.025996208190918,329,14.299906730651855,0,0,0,0,15.300257682800293,0,C-,-0.15642712694487762,-3.8532357310943928,3.8564096055044215,0.040562892157929069,1.000000,STABLE,STABLE,0,STABLE (Table VII caption),AGREE,3.788E-005,5.677E-006,7.167E-006,9.056E-004,0.0073
10,symmetric,-11.025996208190918,329,14.299906730651855,0,0,0,0,15.300257682800293,0,D,-0.39212647280742263,0,0.39212647280742263,,1.000000,STABLE,STABLE,0,STABLE (Table VII caption),AGREE,9.262E-007,1.254E-007,9.262E-006,1.742E-004,0.0125
10,symmetric,-11.025996208190918,329,14.299906730651855,0,0,0,0,15.300257682800293,0,E,-0.10662974233910479,0,0.10662974233910479,,1.000000,STABLE,STABLE,0,STABLE (Table VII caption),AGREE,2.124E-006,3.293E-007,2.124E-005,1.861E-004,0.0232
11,symmetric,-11.150844573974609,328,14.397228240966797,0,0,0,0,15.28774356842041,0,A+,-0.38553415926550594,1.4413506514445638,1.4920215442078002,0.25839717982772703,0.000000,STABLE,STABLE,0,STABLE (Table VII caption),AGREE,9.607E-006,3.188E-006,9.587E-005,9.991E-003,0.1439
11,symmetric,-11.150844573974609,328,14.397228240966797,0,0,0,0,15.28774356842041,0,A-,-0.38553415926550594,-1.4413506514445638,1.4920215442078002,0.25839717982772703,0.000000,STABLE,STABLE,0,STABLE (Table VII caption),AGREE,9.607E-006,3.188E-006,9.587E-005,9.991E-003,0.1439
11,symmetric,-11.150844573974609,328,14.397228240966797,0,0,0,0,15.28774356842041,0,B+,-0.014491604660838972,0.13012219780463302,0.13092667019043175,0.11068489437454611,0.000000,STABLE,STABLE,0,STABLE (Table VII caption),AGREE,2.566E-006,1.061E-007,1.952E-006,2.403E-004,0.0294
11,symmetric,-11.150844573974609,328,14.397228240966797,0,0,0,0,15.28774356842041,0,B-,-0.014491604660838972,-0.13012219780463302,0.13092667019043175,0.11068489437454611,0.000000,STABLE,STABLE,0,STABLE (Table VII caption),AGREE,2.566E-006,1.061E-007,1.952E-006,2.403E-004,0.0294
11,symmetric,-11.150844573974609,328,14.397228240966797,0,0,0,0,15.28774356842041,0,C+,-0.15309364187858271,3.83535086341314,3.838405125656692,0.039884701293063936,1.000000,STABLE,STABLE,0,STABLE (Table VII caption),AGREE,3.795E-005,5.719E-006,7.333E-006,9.143E-004,0.0075
11,symmetric,-11.150844573974609,328,14.397228240966797,0,0,0,0,15.28774356842041,0,C-,-0.15309364187858271,-3.83535086341314,3.838405125656692,0.039884701293063936,1.000000,STABLE,STABLE,0,STABLE (Table VII caption),AGREE,3.795E-005,5.719E-006,7.333E-006,9.143E-004,0.0075
11,symmetric,-11.150844573974609,328,14.397228240966797,0,0,0,0,15.28774356842041,0,D,-0.38883859654038366,0,0.38883859654038366,,1.000000,STABLE,STABLE,0,STABLE (Table VII caption),AGREE,8.910E-007,1.325E-007,8.910E-006,1.553E-004,0.0115
11,symmetric,-11.150844573974609,328,14.397228240966797,0,0,0,0,15.28774356842041,0,E,-0.11033800857946299,0,0.11033800857946299,,1.000000,STABLE,STABLE,0,STABLE (Table VII caption),AGREE,2.162E-006,3.180E-007,2.162E-005,1.847E-004,0.0230
12,symmetric,-11.277177810668945,327,14.495579719543457,0,0,0,0,15.274345397949221,0,A+,-0.59686862075869984,1.4263804306867078,1.5462254956804946,0.38601654314076467,0.000000,STABLE,STABLE,0,STABLE (Table VII caption),AGREE,4.137E-006,6.017E-007,3.176E-005,1.134E-002,0.1555
12,symmetric,-11.277177810668945,327,14.495579719543457,0,0,0,0,15.274345397949221,0,A-,-0.59686862075869984,-1.4263804306867078,1.5462254956804946,0.38601654314076467,0.000000,STABLE,STABLE,0,STABLE (Table VII caption),AGREE,4.137E-006,6.017E-007,3.176E-005,1.134E-002,0.1555
12,symmetric,-11.277177810668945,327,14.495579719543457,0,0,0,0,15.274345397949221,0,B+,-0.011965458242071878,0.12598114094624271,0.12654809388157467,0.094552654844958048,0.000000,STABLE,STABLE,0,STABLE (Table VII caption),AGREE,2.487E-006,1.763E-007,3.466E-006,2.445E-004,0.0300
12,symmetric,-11.277177810668945,327,14.495579719543457,0,0,0,0,15.274345397949221,0,B-,-0.011965458242071878,-0.12598114094624271,0.12654809388157467,0.094552654844958048,0.000000,STABLE,STABLE,0,STABLE (Table VII caption),AGREE,2.487E-006,1.763E-007,3.466E-006,2.445E-004,0.0300
12,symmetric,-11.277177810668945,327,14.495579719543457,0,0,0,0,15.274345397949221,0,C+,-0.14987490359194006,3.8172646676649094,3.820205757512229,0.039232154785699469,1.000000,STABLE,STABLE,0,STABLE (Table VII caption),AGREE,3.812E-005,5.755E-006,7.060E-006,9.233E-004,0.0076
12,symmetric,-11.277177810668945,327,14.495579719543457,0,0,0,0,15.274345397949221,0,C-,-0.14987490359194006,-3.8172646676649094,3.820205757512229,0.039232154785699469,1.000000,STABLE,STABLE,0,STABLE (Table VII caption),AGREE,3.812E-005,5.755E-006,7.060E-006,9.233E-004,0.0076
12,symmetric,-11.277177810668945,327,14.495579719543457,0,0,0,0,15.274345397949221,0,D,-0.38594260850268036,0,0.38594260850268036,,1.000000,STABLE,STABLE,0,STABLE (Table VII caption),AGREE,8.805E-007,1.237E-007,8.805E-006,1.351E-004,0.0104
12,symmetric,-11.277177810668945,327,14.495579719543457,0,0,0,0,15.274345397949221,0,E,-0.11400630621817434,0,0.11400630621817434,,1.000000,STABLE,STABLE,0,STABLE (Table VII caption),AGREE,2.153E-006,3.262E-007,2.153E-005,1.821E-004,0.0227
13,symmetric,-11.3921537399292,326.1,14.584983825683594,0,0,0,0,15.261515617370605,0,A+,-0.78639273802547438,1.3862845420387542,1.5937999780131762,0.4934074218057074,0.000000,STABLE,STABLE,0,STABLE (Table VII caption),AGREE,3.897E-006,2.290E-006,3.153E-005,1.018E-002,0.1359
13,symmetric,-11.3921537399292,326.1,14.584983825683594,0,0,0,0,15.261515617370605,0,A-,-0.78639273802547438,-1.3862845420387542,1.5937999780131762,0.4934074218057074,0.000000,STABLE,STABLE,0,STABLE (Table VII caption),AGREE,3.897E-006,2.290E-006,3.153E-005,1.018E-002,0.1359
13,symmetric,-11.3921537399292,326.1,14.584983825683594,0,0,0,0,15.261515617370605,0,B+,-0.01006928056182867,0.12254163250316726,0.12295463434768987,0.081894274382166524,0.000000,STABLE,STABLE,0,STABLE (Table VII caption),AGREE,2.381E-006,4.685E-008,4.673E-006,1.928E-004,0.0242
13,symmetric,-11.3921537399292,326.1,14.584983825683594,0,0,0,0,15.261515617370605,0,B-,-0.01006928056182867,-0.12254163250316726,0.12295463434768987,0.081894274382166524,0.000000,STABLE,STABLE,0,STABLE (Table VII caption),AGREE,2.381E-006,4.685E-008,4.673E-006,1.928E-004,0.0242
13,symmetric,-11.3921537399292,326.1,14.584983825683594,0,0,0,0,15.261515617370605,0,C+,-0.14709441694363218,3.8008103223269614,3.8036555934788794,0.038671854832444875,1.000000,STABLE,STABLE,0,STABLE (Table VII caption),AGREE,3.830E-005,5.752E-006,6.973E-006,9.313E-004,0.0069
13,symmetric,-11.3921537399292,326.1,14.584983825683594,0,0,0,0,15.261515617370605,0,C-,-0.14709441694363218,-3.8008103223269614,3.8036555934788794,0.038671854832444875,1.000000,STABLE,STABLE,0,STABLE (Table VII caption),AGREE,3.830E-005,5.752E-006,6.973E-006,9.313E-004,0.0069
13,symmetric,-11.3921537399292,326.1,14.584983825683594,0,0,0,0,15.261515617370605,0,D,-0.38369515682073907,0,0.38369515682073907,,1.000000,STABLE,STABLE,0,STABLE (Table VII caption),AGREE,8.707E-007,1.272E-007,8.707E-006,1.156E-004,0.0083
13,symmetric,-11.3921537399292,326.1,14.584983825683594,0,0,0,0,15.261515617370605,0,E,-0.11725535263960371,0,0.11725535263960371,,1.000000,STABLE,STABLE,0,STABLE (Table VII caption),AGREE,2.163E-006,3.061E-007,2.163E-005,1.790E-004,0.0200
14,symmetric,-11.521334648132324,325.1,14.685324668884277,0,0,0,0,15.246383666992189,0,A+,-0.96486988420196917,1.3227262086087999,1.6372472374020155,0.5893244845128125,0.000000,STABLE,STABLE,0,STABLE (Table VII caption),AGREE,4.719E-006,4.144E-007,2.581E-005,8.865E-003,0.1312
14,symmetric,-11.521334648132324,325.1,14.685324668884277,0,0,0,0,15.246383666992189,0,A-,-0.96486988420196917,-1.3227262086087999,1.6372472374020155,0.5893244845128125,0.000000,STABLE,STABLE,0,STABLE (Table VII caption),AGREE,4.719E-006,4.144E-007,2.581E-005,8.865E-003,0.1312
14,symmetric,-11.521334648132324,325.1,14.685324668884277,0,0,0,0,15.246383666992189,0,B+,-0.0085600410390889,0.1195843850151838,0.11989036425856167,0.071398907593840308,0.000000,STABLE,STABLE,0,STABLE (Table VII caption),AGREE,2.425E-006,1.691E-007,5.302E-006,1.438E-004,0.0204
14,symmetric,-11.521334648132324,325.1,14.685324668884277,0,0,0,0,15.246383666992189,0,B-,-0.0085600410390889,-0.1195843850151838,0.11989036425856167,0.071398907593840308,0.000000,STABLE,STABLE,0,STABLE (Table VII caption),AGREE,2.425E-006,1.691E-007,5.302E-006,1.438E-004,0.0204
14,symmetric,-11.521334648132324,325.1,14.685324668884277,0,0,0,0,15.246383666992189,0,C+,-0.14415645486981982,3.7823258044084698,3.7850719377806827,0.038085525781141077,1.000000,STABLE,STABLE,0,STABLE (Table VII caption),AGREE,3.845E-005,5.774E-006,6.758E-006,9.406E-004,0.0075
14,symmetric,-11.521334648132324,325.1,14.685324668884277,0,0,0,0,15.246383666992189,0,C-,-0.14415645486981982,-3.7823258044084698,3.7850719377806827,0.038085525781141077,1.000000,STABLE,STABLE,0,STABLE (Table VII caption),AGREE,3.845E-005,5.774E-006,6.758E-006,9.406E-004,0.0075
14,symmetric,-11.521334648132324,325.1,14.685324668884277,0,0,0,0,15.246383666992189,0,D,-0.38162403031674919,0,0.38162403031674919,,1.000000,STABLE,STABLE,0,STABLE (Table VII caption),AGREE,8.661E-007,1.204E-007,8.661E-006,9.244E-005,0.0078
14,symmetric,-11.521334648132324,325.1,14.685324668884277,0,0,0,0,15.246383666992189,0,E,-0.12078567307221308,0,0.12078567307221308,,1.000000,STABLE,STABLE,0,STABLE (Table VII caption),AGREE,2.167E-006,3.167E-007,2.167E-005,1.742E-004,0.0217
15,symmetric,-11.678354263305664,323.90000000000003,14.807143211364746,0,0,0,0,15.226985931396486,0,A+,-1.1365678541561262,1.2337546423756884,1.6774793604347638,0.67754506014402116,0.000000,STABLE,STABLE,0,STABLE (Table VII caption),AGREE,6.174E-006,2.352E-006,5.161E-005,7.327E-003,0.1338
15,symmetric,-11.678354263305664,323.90000000000003,14.807143211364746,0,0,0,0,15.226985931396486,0,A-,-1.1365678541561262,-1.2337546423756884,1.6774793604347638,0.67754506014402116,0.000000,STABLE,STABLE,0,STABLE (Table VII caption),AGREE,6.174E-006,2.352E-006,5.161E-005,7.327E-003,0.1338
15,symmetric,-11.678354263305664,323.90000000000003,14.807143211364746,0,0,0,0,15.226985931396486,0,B+,-0.0073194739127939272,0.11701816624781011,0.11724685893600816,0.062427889149583131,0.000000,STABLE,STABLE,0,STABLE (Table VII caption),AGREE,2.311E-006,6.551E-008,6.217E-006,9.784E-005,0.0174
15,symmetric,-11.678354263305664,323.90000000000003,14.807143211364746,0,0,0,0,15.226985931396486,0,B-,-0.0073194739127939272,-0.11701816624781011,0.11724685893600816,0.062427889149583131,0.000000,STABLE,STABLE,0,STABLE (Table VII caption),AGREE,2.311E-006,6.551E-008,6.217E-006,9.784E-005,0.0174
15,symmetric,-11.678354263305664,323.90000000000003,14.807143211364746,0,0,0,0,15.226985931396486,0,C+,-0.14087723333867019,3.7598547037082297,3.7624930282819209,0.037442523422561505,1.000000,STABLE,STABLE,0,STABLE (Table VII caption),AGREE,3.845E-005,5.779E-006,6.696E-006,9.522E-004,0.0088
15,symmetric,-11.678354263305664,323.90000000000003,14.807143211364746,0,0,0,0,15.226985931396486,0,C-,-0.14087723333867019,-3.7598547037082297,3.7624930282819209,0.037442523422561505,1.000000,STABLE,STABLE,0,STABLE (Table VII caption),AGREE,3.845E-005,5.779E-006,6.696E-006,9.522E-004,0.0088
15,symmetric,-11.678354263305664,323.90000000000003,14.807143211364746,0,0,0,0,15.226985931396486,0,D,-0.37977173535840858,0,0.37977173535840858,,1.000000,STABLE,STABLE,0,STABLE (Table VII caption),AGREE,8.345E-007,1.354E-007,8.345E-006,6.278E-005,0.0071
15,symmetric,-11.678354263305664,323.90000000000003,14.807143211364746,0,0,0,0,15.226985931396486,0,E,-0.12487760289949761,0,0.12487760289949761,,1.000000,STABLE,STABLE,0,STABLE (Table VII caption),AGREE,2.147E-006,3.325E-007,2.147E-005,1.669E-004,0.0250
16,symmetric,-11.824220657348633,322.79999999999995,14.920182228088379,0,0,0,0,15.207988739013672,0,A+,-1.2555692126906304,1.1521466601292509,1.7040821501041425,0.73680087113986736,0.000000,STABLE,STABLE,0,STABLE (Table VII caption),AGREE,4.023E-006,3.081E-006,2.290E-005,5.851E-003,0.0997
16,symmetric,-11.824220657348633,322.79999999999995,14.920182228088379,0,0,0,0,15.207988739013672,0,A-,-1.2555692126906304,-1.1521466601292509,1.7040821501041425,0.73680087113986736,0.000000,STABLE,STABLE,0,STABLE (Table VII caption),AGREE,4.023E-006,3.081E-006,2.290E-005,5.851E-003,0.0997
16,symmetric,-11.824220657348633,322.79999999999995,14.920182228088379,0,0,0,0,15.207988739013672,0,B+,-0.0065716761574496968,0.11543819175172768,0.1156250969401844,0.056836070467031742,0.000000,STABLE,STABLE,0,STABLE (Table VII caption),AGREE,2.278E-006,3.408E-007,6.750E-006,6.381E-005,0.0105
16,symmetric,-11.824220657348633,322.79999999999995,14.920182228088379,0,0,0,0,15.207988739013672,0,B-,-0.0065716761574496968,-0.11543819175172768,0.1156250969401844,0.056836070467031742,0.000000,STABLE,STABLE,0,STABLE (Table VII caption),AGREE,2.278E-006,3.408E-007,6.750E-006,6.381E-005,0.0105
16,symmetric,-11.824220657348633,322.79999999999995,14.920182228088379,0,0,0,0,15.207988739013672,0,C+,-0.13814749685421823,3.7389680018753282,3.7415192702877622,0.036922834515721537,1.000000,STABLE,STABLE,0,STABLE (Table VII caption),AGREE,3.874E-005,5.778E-006,6.688E-006,9.632E-004,0.0078
16,symmetric,-11.824220657348633,322.79999999999995,14.920182228088379,0,0,0,0,15.207988739013672,0,C-,-0.13814749685421823,-3.7389680018753282,3.7415192702877622,0.036922834515721537,1.000000,STABLE,STABLE,0,STABLE (Table VII caption),AGREE,3.874E-005,5.778E-006,6.688E-006,9.632E-004,0.0078
16,symmetric,-11.824220657348633,322.79999999999995,14.920182228088379,0,0,0,0,15.207988739013672,0,D,-0.37872196055898161,0,0.37872196055898161,,1.000000,STABLE,STABLE,0,STABLE (Table VII caption),AGREE,8.213E-007,1.022E-007,8.213E-006,3.368E-005,0.0041
16,symmetric,-11.824220657348633,322.79999999999995,14.920182228088379,0,0,0,0,15.207988739013672,0,E,-0.12845505957891853,0,0.12845505957891853,,1.000000,STABLE,STABLE,0,STABLE (Table VII caption),AGREE,2.154E-006,2.967E-007,2.154E-005,1.585E-004,0.0216
17,symmetric,-11.985470771789551,321.6,15.045013427734373,0,0,0,0,15.185907363891602,0,A+,-1.3462849167609294,1.0753648701498839,1.7230474981991819,0.7813394106476923,0.000000,STABLE,STABLE,0,STABLE (Table VII caption),AGREE,7.324E-006,1.413E-006,5.632E-005,4.106E-003,0.0821
17,symmetric,-11.985470771789551,321.6,15.045013427734373,0,0,0,0,15.185907363891602,0,A-,-1.3462849167609294,-1.0753648701498839,1.7230474981991819,0.7813394106476923,0.000000,STABLE,STABLE,0,STABLE (Table VII caption),AGREE,7.324E-006,1.413E-006,5.632E-005,4.106E-003,0.0821
17,symmetric,-11.985470771789551,321.6,15.045013427734373,0,0,0,0,15.185907363891602,0,B+,-0.0060744560004351994,0.11441561045448792,0.11457674690518295,0.053016481655410112,0.000000,STABLE,STABLE,0,STABLE (Table VII caption),AGREE,2.074E-006,5.686E-008,7.727E-006,3.270E-005,0.0068
17,symmetric,-11.985470771789551,321.6,15.045013427734373,0,0,0,0,15.185907363891602,0,B-,-0.0060744560004351994,-0.11441561045448792,0.11457674690518295,0.053016481655410112,0.000000,STABLE,STABLE,0,STABLE (Table VII caption),AGREE,2.074E-006,5.686E-008,7.727E-006,3.270E-005,0.0068
17,symmetric,-11.985470771789551,321.6,15.045013427734373,0,0,0,0,15.185907363891602,0,C+,-0.13552221704727074,3.7158563036718331,3.7183268200698962,0.03644709666610834,1.000000,STABLE,STABLE,0,STABLE (Table VII caption),AGREE,3.888E-005,5.848E-006,6.499E-006,9.759E-004,0.0083
17,symmetric,-11.985470771789551,321.6,15.045013427734373,0,0,0,0,15.185907363891602,0,C-,-0.13552221704727074,-3.7158563036718331,3.7183268200698962,0.03644709666610834,1.000000,STABLE,STABLE,0,STABLE (Table VII caption),AGREE,3.888E-005,5.848E-006,6.499E-006,9.759E-004,0.0083
17,symmetric,-11.985470771789551,321.6,15.045013427734373,0,0,0,0,15.185907363891602,0,D,-0.37832939728616855,0,0.37832939728616855,,1.000000,STABLE,STABLE,0,STABLE (Table VII caption),AGREE,8.077E-007,1.204E-007,8.077E-006,1.345E-006,0.0016
17,symmetric,-11.985470771789551,321.6,15.045013427734373,0,0,0,0,15.185907363891602,0,E,-0.1321282818335591,0,0.1321282818335591,,1.000000,STABLE,STABLE,0,STABLE (Table VII caption),AGREE,2.132E-006,3.153E-007,2.132E-005,1.478E-004,0.0219
18,symmetric,-12.135242462158203,320.5,15.160852432250977,0,0,0,0,15.164395332336428,0,A+,-1.3962160973140474,1.0251201716132439,1.7321347397495486,0.80606667903671736,0.000000,STABLE,STABLE,0,STABLE (Table VII caption),AGREE,3.421E-006,2.058E-006,2.561E-005,2.401E-003,0.0490
18,symmetric,-12.135242462158203,320.5,15.160852432250977,0,0,0,0,15.164395332336428,0,A-,-1.3962160973140474,-1.0251201716132439,1.7321347397495486,0.80606667903671736,0.000000,STABLE,STABLE,0,STABLE (Table VII caption),AGREE,3.421E-006,2.058E-006,2.561E-005,2.401E-003,0.0490
18,symmetric,-12.135242462158203,320.5,15.160852432250977,0,0,0,0,15.164395332336428,0,B+,-0.005855715539458576,0.11402919652696142,0.11417945115064902,0.051285196070285109,0.000000,STABLE,STABLE,0,STABLE (Table VII caption),AGREE,2.124E-006,2.621E-007,7.851E-006,8.908E-006,0.0026
18,symmetric,-12.135242462158203,320.5,15.160852432250977,0,0,0,0,15.164395332336428,0,B-,-0.005855715539458576,-0.11402919652696142,0.11417945115064902,0.051285196070285109,0.000000,STABLE,STABLE,0,STABLE (Table VII caption),AGREE,2.124E-006,2.621E-007,7.851E-006,8.908E-006,0.0026
18,symmetric,-12.135242462158203,320.5,15.160852432250977,0,0,0,0,15.164395332336428,0,C+,-0.13348914090623837,3.694358314610632,3.6967692256174982,0.036109676520026945,1.000000,STABLE,STABLE,0,STABLE (Table VII caption),AGREE,3.899E-005,5.916E-006,6.525E-006,9.880E-004,0.0074
18,symmetric,-12.135242462158203,320.5,15.160852432250977,0,0,0,0,15.164395332336428,0,C-,-0.13348914090623837,-3.694358314610632,3.6967692256174982,0.036109676520026945,1.000000,STABLE,STABLE,0,STABLE (Table VII caption),AGREE,3.899E-005,5.916E-006,6.525E-006,9.880E-004,0.0074
18,symmetric,-12.135242462158203,320.5,15.160852432250977,0,0,0,0,15.164395332336428,0,D,-0.3786959305192934,0,0.3786959305192934,,1.000000,STABLE,STABLE,0,STABLE (Table VII caption),AGREE,7.875E-007,1.078E-007,7.875E-006,3.367E-005,0.0015
18,symmetric,-12.135242462158203,320.5,15.160852432250977,0,0,0,0,15.164395332336428,0,E,-0.13525162982160993,0,0.13525162982160993,,1.000000,STABLE,STABLE,0,STABLE (Table VII caption),AGREE,2.109E-006,3.083E-007,2.109E-005,1.365E-004,0.0183
19,symmetric,-12.28690242767334,319.40000000000003,15.278062820434569,0,0,0,0,15.141643524169922,0,A+,-1.417016626578836,0.99955331666658576,1.7340827410651536,0.81715629423105784,0.000000,STABLE,STABLE,0,STABLE (Table VII caption),AGREE,7.497E-006,3.320E-006,5.565E-005,6.923E-004,0.0228
19,symmetric,-12.28690242767334,319.40000000000003,15.278062820434569,0,0,0,0,15.141643524169922,0,A-,-1.417016626578836,-0.99955331666658576,1.7340827410651536,0.81715629423105784,0.000000,STABLE,STABLE,0,STABLE (Table VII caption),AGREE,7.497E-006,3.320E-006,5.565E-005,6.923E-004,0.0228
19,symmetric,-12.28690242767334,319.40000000000003,15.278062820434569,0,0,0,0,15.141643524169922,0,B+,-0.0058336101621955221,0.11410498956408208,0.11425401371918516,0.05105825145481048,0.000000,STABLE,STABLE,0,STABLE (Table VII caption),AGREE,2.157E-006,1.154E-007,7.582E-006,1.383E-005,0.0005
19,symmetric,-12.28690242767334,319.40000000000003,15.278062820434569,0,0,0,0,15.141643524169922,0,B-,-0.0058336101621955221,-0.11410498956408208,0.11425401371918516,0.05105825145481048,0.000000,STABLE,STABLE,0,STABLE (Table VII caption),AGREE,2.157E-006,1.154E-007,7.582E-006,1.383E-005,0.0005
19,symmetric,-12.28690242767334,319.40000000000003,15.278062820434569,0,0,0,0,15.141643524169922,0,C+,-0.13186617401297651,3.6725484249571254,3.6749150495628986,0.035882781570327982,1.000000,STABLE,STABLE,0,STABLE (Table VII caption),AGREE,3.926E-005,5.811E-006,6.602E-006,1.001E-003,0.0074
19,symmetric,-12.28690242767334,319.40000000000003,15.278062820434569,0,0,0,0,15.141643524169922,0,C-,-0.13186617401297651,-3.6725484249571254,3.6749150495628986,0.035882781570327982,1.000000,STABLE,STABLE,0,STABLE (Table VII caption),AGREE,3.926E-005,5.811E-006,6.602E-006,1.001E-003,0.0074
19,symmetric,-12.28690242767334,319.40000000000003,15.278062820434569,0,0,0,0,15.141643524169922,0,D,-0.37978602824817803,0,0.37978602824817803,,1.000000,STABLE,STABLE,0,STABLE (Table VII caption),AGREE,7.659E-007,1.156E-007,7.659E-006,6.713E-005,0.0045
19,symmetric,-12.28690242767334,319.40000000000003,15.278062820434569,0,0,0,0,15.141643524169922,0,E,-0.13811362105147915,0,0.13811362105147915,,1.000000,STABLE,STABLE,0,STABLE (Table VII caption),AGREE,2.079E-006,3.078E-007,2.079E-005,1.241E-004,0.0166
20,symmetric,-12.440461158752441,318.3,15.396659851074219,0,0,0,0,15.1176233291626,0,A+,-1.4114271001332619,0.99973820985176942,1.7296250886328544,0.81603065855670187,0.000000,STABLE,STABLE,0,STABLE (Table VII caption),AGREE,7.478E-006,4.895E-006,5.648E-005,1.018E-003,0.0039
20,symmetric,-12.440461158752441,318.3,15.396659851074219,0,0,0,0,15.1176233291626,0,A-,-1.4114271001332619,-0.99973820985176942,1.7296250886328544,0.81603065855670187,0.000000,STABLE,STABLE,0,STABLE (Table VII caption),AGREE,7.478E-006,4.895E-006,5.648E-005,1.018E-003,0.0039
20,symmetric,-12.440461158752441,318.3,15.396659851074219,0,0,0,0,15.1176233291626,0,B+,-0.00599292861807665,0.11459443162221541,0.11475103028835935,0.052225488546960686,0.000000,STABLE,STABLE,0,STABLE (Table VII caption),AGREE,2.281E-006,4.467E-007,7.796E-006,3.326E-005,0.0029
20,symmetric,-12.440461158752441,318.3,15.396659851074219,0,0,0,0,15.1176233291626,0,B-,-0.00599292861807665,-0.11459443162221541,0.11475103028835935,0.052225488546960686,0.000000,STABLE,STABLE,0,STABLE (Table VII caption),AGREE,2.281E-006,4.467E-007,7.796E-006,3.326E-005,0.0029
20,symmetric,-12.440461158752441,318.3,15.396659851074219,0,0,0,0,15.1176233291626,0,C+,-0.13070963574053832,3.650412083874409,3.6527514822352383,0.035783884114818788,1.000000,STABLE,STABLE,0,STABLE (Table VII caption),AGREE,3.938E-005,5.861E-006,6.703E-006,1.015E-003,0.0075
20,symmetric,-12.440461158752441,318.3,15.396659851074219,0,0,0,0,15.1176233291626,0,C-,-0.13070963574053832,-3.650412083874409,3.6527514822352383,0.035783884114818788,1.000000,STABLE,STABLE,0,STABLE (Table VII caption),AGREE,3.938E-005,5.861E-006,6.703E-006,1.015E-003,0.0075
20,symmetric,-12.440461158752441,318.3,15.396659851074219,0,0,0,0,15.1176233291626,0,D,-0.38161975887056093,0,0.38161975887056093,,1.000000,STABLE,STABLE,0,STABLE (Table VII caption),AGREE,7.415E-007,9.713E-008,7.415E-006,1.012E-004,0.0076
20,symmetric,-12.440461158752441,318.3,15.396659851074219,0,0,0,0,15.1176233291626,0,E,-0.14069243176467947,0,0.14069243176467947,,1.000000,STABLE,STABLE,0,STABLE (Table VII caption),AGREE,2.032E-006,2.904E-007,2.032E-005,1.108E-004,0.0148
21,symmetric,-12.595928192138672,317.2,15.516665458679201,0,0,0,0,15.092312812805176,0,A+,-1.3823592020346536,1.0225809010849924,1.7194733678407699,0.80394336306037251,0.000000,STABLE,STABLE,0,STABLE (Table VII caption),AGREE,6.301E-006,1.455E-006,1.388E-005,2.358E-003,0.0258
21,symmetric,-12.595928192138672,317.2,15.516665458679201,0,0,0,0,15.092312812805176,0,A-,-1.3823592020346536,-1.0225809010849924,1.7194733678407699,0.80394336306037251,0.000000,STABLE,STABLE,0,STABLE (Table VII caption),AGREE,6.301E-006,1.455E-006,1.388E-005,2.358E-003,0.0258
21,symmetric,-12.595928192138672,317.2,15.516665458679201,0,0,0,0,15.092312812805176,0,B+,-0.0063272406433287362,0.1154581841461878,0.1156314241912362,0.0547190410183349,0.000000,STABLE,STABLE,0,STABLE (Table VII caption),AGREE,2.537E-006,2.305E-007,7.511E-006,5.154E-005,0.0052
21,symmetric,-12.595928192138672,317.2,15.516665458679201,0,0,0,0,15.092312812805176,0,B-,-0.0063272406433287362,-0.1154581841461878,0.1156314241912362,0.0547190410183349,0.000000,STABLE,STABLE,0,STABLE (Table VII caption),AGREE,2.537E-006,2.305E-007,7.511E-006,5.154E-005,0.0052
21,symmetric,-12.595928192138672,317.2,15.516665458679201,0,0,0,0,15.092312812805176,0,C+,-0.1300812919700188,3.627933099099971,3.6302644137949112,0.035832456576913037,1.000000,STABLE,STABLE,0,STABLE (Table VII caption),AGREE,3.948E-005,5.993E-006,6.686E-006,1.030E-003,0.0076
21,symmetric,-12.595928192138672,317.2,15.516665458679201,0,0,0,0,15.092312812805176,0,C-,-0.1300812919700188,-3.627933099099971,3.6302644137949112,0.035832456576913037,1.000000,STABLE,STABLE,0,STABLE (Table VII caption),AGREE,3.948E-005,5.993E-006,6.686E-006,1.030E-003,0.0076
21,symmetric,-12.595928192138672,317.2,15.516665458679201,0,0,0,0,15.092312812805176,0,D,-0.38420741926399993,0,0.38420741926399993,,1.000000,STABLE,STABLE,0,STABLE (Table VII caption),AGREE,7.328E-007,1.023E-007,7.328E-006,1.356E-004,0.0107
21,symmetric,-12.595928192138672,317.2,15.516665458679201,0,0,0,0,15.092312812805176,0,E,-0.14297324327420888,0,0.14297324327420888,,1.000000,STABLE,STABLE,0,STABLE (Table VII caption),AGREE,1.982E-006,3.077E-007,1.982E-005,9.707E-005,0.0129
22,symmetric,-12.753315925598145,316.09999999999997,15.638100624084474,0,0,0,0,15.065685272216799,0,A+,-1.3329030495248615,1.0621364560408995,1.7043369357858196,0.78206545990878218,0.000000,STABLE,STABLE,0,STABLE (Table VII caption),AGREE,5.226E-006,1.862E-007,4.179E-005,3.394E-003,0.0443
22,symmetric,-12.753315925598145,316.09999999999997,15.638100624084474,0,0,0,0,15.065685272216799,0,A-,-1.3329030495248615,-1.0621364560408995,1.7043369357858196,0.78206545990878218,0.000000,STABLE,STABLE,0,STABLE (Table VII caption),AGREE,5.226E-006,1.862E-007,4.179E-005,3.394E-003,0.0443
22,symmetric,-12.753315925598145,316.09999999999997,15.638100624084474,0,0,0,0,15.065685272216799,0,B+,-0.00683616822027305,0.11666204413172253,0.11686216554953895,0.0584977027263382,0.000000,STABLE,STABLE,0,STABLE (Table VII caption),AGREE,2.419E-006,1.457E-007,7.452E-006,6.789E-005,0.0073
22,symmetric,-12.753315925598145,316.09999999999997,15.638100624084474,0,0,0,0,15.065685272216799,0,B-,-0.00683616822027305,-0.11666204413172253,0.11686216554953895,0.0584977027263382,0.000000,STABLE,STABLE,0,STABLE (Table VII caption),AGREE,2.419E-006,1.457E-007,7.452E-006,6.789E-005,0.0073
22,symmetric,-12.753315925598145,316.09999999999997,15.638100624084474,0,0,0,0,15.065685272216799,0,C+,-0.13004873710655612,3.6050921648308032,3.6074370668034468,0.036050174874372079,1.000000,STABLE,STABLE,0,STABLE (Table VII caption),AGREE,3.968E-005,5.970E-006,6.997E-006,1.047E-003,0.0079
22,symmetric,-12.753315925598145,316.09999999999997,15.638100624084474,0,0,0,0,15.065685272216799,0,C-,-0.13004873710655612,-3.6050921648308032,3.6074370668034468,0.036050174874372079,1.000000,STABLE,STABLE,0,STABLE (Table VII caption),AGREE,3.968E-005,5.970E-006,6.997E-006,1.047E-003,0.0079
22,symmetric,-12.753315925598145,316.09999999999997,15.638100624084474,0,0,0,0,15.065685272216799,0,D,-0.38754828733262447,0,0.38754828733262447,,1.000000,STABLE,STABLE,0,STABLE (Table VII caption),AGREE,7.051E-007,1.154E-007,7.051E-006,1.696E-004,0.0138
22,symmetric,-12.753315925598145,316.09999999999997,15.638100624084474,0,0,0,0,15.065685272216799,0,E,-0.14494937869792138,0,0.14494937869792138,,1.000000,STABLE,STABLE,0,STABLE (Table VII caption),AGREE,1.941E-006,2.997E-007,1.941E-005,8.324E-005,0.0110
23,symmetric,-12.898069381713867,315.09999999999997,15.749751091003418,0,0,0,0,15.04031562805176,0,A+,-1.2730217284807557,1.1067886094736412,1.6868803594934427,0.75466035354340977,0.000000,STABLE,STABLE,0,STABLE (Table VII caption),AGREE,3.822E-006,4.346E-007,6.484E-006,4.070E-003,0.0525
23,symmetric,-12.898069381713867,315.09999999999997,15.749751091003418,0,0,0,0,15.04031562805176,0,A-,-1.2730217284807557,-1.1067886094736412,1.6868803594934427,0.75466035354340977,0.000000,STABLE,STABLE,0,STABLE (Table VII caption),AGREE,3.822E-006,4.346E-007,6.484E-006,4.070E-003,0.0525
23,symmetric,-12.898069381713867,315.09999999999997,15.749751091003418,0,0,0,0,15.04031562805176,0,B+,-0.0074527655948287133,0.11802279830165754,0.11825787345443517,0.06302130570359249,0.000000,STABLE,STABLE,0,STABLE (Table VII caption),AGREE,2.444E-006,1.379E-007,7.430E-006,8.190E-005,0.0083
23,symmetric,-12.898069381713867,315.09999999999997,15.749751091003418,0,0,0,0,15.04031562805176,0,B-,-0.0074527655948287133,-0.11802279830165754,0.11825787345443517,0.06302130570359249,0.000000,STABLE,STABLE,0,STABLE (Table VII caption),AGREE,2.444E-006,1.379E-007,7.430E-006,8.190E-005,0.0083
23,symmetric,-12.898069381713867,315.09999999999997,15.749751091003418,0,0,0,0,15.04031562805176,0,C+,-0.13059819784379573,3.5839967164867157,3.5863753781593481,0.036415094370523822,1.000000,STABLE,STABLE,0,STABLE (Table VII caption),AGREE,3.991E-005,5.962E-006,7.016E-006,1.064E-003,0.0075
23,symmetric,-12.898069381713867,315.09999999999997,15.749751091003418,0,0,0,0,15.04031562805176,0,C-,-0.13059819784379573,-3.5839967164867157,3.5863753781593481,0.036415094370523822,1.000000,STABLE,STABLE,0,STABLE (Table VII caption),AGREE,3.991E-005,5.962E-006,7.016E-006,1.064E-003,0.0075
23,symmetric,-12.898069381713867,315.09999999999997,15.749751091003418,0,0,0,0,15.04031562805176,0,D,-0.39122802175032656,0,0.39122802175032656,,1.000000,STABLE,STABLE,0,STABLE (Table VII caption),AGREE,7.103E-007,1.116E-007,7.103E-006,1.998E-004,0.0152
23,symmetric,-12.898069381713867,315.09999999999997,15.749751091003418,0,0,0,0,15.04031562805176,0,E,-0.14648303703674947,0,0.14648303703674947,,1.000000,STABLE,STABLE,0,STABLE (Table VII caption),AGREE,1.896E-006,2.791E-007,1.896E-005,7.083E-005,0.0085
24,symmetric,-13.059144973754883,314,15.873963356018068,0,0,0,0,15.011105537414549,0,A+,-1.1939719989038211,1.159515463216052,1.6643452897771911,0.71738238828053535,0.000000,STABLE,STABLE,0,STABLE (Table VII caption),AGREE,4.368E-006,3.340E-007,3.583E-006,4.549E-003,0.0671
24,symmetric,-13.059144973754883,314,15.873963356018068,0,0,0,0,15.011105537414549,0,A-,-1.1939719989038211,-1.159515463216052,1.6643452897771911,0.71738238828053535,0.000000,STABLE,STABLE,0,STABLE (Table VII caption),AGREE,4.368E-006,3.340E-007,3.583E-006,4.549E-003,0.0671
24,symmetric,-13.059144973754883,314,15.873963356018068,0,0,0,0,15.011105537414549,0,B+,-0.0083036121134750056,0.11977838744729633,0.12006586556388824,0.069158807746707754,0.000000,STABLE,STABLE,0,STABLE (Table VII caption),AGREE,2.584E-006,1.238E-007,7.200E-006,9.574E-005,0.0107
24,symmetric,-13.059144973754883,314,15.873963356018068,0,0,0,0,15.011105537414549,0,B-,-0.0083036121134750056,-0.11977838744729633,0.12006586556388824,0.069158807746707754,0.000000,STABLE,STABLE,0,STABLE (Table VII caption),AGREE,2.584E-006,1.238E-007,7.200E-006,9.574E-005,0.0107
24,symmetric,-13.059144973754883,314,15.873963356018068,0,0,0,0,15.011105537414549,0,C+,-0.13191407597789107,3.5604050742738949,3.5628479642494431,0.0370248961789983,1.000000,STABLE,STABLE,0,STABLE (Table VII caption),AGREE,4.007E-005,6.039E-006,7.315E-006,1.085E-003,0.0087
24,symmetric,-13.059144973754883,314,15.873963356018068,0,0,0,0,15.011105537414549,0,C-,-0.13191407597789107,-3.5604050742738949,3.5628479642494431,0.0370248961789983,1.000000,STABLE,STABLE,0,STABLE (Table VII caption),AGREE,4.007E-005,6.039E-006,7.315E-006,1.085E-003,0.0087
24,symmetric,-13.059144973754883,314,15.873963356018068,0,0,0,0,15.011105537414549,0,D,-0.39595899796486306,0,0.39595899796486306,,1.000000,STABLE,STABLE,0,STABLE (Table VII caption),AGREE,6.978E-007,1.025E-007,6.978E-006,2.315E-004,0.0193
24,symmetric,-13.059144973754883,314,15.873963356018068,0,0,0,0,15.011105537414549,0,E,-0.1478908285682842,0,0.1478908285682842,,1.000000,STABLE,STABLE,0,STABLE (Table VII caption),AGREE,1.846E-006,2.849E-007,1.846E-005,5.788E-005,0.0077
25,symmetric,-13.207265853881836,313,15.988175392150881,0,0,0,0,14.983348846435547,0,A+,-1.1131394831101229,1.2064444470612512,1.6415199397825173,0.678115115225223,0.000000,STABLE,STABLE,0,STABLE (Table VII caption),AGREE,7.924E-006,2.828E-006,6.594E-005,4.779E-003,0.0664
25,symmetric,-13.207265853881836,313,15.988175392150881,0,0,0,0,14.983348846435547,0,A-,-1.1131394831101229,-1.2064444470612512,1.6415199397825173,0.678115115225223,0.000000,STABLE,STABLE,0,STABLE (Table VII caption),AGREE,7.924E-006,2.828E-006,6.594E-005,4.779E-003,0.0664
25,symmetric,-13.207265853881836,313,15.988175392150881,0,0,0,0,14.983348846435547,0,B+,-0.00923522672902509,0.12157478951531159,0.12192505426871385,0.075745110669963936,0.000000,STABLE,STABLE,0,STABLE (Table VII caption),AGREE,2.521E-006,3.527E-007,7.222E-006,1.067E-004,0.0110
25,symmetric,-13.207265853881836,313,15.988175392150881,0,0,0,0,14.983348846435547,0,B-,-0.00923522672902509,-0.12157478951531159,0.12192505426871385,0.075745110669963936,0.000000,STABLE,STABLE,0,STABLE (Table VII caption),AGREE,2.521E-006,3.527E-007,7.222E-006,1.067E-004,0.0110
25,symmetric,-13.207265853881836,313,15.988175392150881,0,0,0,0,14.983348846435547,0,C+,-0.13382860922336287,3.5385847595721609,3.5411145416835965,0.0377927931017264,1.000000,STABLE,STABLE,0,STABLE (Table VII caption),AGREE,4.030E-005,5.981E-006,7.290E-006,1.107E-003,0.0083
25,symmetric,-13.207265853881836,313,15.988175392150881,0,0,0,0,14.983348846435547,0,C-,-0.13382860922336287,-3.5385847595721609,3.5411145416835965,0.0377927931017264,1.000000,STABLE,STABLE,0,STABLE (Table VII caption),AGREE,4.030E-005,5.981E-006,7.290E-006,1.107E-003,0.0083
25,symmetric,-13.207265853881836,313,15.988175392150881,0,0,0,0,14.983348846435547,0,D,-0.40084997586390109,0,0.40084997586390109,,1.000000,STABLE,STABLE,0,STABLE (Table VII caption),AGREE,7.192E-007,9.621E-008,7.192E-006,2.586E-004,0.0197
25,symmetric,-13.207265853881836,313,15.988175392150881,0,0,0,0,14.983348846435547,0,E,-0.148932137115022,0,0.148932137115022,,1.000000,STABLE,STABLE,0,STABLE (Table VII caption),AGREE,1.785E-006,2.662E-007,1.785E-005,4.696E-005,0.0057
26,symmetric,-13.357000350952148,312,16.103630065917969,0,0,0,0,14.954427719116211,0,A+,-1.0268102621692492,1.2493900639592641,1.6171935092672789,0.63493345495461351,0.000000,STABLE,STABLE,0,STABLE (Table VII caption),AGREE,3.966E-006,2.071E-006,1.698E-005,4.842E-003,0.0688
26,symmetric,-13.357000350952148,312,16.103630065917969,0,0,0,0,14.954427719116211,0,A-,-1.0268102621692492,-1.2493900639592641,1.6171935092672789,0.63493345495461351,0.000000,STABLE,STABLE,0,STABLE (Table VII caption),AGREE,3.966E-006,2.071E-006,1.698E-005,4.842E-003,0.0688
26,symmetric,-13.357000350952148,312,16.103630065917969,0,0,0,0,14.954427719116211,0,B+,-0.010313930340728732,0.12352081786818259,0.12395067408408128,0.083209957645993371,0.000000,STABLE,STABLE,0,STABLE (Table VII caption),AGREE,2.695E-006,3.079E-007,6.638E-006,1.157E-004,0.0120
26,symmetric,-13.357000350952148,312,16.103630065917969,0,0,0,0,14.954427719116211,0,B-,-0.010313930340728732,-0.12352081786818259,0.12395067408408128,0.083209957645993371,0.000000,STABLE,STABLE,0,STABLE (Table VII caption),AGREE,2.695E-006,3.079E-007,6.638E-006,1.157E-004,0.0120
26,symmetric,-13.357000350952148,312,16.103630065917969,0,0,0,0,14.954427719116211,0,C+,-0.1365010446042986,3.5163848871484538,3.5190332777261579,0.038789358847012519,1.000000,STABLE,STABLE,0,STABLE (Table VII caption),AGREE,4.050E-005,6.007E-006,7.776E-006,1.131E-003,0.0088
26,symmetric,-13.357000350952148,312,16.103630065917969,0,0,0,0,14.954427719116211,0,C-,-0.1365010446042986,-3.5163848871484538,3.5190332777261579,0.038789358847012519,1.000000,STABLE,STABLE,0,STABLE (Table VII caption),AGREE,4.050E-005,6.007E-006,7.776E-006,1.131E-003,0.0088
26,symmetric,-13.357000350952148,312,16.103630065917969,0,0,0,0,14.954427719116211,0,D,-0.40626404025852675,0,0.40626404025852675,,1.000000,STABLE,STABLE,0,STABLE (Table VII caption),AGREE,7.101E-007,1.018E-007,7.101E-006,2.837E-004,0.0215
26,symmetric,-13.357000350952148,312,16.103630065917969,0,0,0,0,14.954427719116211,0,E,-0.14976653435392673,0,0.14976653435392673,,1.000000,STABLE,STABLE,0,STABLE (Table VII caption),AGREE,1.740E-006,2.612E-007,1.740E-005,3.717E-005,0.0045
27,symmetric,-13.523575782775879,310.90000000000003,16.232084274291992,0,0,0,0,14.921246528625488,0,A+,-0.92921892495162517,1.2897368359808989,1.5896128197061932,0.58455676340316121,0.000000,STABLE,STABLE,0,STABLE (Table VII caption),AGREE,4.092E-006,7.866E-007,3.623E-005,4.736E-003,0.0757
27,symmetric,-13.523575782775879,310.90000000000003,16.232084274291992,0,0,0,0,14.921246528625488,0,A-,-0.92921892495162517,-1.2897368359808989,1.5896128197061932,0.58455676340316121,0.000000,STABLE,STABLE,0,STABLE (Table VII caption),AGREE,4.092E-006,7.866E-007,3.623E-005,4.736E-003,0.0757
27,symmetric,-13.523575782775879,310.90000000000003,16.232084274291992,0,0,0,0,14.921246528625488,0,B+,-0.011656798992511782,0.12577548218089341,0.12631449988258694,0.092283934174992741,0.000000,STABLE,STABLE,0,STABLE (Table VII caption),AGREE,2.736E-006,2.078E-007,6.635E-006,1.224E-004,0.0141
27,symmetric,-13.523575782775879,310.90000000000003,16.232084274291992,0,0,0,0,14.921246528625488,0,B-,-0.011656798992511782,-0.12577548218089341,0.12631449988258694,0.092283934174992741,0.000000,STABLE,STABLE,0,STABLE (Table VII caption),AGREE,2.736E-006,2.078E-007,6.635E-006,1.224E-004,0.0141
27,symmetric,-13.523575782775879,310.90000000000003,16.232084274291992,0,0,0,0,14.921246528625488,0,C+,-0.14040903978648878,3.4914947224499091,3.4943168281295462,0.04018211475736376,1.000000,STABLE,STABLE,0,STABLE (Table VII caption),AGREE,4.071E-005,6.163E-006,8.111E-006,1.161E-003,0.0103
27,symmetric,-13.523575782775879,310.90000000000003,16.232084274291992,0,0,0,0,14.921246528625488,0,C-,-0.14040903978648878,-3.4914947224499091,3.4943168281295462,0.04018211475736376,1.000000,STABLE,STABLE,0,STABLE (Table VII caption),AGREE,4.071E-005,6.163E-006,8.111E-006,1.161E-003,0.0103
27,symmetric,-13.523575782775879,310.90000000000003,16.232084274291992,0,0,0,0,14.921246528625488,0,D,-0.41276810265277636,0,0.41276810265277636,,1.000000,STABLE,STABLE,0,STABLE (Table VII caption),AGREE,7.265E-007,1.181E-007,7.265E-006,3.081E-004,0.0254
27,symmetric,-13.523575782775879,310.90000000000003,16.232084274291992,0,0,0,0,14.921246528625488,0,E,-0.15047463005417427,0,0.15047463005417427,,1.000000,STABLE,STABLE,0,STABLE (Table VII caption),AGREE,1.690E-006,2.608E-007,1.690E-005,2.793E-005,0.0038
28,symmetric,-13.676712989807129,309.90000000000003,16.350200653076172,0,0,0,0,14.889822006225588,0,A+,-0.841700870239412,1.3190350264669215,1.5647088406500347,0.537928110567676,0.000000,STABLE,STABLE,0,STABLE (Table VII caption),AGREE,3.315E-006,1.132E-006,1.966E-005,4.486E-003,0.0664
28,symmetric,-13.676712989807129,309.90000000000003,16.350200653076172,0,0,0,0,14.889822006225588,0,A-,-0.841700870239412,-1.3190350264669215,1.5647088406500347,0.537928110567676,0.000000,STABLE,STABLE,0,STABLE (Table VII caption),AGREE,3.315E-006,1.132E-006,1.966E-005,4.486E-003,0.0664
28,symmetric,-13.676712989807129,309.90000000000003,16.350200653076172,0,0,0,0,14.889822006225588,0,B+,-0.01299355315605376,0.12786221552877486,0.12852073211566323,0.1011008336332858,0.000000,STABLE,STABLE,0,STABLE (Table VII caption),AGREE,2.724E-006,2.427E-007,6.362E-006,1.250E-004,0.0132
28,symmetric,-13.676712989807129,309.90000000000003,16.350200653076172,0,0,0,0,14.889822006225588,0,B-,-0.01299355315605376,-0.12786221552877486,0.12852073211566323,0.1011008336332858,0.000000,STABLE,STABLE,0,STABLE (Table VII caption),AGREE,2.724E-006,2.427E-007,6.362E-006,1.250E-004,0.0132
28,symmetric,-13.676712989807129,309.90000000000003,16.350200653076172,0,0,0,0,14.889822006225588,0,C+,-0.144933634870324,3.4684074339743636,3.4714342693712856,0.041750361269716069,1.000000,STABLE,STABLE,0,STABLE (Table VII caption),AGREE,4.091E-005,6.222E-006,8.581E-006,1.193E-003,0.0101
28,symmetric,-13.676712989807129,309.90000000000003,16.350200653076172,0,0,0,0,14.889822006225588,0,C-,-0.144933634870324,-3.4684074339743636,3.4714342693712856,0.041750361269716069,1.000000,STABLE,STABLE,0,STABLE (Table VII caption),AGREE,4.091E-005,6.222E-006,8.581E-006,1.193E-003,0.0101
28,symmetric,-13.676712989807129,309.90000000000003,16.350200653076172,0,0,0,0,14.889822006225588,0,D,-0.41911949602786669,0,0.41911949602786669,,1.000000,STABLE,STABLE,0,STABLE (Table VII caption),AGREE,7.404E-007,1.173E-007,7.404E-006,3.272E-004,0.0242
28,symmetric,-13.676712989807129,309.90000000000003,16.350200653076172,0,0,0,0,14.889822006225588,0,E,-0.150958556034303,0,0.150958556034303,,1.000000,STABLE,STABLE,0,STABLE (Table VII caption),AGREE,1.650E-006,2.341E-007,1.650E-005,2.108E-005,0.0026
29,symmetric,-13.815926551818848,309,16.457609176635742,0,0,0,0,14.860498428344727,0,A+,-0.76690419828529,1.3391657444141982,1.5432131869447063,0.49695285445533738,0.000000,STABLE,STABLE,0,STABLE (Table VII caption),AGREE,3.483E-006,1.577E-006,2.081E-005,4.127E-003,0.0559
29,symmetric,-13.815926551818848,309,16.457609176635742,0,0,0,0,14.860498428344727,0,A-,-0.76690419828529,-1.3391657444141982,1.5432131869447063,0.49695285445533738,0.000000,STABLE,STABLE,0,STABLE (Table VII caption),AGREE,3.483E-006,1.577E-006,2.081E-005,4.127E-003,0.0559
29,symmetric,-13.815926551818848,309,16.457609176635742,0,0,0,0,14.860498428344727,0,B+,-0.014256127064426305,0.12970752887035086,0.13048862097719469,0.10925187926476615,0.000000,STABLE,STABLE,0,STABLE (Table VII caption),AGREE,2.739E-006,1.067E-007,6.044E-006,1.233E-004,0.0119
29,symmetric,-13.815926551818848,309,16.457609176635742,0,0,0,0,14.860498428344727,0,B-,-0.014256127064426305,-0.12970752887035086,0.13048862097719469,0.10925187926476615,0.000000,STABLE,STABLE,0,STABLE (Table VII caption),AGREE,2.739E-006,1.067E-007,6.044E-006,1.233E-004,0.0119
29,symmetric,-13.815926551818848,309,16.457609176635742,0,0,0,0,14.860498428344727,0,C+,-0.14987540192687651,3.4472249961777064,3.4504815331160854,0.0434360829027611,1.000000,STABLE,STABLE,0,STABLE (Table VII caption),AGREE,4.106E-005,6.228E-006,8.760E-006,1.226E-003,0.0096
29,symmetric,-13.815926551818848,309,16.457609176635742,0,0,0,0,14.860498428344727,0,C-,-0.14987540192687651,-3.4472249961777064,3.4504815331160854,0.0434360829027611,1.000000,STABLE,STABLE,0,STABLE (Table VII caption),AGREE,4.106E-005,6.228E-006,8.760E-006,1.226E-003,0.0096
29,symmetric,-13.815926551818848,309,16.457609176635742,0,0,0,0,14.860498428344727,0,D,-0.42513857266677657,0,0.42513857266677657,,1.000000,STABLE,STABLE,0,STABLE (Table VII caption),AGREE,7.822E-007,1.164E-007,7.822E-006,3.418E-004,0.0224
29,symmetric,-13.815926551818848,309,16.457609176635742,0,0,0,0,14.860498428344727,0,E,-0.15129114932694032,0,0.15129114932694032,,1.000000,STABLE,STABLE,0,STABLE (Table VII caption),AGREE,1.591E-006,2.404E-007,1.591E-005,1.637E-005,0.0018
30,symmetric,-14.019343376159668,307.7,16.614627838134766,0,0,0,0,14.816377639770508,0,A+,-0.67117490065765439,1.3584343838600659,1.5151962653485156,0.44296235148340674,0.000000,STABLE,STABLE,0,STABLE (Table VII caption),AGREE,3.658E-006,2.914E-006,3.501E-005,3.367E-003,0.0707
30,symmetric,-14.019343376159668,307.7,16.614627838134766,0,0,0,0,14.816377639770508,0,A-,-0.67117490065765439,-1.3584343838600659,1.5151962653485156,0.44296235148340674,0.000000,STABLE,STABLE,0,STABLE (Table VII caption),AGREE,3.658E-006,2.914E-006,3.501E-005,3.367E-003,0.0707
30,symmetric,-14.019343376159668,307.7,16.614627838134766,0,0,0,0,14.816377639770508,0,B+,-0.016081597837803809,0.132186523425539,0.13316116087038077,0.12076793062398769,0.000000,STABLE,STABLE,0,STABLE (Table VII caption),AGREE,2.943E-006,8.402E-008,5.262E-006,1.122E-004,0.0163
30,symmetric,-14.019343376159668,307.7,16.614627838134766,0,0,0,0,14.816377639770508,0,B-,-0.016081597837803809,-0.132186523425539,0.13316116087038077,0.12076793062398769,0.000000,STABLE,STABLE,0,STABLE (Table VII caption),AGREE,2.943E-006,8.402E-008,5.262E-006,1.122E-004,0.0163
30,symmetric,-14.019343376159668,307.7,16.614627838134766,0,0,0,0,14.816377639770508,0,C+,-0.15862041675412536,3.4158917530046606,3.4195726202051193,0.046386035441063594,1.000000,STABLE,STABLE,0,STABLE (Table VII caption),AGREE,4.133E-005,6.246E-006,9.343E-006,1.280E-003,0.0148
30,symmetric,-14.019343376159668,307.7,16.614627838134766,0,0,0,0,14.816377639770508,0,C-,-0.15862041675412536,-3.4158917530046606,3.4195726202051193,0.046386035441063594,1.000000,STABLE,STABLE,0,STABLE (Table VII caption),AGREE,4.133E-005,6.246E-006,9.343E-006,1.280E-003,0.0148
30,symmetric,-14.019343376159668,307.7,16.614627838134766,0,0,0,0,14.816377639770508,0,D,-0.43422864926126914,0,0.43422864926126914,,1.000000,STABLE,STABLE,0,STABLE (Table VII caption),AGREE,8.331E-007,1.249E-007,8.331E-006,3.568E-004,0.0332
30,symmetric,-14.019343376159668,307.7,16.614627838134766,0,0,0,0,14.816377639770508,0,E,-0.15165229056477236,0,0.15165229056477236,,1.000000,STABLE,STABLE,0,STABLE (Table VII caption),AGREE,1.529E-006,2.314E-007,1.529E-005,1.209E-005,0.0019
31,symmetric,-14.209561347961426,306.5,16.761556625366211,0,0,0,0,14.773773193359375,0,A+,-0.60244229406886263,1.3674502931684345,1.4942747478189515,0.40316701794511983,0.000000,STABLE,STABLE,0,STABLE (Table VII caption),AGREE,3.219E-006,5.161E-007,3.034E-005,2.402E-003,0.0503
31,symmetric,-14.209561347961426,306.5,16.761556625366211,0,0,0,0,14.773773193359375,0,A-,-0.60244229406886263,-1.3674502931684345,1.4942747478189515,0.40316701794511983,0.000000,STABLE,STABLE,0,STABLE (Table VII caption),AGREE,3.219E-006,5.161E-007,3.034E-005,2.402E-003,0.0503
31,symmetric,-14.209561347961426,306.5,16.761556625366211,0,0,0,0,14.773773193359375,0,B+,-0.017614287420910559,0.13411499972760707,0.13526675967613955,0.13021889090182473,0.000000,STABLE,STABLE,0,STABLE (Table VII caption),AGREE,2.993E-006,2.106E-007,4.907E-006,9.194E-005,0.0130
31,symmetric,-14.209561347961426,306.5,16.761556625366211,0,0,0,0,14.773773193359375,0,B-,-0.017614287420910559,-0.13411499972760707,0.13526675967613955,0.13021889090182473,0.000000,STABLE,STABLE,0,STABLE (Table VII caption),AGREE,2.993E-006,2.106E-007,4.907E-006,9.194E-005,0.0130
31,symmetric,-14.209561347961426,306.5,16.761556625366211,0,0,0,0,14.773773193359375,0,C+,-0.16856345722557292,3.3861193219041335,3.3903123309341789,0.049719152919202092,1.000000,STABLE,STABLE,0,STABLE (Table VII caption),AGREE,4.172E-005,6.240E-006,9.728E-006,1.339E-003,0.0148
31,symmetric,-14.209561347961426,306.5,16.761556625366211,0,0,0,0,14.773773193359375,0,C-,-0.16856345722557292,-3.3861193219041335,3.3903123309341789,0.049719152919202092,1.000000,STABLE,STABLE,0,STABLE (Table VII caption),AGREE,4.172E-005,6.240E-006,9.728E-006,1.339E-003,0.0148
31,symmetric,-14.209561347961426,306.5,16.761556625366211,0,0,0,0,14.773773193359375,0,D,-0.44289404123936282,0,0.44289404123936282,,1.000000,STABLE,STABLE,0,STABLE (Table VII caption),AGREE,9.123E-007,1.346E-007,9.123E-006,3.643E-004,0.0307
31,symmetric,-14.209561347961426,306.5,16.761556625366211,0,0,0,0,14.773773193359375,0,E,-0.15192402627286675,0,0.15192402627286675,,1.000000,STABLE,STABLE,0,STABLE (Table VII caption),AGREE,1.479E-006,2.211E-007,1.479E-005,1.109E-005,0.0014
32,symmetric,-14.385997772216797,305.4,16.897945404052734,0,0,0,0,14.733112335205078,0,A+,-0.56237590391878967,1.3699646632556646,1.4809016968987787,0.37975235297284471,0.000000,STABLE,STABLE,0,STABLE (Table VII caption),AGREE,6.127E-006,4.476E-007,6.026E-005,1.261E-003,0.0294
32,symmetric,-14.385997772216797,305.4,16.897945404052734,0,0,0,0,14.733112335205078,0,A-,-0.56237590391878967,-1.3699646632556646,1.4809016968987787,0.37975235297284471,0.000000,STABLE,STABLE,0,STABLE (Table VII caption),AGREE,6.127E-006,4.476E-007,6.026E-005,1.261E-003,0.0294
32,symmetric,-14.385997772216797,305.4,16.897945404052734,0,0,0,0,14.733112335205078,0,B+,-0.018715251213731389,0.13542258604821467,0.13670968305127176,0.13689777341311221,0.000000,STABLE,STABLE,0,STABLE (Table VII caption),AGREE,3.008E-006,1.794E-007,4.863E-006,6.323E-005,0.0090
32,symmetric,-14.385997772216797,305.4,16.897945404052734,0,0,0,0,14.733112335205078,0,B-,-0.018715251213731389,-0.13542258604821467,0.13670968305127176,0.13689777341311221,0.000000,STABLE,STABLE,0,STABLE (Table VII caption),AGREE,3.008E-006,1.794E-007,4.863E-006,6.323E-005,0.0090
32,symmetric,-14.385997772216797,305.4,16.897945404052734,0,0,0,0,14.733112335205078,0,C+,-0.17943709278843456,3.3580311741094171,3.3628218859402939,0.053359083196956578,1.000000,STABLE,STABLE,0,STABLE (Table VII caption),AGREE,4.206E-005,6.229E-006,1.046E-005,1.403E-003,0.0146
32,symmetric,-14.385997772216797,305.4,16.897945404052734,0,0,0,0,14.733112335205078,0,C-,-0.17943709278843456,-3.3580311741094171,3.3628218859402939,0.053359083196956578,1.000000,STABLE,STABLE,0,STABLE (Table VII caption),AGREE,4.206E-005,6.229E-006,1.046E-005,1.403E-003,0.0146
32,symmetric,-14.385997772216797,305.4,16.897945404052734,0,0,0,0,14.733112335205078,0,D,-0.45092645304307727,0,0.45092645304307727,,1.000000,STABLE,STABLE,0,STABLE (Table VII caption),AGREE,9.675E-007,1.520E-007,9.675E-006,3.650E-004,0.0276
32,symmetric,-14.385997772216797,305.4,16.897945404052734,0,0,0,0,14.733112335205078,0,E,-0.15218194709478264,0,0.15218194709478264,,1.000000,STABLE,STABLE,0,STABLE (Table VII caption),AGREE,1.422E-006,2.124E-007,1.422E-005,1.287E-005,0.0014
33,symmetric,-14.580731391906738,304.20000000000005,17.048618316650391,0,0,0,0,14.686978340148928,0,A+,-0.54885355778872613,1.3679247155228049,1.473926136288888,0.37237521221426484,0.000000,STABLE,STABLE,0,STABLE (Table VII caption),AGREE,3.402E-006,7.018E-006,6.942E-005,2.476E-004,0.0101
33,symmetric,-14.580731391906738,304.20000000000005,17.048618316650391,0,0,0,0,14.686978340148928,0,A-,-0.54885355778872613,-1.3679247155228049,1.473926136288888,0.37237521221426484,0.000000,STABLE,STABLE,0,STABLE (Table VII caption),AGREE,3.402E-006,7.018E-006,6.942E-005,2.476E-004,0.0101
33,symmetric,-14.580731391906738,304.20000000000005,17.048618316650391,0,0,0,0,14.686978340148928,0,B+,-0.019412904895234971,0.13622112387071661,0.13759743989287213,0.14108478261186461,0.000000,STABLE,STABLE,0,STABLE (Table VII caption),AGREE,3.141E-006,5.100E-007,4.350E-006,3.454E-005,0.0056
33,symmetric,-14.580731391906738,304.20000000000005,17.048618316650391,0,0,0,0,14.686978340148928,0,B-,-0.019412904895234971,-0.13622112387071661,0.13759743989287213,0.14108478261186461,0.000000,STABLE,STABLE,0,STABLE (Table VII caption),AGREE,3.141E-006,5.100E-007,4.350E-006,3.454E-005,0.0056
33,symmetric,-14.580731391906738,304.20000000000005,17.048618316650391,0,0,0,0,14.686978340148928,0,C+,-0.19313534882321814,3.3264670061778414,3.3320690278196272,0.057962589373365472,1.000000,STABLE,STABLE,0,STABLE (Table VII caption),AGREE,4.238E-005,6.318E-006,1.092E-005,1.440E-003,0.0170
33,symmetric,-14.580731391906738,304.20000000000005,17.048618316650391,0,0,0,0,14.686978340148928,0,C-,-0.19313534882321814,-3.3264670061778414,3.3320690278196272,0.057962589373365472,1.000000,STABLE,STABLE,0,STABLE (Table VII caption),AGREE,4.238E-005,6.318E-006,1.092E-005,1.440E-003,0.0170
33,symmetric,-14.580731391906738,304.20000000000005,17.048618316650391,0,0,0,0,14.686978340148928,0,D,-0.45948277982899954,0,0.45948277982899954,,1.000000,STABLE,STABLE,0,STABLE (Table VII caption),AGREE,1.063E-006,1.712E-007,1.063E-005,3.266E-004,0.0286
33,symmetric,-14.580731391906738,304.20000000000005,17.048618316650391,0,0,0,0,14.686978340148928,0,E,-0.15258792144426492,0,0.15258792144426492,,1.000000,STABLE,STABLE,0,STABLE (Table VII caption),AGREE,1.373E-006,1.953E-007,1.373E-005,3.023E-005,0.0021
34,symmetric,-14.777824401855469,303,17.201284408569336,0,0,0,0,14.638971328735352,0,A+,-0.54384523169677079,1.3646839829886812,1.469057524219241,0.37020009273347404,0.000000,STABLE,STABLE,0,STABLE (Table VII caption),AGREE,1.197E-005,5.596E-007,1.184E-004,2.505E-004,0.0044
34,symmetric,-14.777824401855469,303,17.201284408569336,0,0,0,0,14.638971328735352,0,A-,-0.54384523169677079,-1.3646839829886812,1.469057524219241,0.37020009273347404,0.000000,STABLE,STABLE,0,STABLE (Table VII caption),AGREE,1.197E-005,5.596E-007,1.184E-004,2.505E-004,0.0044
34,symmetric,-14.777824401855469,303,17.201284408569336,0,0,0,0,14.638971328735352,0,B+,-0.019970669570263541,0.13684336467548691,0.13829292859287112,0.14440846523003645,0.000000,STABLE,STABLE,0,STABLE (Table VII caption),AGREE,3.170E-006,2.210E-007,4.429E-006,3.515E-005,0.0044
34,symmetric,-14.777824401855469,303,17.201284408569336,0,0,0,0,14.638971328735352,0,B-,-0.019970669570263541,-0.13684336467548691,0.13829292859287112,0.14440846523003645,0.000000,STABLE,STABLE,0,STABLE (Table VII caption),AGREE,3.170E-006,2.210E-007,4.429E-006,3.515E-005,0.0044
34,symmetric,-14.777824401855469,303,17.201284408569336,0,0,0,0,14.638971328735352,0,C+,-0.20480055487301729,3.2945286380860637,3.3008880948080486,0.062044076924372908,1.000000,STABLE,STABLE,0,STABLE (Table VII caption),AGREE,4.270E-005,6.393E-006,1.173E-005,1.398E-003,0.0171
34,symmetric,-14.777824401855469,303,17.201284408569336,0,0,0,0,14.638971328735352,0,C-,-0.20480055487301729,-3.2945286380860637,3.3008880948080486,0.062044076924372908,1.000000,STABLE,STABLE,0,STABLE (Table VII caption),AGREE,4.270E-005,6.393E-006,1.173E-005,1.398E-003,0.0171
34,symmetric,-14.777824401855469,303,17.201284408569336,0,0,0,0,14.638971328735352,0,D,-0.46599657891083118,0,0.46599657891083118,,1.000000,STABLE,STABLE,0,STABLE (Table VII caption),AGREE,1.110E-006,1.779E-007,1.110E-005,2.237E-004,0.0212
34,symmetric,-14.777824401855469,303,17.201284408569336,0,0,0,0,14.638971328735352,0,E,-0.1537502393971201,0,0.1537502393971201,,1.000000,STABLE,STABLE,0,STABLE (Table VII caption),AGREE,1.313E-006,1.949E-007,1.313E-005,6.687E-005,0.0061
35,symmetric,-14.960564613342285,301.9,17.343006134033203,0,0,0,0,14.593299865722656,0,A+,-0.53920622844641963,1.3616696478391108,1.4645434737971079,0.36817358999144273,0.000000,STABLE,STABLE,0,STABLE (Table VII caption),AGREE,5.146E-006,2.387E-006,3.742E-005,2.583E-004,0.0041
35,symmetric,-14.960564613342285,301.9,17.343006134033203,0,0,0,0,14.593299865722656,0,A-,-0.53920622844641963,-1.3616696478391108,1.4645434737971079,0.36817358999144273,0.000000,STABLE,STABLE,0,STABLE (Table VII caption),AGREE,5.146E-006,2.387E-006,3.742E-005,2.583E-004,0.0041
35,symmetric,-14.960564613342285,301.9,17.343006134033203,0,0,0,0,14.593299865722656,0,B+,-0.020497323042672586,0.137417166058826,0.13893745995790566,0.14752913324371073,0.000000,STABLE,STABLE,0,STABLE (Table VII caption),AGREE,3.336E-006,1.214E-007,3.781E-006,3.598E-005,0.0041
35,symmetric,-14.960564613342285,301.9,17.343006134033203,0,0,0,0,14.593299865722656,0,B-,-0.020497323042672586,-0.137417166058826,0.13893745995790566,0.14752913324371073,0.000000,STABLE,STABLE,0,STABLE (Table VII caption),AGREE,3.336E-006,1.214E-007,3.781E-006,3.598E-005,0.0041
35,symmetric,-14.960564613342285,301.9,17.343006134033203,0,0,0,0,14.593299865722656,0,C+,-0.21260402405622897,3.2651432810625796,3.2720576273826549,0.064975635599148249,1.000000,STABLE,STABLE,0,STABLE (Table VII caption),AGREE,4.301E-005,6.418E-006,1.193E-005,1.370E-003,0.0155
35,symmetric,-14.960564613342285,301.9,17.343006134033203,0,0,0,0,14.593299865722656,0,C-,-0.21260402405622897,-3.2651432810625796,3.2720576273826549,0.064975635599148249,1.000000,STABLE,STABLE,0,STABLE (Table VII caption),AGREE,4.301E-005,6.418E-006,1.193E-005,1.370E-003,0.0155
35,symmetric,-14.960564613342285,301.9,17.343006134033203,0,0,0,0,14.593299865722656,0,D,-0.46998388383216189,0,0.46998388383216189,,1.000000,STABLE,STABLE,0,STABLE (Table VII caption),AGREE,1.151E-006,1.673E-007,1.151E-005,1.448E-004,0.0128
35,symmetric,-14.960564613342285,301.9,17.343006134033203,0,0,0,0,14.593299865722656,0,E,-0.1555202489924831,0,0.1555202489924831,,1.000000,STABLE,STABLE,0,STABLE (Table VII caption),AGREE,1.235E-006,1.920E-007,1.235E-005,9.442E-005,0.0092
36,symmetric,-15.145285606384277,300.8,17.4864559173584,0,0,0,0,14.546023368835447,0,A+,-0.53451377343591577,1.3586114717946862,1.4599760632574854,0.36611132667703705,0.000000,STABLE,STABLE,0,STABLE (Table VII caption),AGREE,1.241E-005,2.730E-007,1.228E-004,2.562E-004,0.0042
36,symmetric,-15.145285606384277,300.8,17.4864559173584,0,0,0,0,14.546023368835447,0,A-,-0.53451377343591577,-1.3586114717946862,1.4599760632574854,0.36611132667703705,0.000000,STABLE,STABLE,0,STABLE (Table VII caption),AGREE,1.241E-005,2.730E-007,1.228E-004,2.562E-004,0.0042
36,symmetric,-15.145285606384277,300.8,17.4864559173584,0,0,0,0,14.546023368835447,0,B+,-0.021039248948127271,0.13799452872799298,0.13958918280139818,0.15072263140949152,0.000000,STABLE,STABLE,0,STABLE (Table VII caption),AGREE,3.149E-006,2.106E-007,5.040E-006,3.629E-005,0.0041
36,symmetric,-15.145285606384277,300.8,17.4864559173584,0,0,0,0,14.546023368835447,0,B-,-0.021039248948127271,-0.13799452872799298,0.13958918280139818,0.15072263140949152,0.000000,STABLE,STABLE,0,STABLE (Table VII caption),AGREE,3.149E-006,2.106E-007,5.040E-006,3.629E-005,0.0041
36,symmetric,-15.145285606384277,300.8,17.4864559173584,0,0,0,0,14.546023368835447,0,C+,-0.21770900565562995,3.23568078506415,3.2429966626527569,0.067132047393951053,1.000000,STABLE,STABLE,0,STABLE (Table VII caption),AGREE,4.344E-005,6.455E-006,1.222E-005,1.352E-003,0.0155
36,symmetric,-15.145285606384277,300.8,17.4864559173584,0,0,0,0,14.546023368835447,0,C-,-0.21770900565562995,-3.23568078506415,3.2429966626527569,0.067132047393951053,1.000000,STABLE,STABLE,0,STABLE (Table VII caption),AGREE,4.344E-005,6.455E-006,1.222E-005,1.352E-003,0.0155
36,symmetric,-15.145285606384277,300.8,17.4864559173584,0,0,0,0,14.546023368835447,0,D,-0.47239621185738107,0,0.47239621185738107,,1.000000,STABLE,STABLE,0,STABLE (Table VII caption),AGREE,1.130E-006,1.742E-007,1.130E-005,7.974E-005,0.0077
36,symmetric,-15.145285606384277,300.8,17.4864559173584,0,0,0,0,14.546023368835447,0,E,-0.15784351093669979,0,0.15784351093669979,,1.000000,STABLE,STABLE,0,STABLE (Table VII caption),AGREE,1.186E-006,1.789E-007,1.186E-005,1.171E-004,0.0121
37,symmetric,-15.3490571975708,299.59999999999997,17.644935607910156,0,0,0,0,14.492599487304686,0,A+,-0.52934949332286851,1.3552255468114827,1.4549388883426202,0.36382936600579285,0.000000,STABLE,STABLE,0,STABLE (Table VII caption),AGREE,3.231E-006,5.489E-006,5.426E-005,2.640E-004,0.0047
37,symmetric,-15.3490571975708,299.59999999999997,17.644935607910156,0,0,0,0,14.492599487304686,0,A-,-0.52934949332286851,-1.3552255468114827,1.4549388883426202,0.36382936600579285,0.000000,STABLE,STABLE,0,STABLE (Table VII caption),AGREE,3.231E-006,5.489E-006,5.426E-005,2.640E-004,0.0047
37,symmetric,-15.3490571975708,299.59999999999997,17.644935607910156,0,0,0,0,14.492599487304686,0,B+,-0.02164799818030929,0.13862775935965249,0.14030784543386157,0.15428929232979877,0.000000,STABLE,STABLE,0,STABLE (Table VII caption),AGREE,3.209E-006,4.480E-007,4.916E-006,3.718E-005,0.0045
37,symmetric,-15.3490571975708,299.59999999999997,17.644935607910156,0,0,0,0,14.492599487304686,0,B-,-0.02164799818030929,-0.13862775935965249,0.14030784543386157,0.15428929232979877,0.000000,STABLE,STABLE,0,STABLE (Table VII caption),AGREE,3.209E-006,4.480E-007,4.916E-006,3.718E-005,0.0045
37,symmetric,-15.3490571975708,299.59999999999997,17.644935607910156,0,0,0,0,14.492599487304686,0,C+,-0.22028943988945776,3.2034652028901025,3.211030479994629,0.068603970364624581,1.000000,STABLE,STABLE,0,STABLE (Table VII caption),AGREE,4.374E-005,6.597E-006,1.240E-005,1.345E-003,0.0170
37,symmetric,-15.3490571975708,299.59999999999997,17.644935607910156,0,0,0,0,14.492599487304686,0,C-,-0.22028943988945776,-3.2034652028901025,3.211030479994629,0.068603970364624581,1.000000,STABLE,STABLE,0,STABLE (Table VII caption),AGREE,4.374E-005,6.597E-006,1.240E-005,1.345E-003,0.0170
37,symmetric,-15.3490571975708,299.59999999999997,17.644935607910156,0,0,0,0,14.492599487304686,0,D,-0.47358373057966752,0,0.47358373057966752,,1.000000,STABLE,STABLE,0,STABLE (Table VII caption),AGREE,1.090E-006,1.579E-007,1.090E-005,2.414E-005,0.0038
37,symmetric,-15.3490571975708,299.59999999999997,17.644935607910156,0,0,0,0,14.492599487304686,0,E,-0.16088795614522397,0,0.16088795614522397,,1.000000,STABLE,STABLE,0,STABLE (Table VII caption),AGREE,1.092E-006,1.680E-007,1.092E-005,1.366E-004,0.0157
38,symmetric,-15.537910461425781,298.5,17.792058944702148,0,0,0,0,14.441921234130861,0,A+,-0.5245779056700689,1.3520752759481223,1.4502722264965935,0.36170995767965985,0.000000,STABLE,STABLE,0,STABLE (Table VII caption),AGREE,2.991E-006,4.003E-006,3.992E-005,2.623E-004,0.0043
38,symmetric,-15.537910461425781,298.5,17.792058944702148,0,0,0,0,14.441921234130861,0,A-,-0.5245779056700689,-1.3520752759481223,1.4502722264965935,0.36170995767965985,0.000000,STABLE,STABLE,0,STABLE (Table VII caption),AGREE,2.991E-006,4.003E-006,3.992E-005,2.623E-004,0.0043
38,symmetric,-15.537910461425781,298.5,17.792058944702148,0,0,0,0,14.441921234130861,0,B+,-0.02222246261402637,0.13921110536998474,0.14097364896662351,0.15763557783261814,0.000000,STABLE,STABLE,0,STABLE (Table VII caption),AGREE,3.300E-006,1.218E-007,4.733E-006,3.757E-005,0.0042
38,symmetric,-15.537910461425781,298.5,17.792058944702148,0,0,0,0,14.441921234130861,0,B-,-0.02222246261402637,-0.13921110536998474,0.14097364896662351,0.15763557783261814,0.000000,STABLE,STABLE,0,STABLE (Table VII caption),AGREE,3.300E-006,1.218E-007,4.733E-006,3.757E-005,0.0042
38,symmetric,-15.537910461425781,298.5,17.792058944702148,0,0,0,0,14.441921234130861,0,C+,-0.22001270727655409,3.1738607709827016,3.1814772959972646,0.0691542597375629,1.000000,STABLE,STABLE,0,STABLE (Table VII caption),AGREE,4.420E-005,6.517E-006,1.237E-005,1.350E-003,0.0158
38,symmetric,-15.537910461425781,298.5,17.792058944702148,0,0,0,0,14.441921234130861,0,C-,-0.22001270727655409,-3.1738607709827016,3.1814772959972646,0.0691542597375629,1.000000,STABLE,STABLE,0,STABLE (Table VII caption),AGREE,4.420E-005,6.517E-006,1.237E-005,1.350E-003,0.0158
38,symmetric,-15.537910461425781,298.5,17.792058944702148,0,0,0,0,14.441921234130861,0,D,-0.47366515377798651,0,0.47366515377798651,,1.000000,STABLE,STABLE,0,STABLE (Table VII caption),AGREE,1.024E-006,1.470E-007,1.024E-005,1.426E-005,0.0003
38,symmetric,-15.537910461425781,298.5,17.792058944702148,0,0,0,0,14.441921234130861,0,E,-0.16404073536883446,0,0.16404073536883446,,1.000000,STABLE,STABLE,0,STABLE (Table VII caption),AGREE,1.003E-006,1.510E-007,1.003E-005,1.499E-004,0.0160
39,symmetric,-15.711309432983398,297.5,17.927370071411133,0,0,0,0,14.394425392150881,0,A+,-0.52020886680128442,1.3491717262121241,1.445988109186545,0.35976012769146015,0.000000,STABLE,STABLE,0,STABLE (Table VII caption),AGREE,4.921E-006,4.819E-006,4.808E-005,2.690E-004,0.0040
39,symmetric,-15.711309432983398,297.5,17.927370071411133,0,0,0,0,14.394425392150881,0,A-,-0.52020886680128442,-1.3491717262121241,1.445988109186545,0.35976012769146015,0.000000,STABLE,STABLE,0,STABLE (Table VII caption),AGREE,4.921E-006,4.819E-006,4.808E-005,2.690E-004,0.0040
39,symmetric,-15.711309432983398,297.5,17.927370071411133,0,0,0,0,14.394425392150881,0,B+,-0.022758713045206463,0.13974379690653671,0.14158491372081078,0.16074250036330875,0.000000,STABLE,STABLE,0,STABLE (Table VII caption),AGREE,3.487E-006,1.376E-007,3.880E-006,3.836E-005,0.0038
39,symmetric,-15.711309432983398,297.5,17.927370071411133,0,0,0,0,14.394425392150881,0,B-,-0.022758713045206463,-0.13974379690653671,0.14158491372081078,0.16074250036330875,0.000000,STABLE,STABLE,0,STABLE (Table VII caption),AGREE,3.487E-006,1.376E-007,3.880E-006,3.836E-005,0.0038
39,symmetric,-15.711309432983398,297.5,17.927370071411133,0,0,0,0,14.394425392150881,0,C+,-0.21765987085068644,3.1468718596331948,3.154390324663392,0.069002199616470458,1.000000,STABLE,STABLE,0,STABLE (Table VII caption),AGREE,4.441E-005,6.718E-006,1.241E-005,1.362E-003,0.0147
39,symmetric,-15.711309432983398,297.5,17.927370071411133,0,0,0,0,14.394425392150881,0,C-,-0.21765987085068644,-3.1468718596331948,3.154390324663392,0.069002199616470458,1.000000,STABLE,STABLE,0,STABLE (Table VII caption),AGREE,4.441E-005,6.718E-006,1.241E-005,1.362E-003,0.0147
39,symmetric,-15.711309432983398,297.5,17.927370071411133,0,0,0,0,14.394425392150881,0,D,-0.47315608285173566,0,0.47315608285173566,,1.000000,STABLE,STABLE,0,STABLE (Table VII caption),AGREE,9.346E-007,1.429E-007,9.346E-006,3.591E-005,0.0016
39,symmetric,-15.711309432983398,297.5,17.927370071411133,0,0,0,0,14.394425392150881,0,E,-0.16712168775955807,0,0.16712168775955807,,1.000000,STABLE,STABLE,0,STABLE (Table VII caption),AGREE,9.124E-007,1.345E-007,9.124E-006,1.580E-004,0.0155
40,symmetric,-15.903925895690918,296.4,18.077947616577148,0,0,0,0,14.340604782104492,0,A+,-0.51536254115856406,1.3459324830477812,1.441226143862433,0.35758617296339867,0.000000,STABLE,STABLE,0,STABLE (Table VII caption),AGREE,5.850E-006,4.141E-007,5.778E-005,2.672E-004,0.0045
40,symmetric,-15.903925895690918,296.4,18.077947616577148,0,0,0,0,14.340604782104492,0,A-,-0.51536254115856406,-1.3459324830477812,1.441226143862433,0.35758617296339867,0.000000,STABLE,STABLE,0,STABLE (Table VII caption),AGREE,5.850E-006,4.141E-007,5.778E-005,2.672E-004,0.0045
40,symmetric,-15.903925895690918,296.4,18.077947616577148,0,0,0,0,14.340604782104492,0,B+,-0.023364507214664727,0.14033257423870421,0.14226430188155267,0.16423309927825533,0.000000,STABLE,STABLE,0,STABLE (Table VII caption),AGREE,3.405E-006,1.994E-007,4.636E-006,3.877E-005,0.0042
40,symmetric,-15.903925895690918,296.4,18.077947616577148,0,0,0,0,14.340604782104492,0,B-,-0.023364507214664727,-0.14033257423870421,0.14226430188155267,0.16423309927825533,0.000000,STABLE,STABLE,0,STABLE (Table VII caption),AGREE,3.405E-006,1.994E-007,4.636E-006,3.877E-005,0.0042
40,symmetric,-15.903925895690918,296.4,18.077947616577148,0,0,0,0,14.340604782104492,0,C+,-0.21287472831900822,3.11707501509272,3.1243354972973325,0.068134401220084351,1.000000,STABLE,STABLE,0,STABLE (Table VII caption),AGREE,4.482E-005,6.808E-006,1.256E-005,1.384E-003,0.0166
40,symmetric,-15.903925895690918,296.4,18.077947616577148,0,0,0,0,14.340604782104492,0,C-,-0.21287472831900822,-3.11707501509272,3.1243354972973325,0.068134401220084351,1.000000,STABLE,STABLE,0,STABLE (Table VII caption),AGREE,4.482E-005,6.808E-006,1.256E-005,1.384E-003,0.0166
40,symmetric,-15.903925895690918,296.4,18.077947616577148,0,0,0,0,14.340604782104492,0,D,-0.47222337285970728,0,0.47222337285970728,,1.000000,STABLE,STABLE,0,STABLE (Table VII caption),AGREE,8.387E-007,1.200E-007,8.387E-006,4.721E-005,0.0030
40,symmetric,-15.903925895690918,296.4,18.077947616577148,0,0,0,0,14.340604782104492,0,E,-0.17065101644106592,0,0.17065101644106592,,1.000000,STABLE,STABLE,0,STABLE (Table VII caption),AGREE,7.764E-007,1.235E-007,7.764E-006,1.622E-004,0.0176
41,symmetric,-16.134092330932617,295.09999999999997,18.258279800415039,0,0,0,0,14.274869918823242,0,A+,-0.50960352418187549,1.3420440332233579,1.4355409917410944,0.35499057645424908,0.000000,STABLE,STABLE,0,STABLE (Table VII caption),AGREE,3.828E-006,2.118E-006,2.281E-005,2.699E-004,0.0053
41,symmetric,-16.134092330932617,295.09999999999997,18.258279800415039,0,0,0,0,14.274869918823242,0,A-,-0.50960352418187549,-1.3420440332233579,1.4355409917410944,0.35499057645424908,0.000000,STABLE,STABLE,0,STABLE (Table VII caption),AGREE,3.828E-006,2.118E-006,2.281E-005,2.699E-004,0.0053
41,symmetric,-16.134092330932617,295.09999999999997,18.258279800415039,0,0,0,0,14.274869918823242,0,B+,-0.024101963199341755,0.14103118684934401,0.14307585503570128,0.1684558389906366,0.000000,STABLE,STABLE,0,STABLE (Table VII caption),AGREE,3.527E-006,3.073E-007,4.207E-006,3.953E-005,0.0050
41,symmetric,-16.134092330932617,295.09999999999997,18.258279800415039,0,0,0,0,14.274869918823242,0,B-,-0.024101963199341755,-0.14103118684934401,0.14307585503570128,0.1684558389906366,0.000000,STABLE,STABLE,0,STABLE (Table VII caption),AGREE,3.527E-006,3.073E-007,4.207E-006,3.953E-005,0.0050
41,symmetric,-16.134092330932617,295.09999999999997,18.258279800415039,0,0,0,0,14.274869918823242,0,C+,-0.20444355041025625,3.0816634038691335,3.088437549967725,0.066196433342935082,1.000000,STABLE,STABLE,0,STABLE (Table VII caption),AGREE,4.530E-005,6.852E-006,1.240E-005,1.419E-003,0.0203
41,symmetric,-16.134092330932617,295.09999999999997,18.258279800415039,0,0,0,0,14.274869918823242,0,C-,-0.20444355041025625,-3.0816634038691335,3.088437549967725,0.066196433342935082,1.000000,STABLE,STABLE,0,STABLE (Table VII caption),AGREE,4.530E-005,6.852E-006,1.240E-005,1.419E-003,0.0203
41,symmetric,-16.134092330932617,295.09999999999997,18.258279800415039,0,0,0,0,14.274869918823242,0,D,-0.47099944176708708,0,0.47099944176708708,,1.000000,STABLE,STABLE,0,STABLE (Table VII caption),AGREE,6.788E-007,1.047E-007,6.788E-006,4.431E-005,0.0041
41,symmetric,-16.134092330932617,295.09999999999997,18.258279800415039,0,0,0,0,14.274869918823242,0,E,-0.17486490112468203,0,0.17486490112468203,,1.000000,STABLE,STABLE,0,STABLE (Table VII caption),AGREE,6.243E-007,9.158E-008,6.243E-006,1.608E-004,0.0207
42,symmetric,-16.366994857788086,293.8,18.441226959228516,0,0,0,0,14.206820487976074,0,A+,-0.5038058840931976,1.3380882995099337,1.4297904273467195,0.35236344743761971,0.000000,STABLE,STABLE,0,STABLE (Table VII caption),AGREE,5.186E-006,4.737E-006,5.181E-005,2.720E-004,0.0054
42,symmetric,-16.366994857788086,293.8,18.441226959228516,0,0,0,0,14.206820487976074,0,A-,-0.5038058840931976,-1.3380882995099337,1.4297904273467195,0.35236344743761971,0.000000,STABLE,STABLE,0,STABLE (Table VII caption),AGREE,5.186E-006,4.737E-006,5.181E-005,2.720E-004,0.0054
42,symmetric,-16.366994857788086,293.8,18.441226959228516,0,0,0,0,14.206820487976074,0,B+,-0.024863486727246545,0.14173290520424406,0.14389721814500514,0.17278643081335751,0.000000,STABLE,STABLE,0,STABLE (Table VII caption),AGREE,3.556E-006,1.503E-007,4.387E-006,4.027E-005,0.0050
42,symmetric,-16.366994857788086,293.8,18.441226959228516,0,0,0,0,14.206820487976074,0,B-,-0.024863486727246545,-0.14173290520424406,0.14389721814500514,0.17278643081335751,0.000000,STABLE,STABLE,0,STABLE (Table VII caption),AGREE,3.556E-006,1.503E-007,4.387E-006,4.027E-005,0.0050
42,symmetric,-16.366994857788086,293.8,18.441226959228516,0,0,0,0,14.206820487976074,0,C+,-0.193267715831606,3.0459638278606684,3.05208912887851,0.0633230904048409,1.000000,STABLE,STABLE,0,STABLE (Table VII caption),AGREE,4.579E-005,6.861E-006,1.228E-005,1.462E-003,0.0212
42,symmetric,-16.366994857788086,293.8,18.441226959228516,0,0,0,0,14.206820487976074,0,C-,-0.193267715831606,-3.0459638278606684,3.05208912887851,0.0633230904048409,1.000000,STABLE,STABLE,0,STABLE (Table VII caption),AGREE,4.579E-005,6.861E-006,1.228E-005,1.462E-003,0.0212
42,symmetric,-16.366994857788086,293.8,18.441226959228516,0,0,0,0,14.206820487976074,0,D,-0.47008231373453313,0,0.47008231373453313,,1.000000,STABLE,STABLE,0,STABLE (Table VII caption),AGREE,5.274E-007,7.645E-008,5.274E-006,2.422E-005,0.0031
42,symmetric,-16.366994857788086,293.8,18.441226959228516,0,0,0,0,14.206820487976074,0,E,-0.17894310200874647,0,0.17894310200874647,,1.000000,STABLE,STABLE,0,STABLE (Table VII caption),AGREE,4.374E-007,7.287E-008,4.374E-006,1.520E-004,0.0198
43,symmetric,-16.602619171142578,292.5,18.6268367767334,0,0,0,0,14.136454582214355,0,A+,-0.49797174900889463,1.334063735434539,1.4239739860729665,0.34970565043972496,0.000000,STABLE,STABLE,0,STABLE (Table VII caption),AGREE,1.146E-005,2.829E-006,1.137E-004,2.793E-004,0.0055
43,symmetric,-16.602619171142578,292.5,18.6268367767334,0,0,0,0,14.136454582214355,0,A-,-0.49797174900889463,-1.334063735434539,1.4239739860729665,0.34970565043972496,0.000000,STABLE,STABLE,0,STABLE (Table VII caption),AGREE,1.146E-005,2.829E-006,1.137E-004,2.793E-004,0.0055
43,symmetric,-16.602619171142578,292.5,18.6268367767334,0,0,0,0,14.136454582214355,0,B+,-0.025649693554127741,0.14243752092757528,0.14472855332453963,0.17722621393589702,0.000000,STABLE,STABLE,0,STABLE (Table VII caption),AGREE,3.414E-006,3.394E-007,5.704E-006,4.127E-005,0.0050
43,symmetric,-16.602619171142578,292.5,18.6268367767334,0,0,0,0,14.136454582214355,0,B-,-0.025649693554127741,-0.14243752092757528,0.14472855332453963,0.17722621393589702,0.000000,STABLE,STABLE,0,STABLE (Table VII caption),AGREE,3.414E-006,3.394E-007,5.704E-006,4.127E-005,0.0050
43,symmetric,-16.602619171142578,292.5,18.6268367767334,0,0,0,0,14.136454582214355,0,C+,-0.17967165094049595,3.0098867219971206,3.0152445972766881,0.05958775321337844,1.000000,STABLE,STABLE,0,STABLE (Table VII caption),AGREE,4.625E-005,6.894E-006,1.231E-005,1.507E-003,0.0222
43,symmetric,-16.602619171142578,292.5,18.6268367767334,0,0,0,0,14.136454582214355,0,C-,-0.17967165094049595,-3.0098867219971206,3.0152445972766881,0.05958775321337844,1.000000,STABLE,STABLE,0,STABLE (Table VII caption),AGREE,4.625E-005,6.894E-006,1.231E-005,1.507E-003,0.0222
43,symmetric,-16.602619171142578,292.5,18.6268367767334,0,0,0,0,14.136454582214355,0,D,-0.46990580429450363,0,0.46990580429450363,,1.000000,STABLE,STABLE,0,STABLE (Table VII caption),AGREE,3.457E-007,4.677E-008,3.457E-006,1.342E-005,0.0006
43,symmetric,-16.602619171142578,292.5,18.6268367767334,0,0,0,0,14.136454582214355,0,E,-0.18269054748681851,0,0.18269054748681851,,1.000000,STABLE,STABLE,0,STABLE (Table VII caption),AGREE,2.463E-007,3.831E-008,2.463E-006,1.357E-004,0.0179
44,symmetric,-16.8409481048584,291.2,18.815141677856445,0,0,0,0,14.063782691955566,0,A+,-0.49212315439480975,1.3299710143636037,1.4181001721101549,0.34702989540049411,0.000000,STABLE,STABLE,0,STABLE (Table VII caption),AGREE,3.696E-006,1.269E-006,2.199E-005,2.821E-004,0.0056
44,symmetric,-16.8409481048584,291.2,18.815141677856445,0,0,0,0,14.063782691955566,0,A-,-0.49212315439480975,-1.3299710143636037,1.4181001721101549,0.34702989540049411,0.000000,STABLE,STABLE,0,STABLE (Table VII caption),AGREE,3.696E-006,1.269E-006,2.199E-005,2.821E-004,0.0056
44,symmetric,-16.8409481048584,291.2,18.815141677856445,0,0,0,0,14.063782691955566,0,B+,-0.026460679578771695,0.14314399862025814,0.14556913101604643,0.18177397497725578,0.000000,STABLE,STABLE,0,STABLE (Table VII caption),AGREE,3.678E-006,1.818E-007,4.326E-006,4.212E-005,0.0051
44,symmetric,-16.8409481048584,291.2,18.815141677856445,0,0,0,0,14.063782691955566,0,B-,-0.026460679578771695,-0.14314399862025814,0.14556913101604643,0.18177397497725578,0.000000,STABLE,STABLE,0,STABLE (Table VII caption),AGREE,3.678E-006,1.818E-007,4.326E-006,4.212E-005,0.0051
44,symmetric,-16.8409481048584,291.2,18.815141677856445,0,0,0,0,14.063782691955566,0,C+,-0.16403562283125234,2.9733313943693114,2.9778527945987845,0.055085202038455156,1.000000,STABLE,STABLE,0,STABLE (Table VII caption),AGREE,4.677E-005,7.026E-006,1.242E-005,1.553E-003,0.0233
44,symmetric,-16.8409481048584,291.2,18.815141677856445,0,0,0,0,14.063782691955566,0,C-,-0.16403562283125234,-2.9733313943693114,2.9778527945987845,0.055085202038455156,1.000000,STABLE,STABLE,0,STABLE (Table VII caption),AGREE,4.677E-005,7.026E-006,1.242E-005,1.553E-003,0.0233
44,symmetric,-16.8409481048584,291.2,18.815141677856445,0,0,0,0,14.063782691955566,0,D,-0.47084952519303608,0,0.47084952519303608,,1.000000,STABLE,STABLE,0,STABLE (Table VII caption),AGREE,1.735E-007,2.647E-008,1.735E-006,6.302E-005,0.0033
44,symmetric,-16.8409481048584,291.2,18.815141677856445,0,0,0,0,14.063782691955566,0,E,-0.18592499465724979,0,0.18592499465724979,,1.000000,STABLE,STABLE,0,STABLE (Table VII caption),AGREE,4.249E-008,1.688E-008,1.000E-006,1.130E-004,0.0153
45,symmetric,-17.081977844238281,289.9,19.006193161010742,0,0,0,0,13.988815307617188,0,A+,-0.48624399509750643,1.325807217201084,1.4121607557041322,0.34432623420062064,0.000000,STABLE,STABLE,0,STABLE (Table VII caption),AGREE,4.801E-006,5.774E-006,5.736E-005,2.835E-004,0.0057
45,symmetric,-17.081977844238281,289.9,19.006193161010742,0,0,0,0,13.988815307617188,0,A-,-0.48624399509750643,-1.325807217201084,1.4121607557041322,0.34432623420062064,0.000000,STABLE,STABLE,0,STABLE (Table VII caption),AGREE,4.801E-006,5.774E-006,5.736E-005,2.835E-004,0.0057
45,symmetric,-17.081977844238281,289.9,19.006193161010742,0,0,0,0,13.988815307617188,0,B+,-0.027297535824413834,0.14385287186609383,0.14641995836021798,0.18643316205060825,0.000000,STABLE,STABLE,0,STABLE (Table VII caption),AGREE,3.495E-006,4.812E-007,5.982E-006,4.286E-005,0.0051
45,symmetric,-17.081977844238281,289.9,19.006193161010742,0,0,0,0,13.988815307617188,0,B-,-0.027297535824413834,-0.14385287186609383,0.14641995836021798,0.18643316205060825,0.000000,STABLE,STABLE,0,STABLE (Table VII caption),AGREE,3.495E-006,4.812E-007,5.982E-006,4.286E-005,0.0051
45,symmetric,-17.081977844238281,289.9,19.006193161010742,0,0,0,0,13.988815307617188,0,C+,-0.1468010924918533,2.9361858119611015,2.9398533438112988,0.049934835287238077,1.000000,STABLE,STABLE,0,STABLE (Table VII caption),AGREE,4.721E-005,7.095E-006,1.305E-005,1.598E-003,0.0244
45,symmetric,-17.081977844238281,289.9,19.006193161010742,0,0,0,0,13.988815307617188,0,C-,-0.1468010924918533,-2.9361858119611015,2.9398533438112988,0.049934835287238077,1.000000,STABLE,STABLE,0,STABLE (Table VII caption),AGREE,4.721E-005,7.095E-006,1.305E-005,1.598E-003,0.0244
45,symmetric,-17.081977844238281,289.9,19.006193161010742,0,0,0,0,13.988815307617188,0,D,-0.47320542031578045,0,0.47320542031578045,,1.000000,STABLE,STABLE,0,STABLE (Table VII caption),AGREE,2.319E-008,7.343E-009,1.000E-006,1.215E-004,0.0083
45,symmetric,-17.081977844238281,289.9,19.006193161010742,0,0,0,0,13.988815307617188,0,E,-0.18850069373088452,0,0.18850069373088452,,1.000000,STABLE,STABLE,0,STABLE (Table VII caption),AGREE,1.514E-007,2.408E-008,1.514E-006,8.563E-005,0.0120
46,symmetric,-17.306846618652344,288.7,19.185024261474609,0,0,0,0,13.917590141296387,0,A+,-0.48081385410994132,1.3219017683926735,1.4066293924071589,0.34181985440182405,0.000000,STABLE,STABLE,0,STABLE (Table VII caption),AGREE,1.179E-005,6.668E-007,1.171E-004,2.804E-004,0.0053
46,symmetric,-17.306846618652344,288.7,19.185024261474609,0,0,0,0,13.917590141296387,0,A-,-0.48081385410994132,-1.3219017683926735,1.4066293924071589,0.34181985440182405,0.000000,STABLE,STABLE,0,STABLE (Table VII caption),AGREE,1.179E-005,6.668E-007,1.171E-004,2.804E-004,0.0053
46,symmetric,-17.306846618652344,288.7,19.185024261474609,0,0,0,0,13.917590141296387,0,B+,-0.028092916809570306,0.14450820507589335,0.14721356360446508,0.19083103568534379,0.000000,STABLE,STABLE,0,STABLE (Table VII caption),AGREE,3.616E-006,2.124E-007,5.458E-006,4.337E-005,0.0048
46,symmetric,-17.306846618652344,288.7,19.185024261474609,0,0,0,0,13.917590141296387,0,B-,-0.028092916809570306,-0.14450820507589335,0.14721356360446508,0.19083103568534379,0.000000,STABLE,STABLE,0,STABLE (Table VII caption),AGREE,3.616E-006,2.124E-007,5.458E-006,4.337E-005,0.0048
46,symmetric,-17.306846618652344,288.7,19.185024261474609,0,0,0,0,13.917590141296387,0,C+,-0.1299149454262265,2.9012689393726294,2.9041761915581987,0.044733837362850325,1.000000,STABLE,STABLE,0,STABLE (Table VII caption),AGREE,4.786E-005,7.084E-006,1.343E-005,1.635E-003,0.0236
46,symmetric,-17.306846618652344,288.7,19.185024261474609,0,0,0,0,13.917590141296387,0,C-,-0.1299149454262265,-2.9012689393726294,2.9041761915581987,0.044733837362850325,1.000000,STABLE,STABLE,0,STABLE (Table VII caption),AGREE,4.786E-005,7.084E-006,1.343E-005,1.635E-003,0.0236
46,symmetric,-17.306846618652344,288.7,19.185024261474609,0,0,0,0,13.917590141296387,0,D,-0.47678083923554415,0,0.47678083923554415,,1.000000,STABLE,STABLE,0,STABLE (Table VII caption),AGREE,6.335E-008,1.684E-008,1.000E-006,1.788E-004,0.0126
46,symmetric,-17.306846618652344,288.7,19.185024261474609,0,0,0,0,13.917590141296387,0,E,-0.19021995783836476,0,0.19021995783836476,,1.000000,STABLE,STABLE,0,STABLE (Table VII caption),AGREE,3.379E-007,3.555E-008,3.379E-006,5.873E-005,0.0080
47,symmetric,-9.4375696182250977,342.9,13.046645164489746,0,0,0,0,15.39231014251709,0,A+,0.81389939269760159,0.86792659682376949,1.189844022932256,-0.68403872861572634,0.000000,UNSTABLE,UNSTABLE,2,STABLE (Table VII caption),DISAGREE,9.501E-006,1.235E-006,5.476E-005,3.194E-004,0.0000
47,symmetric,-9.4375696182250977,342.9,13.046645164489746,0,0,0,0,15.39231014251709,0,A-,0.81389939269760159,-0.86792659682376949,1.189844022932256,-0.68403872861572634,0.000000,UNSTABLE,UNSTABLE,2,STABLE (Table VII caption),DISAGREE,9.501E-006,1.235E-006,5.476E-005,3.194E-004,0.0000
47,symmetric,-9.4375696182250977,342.9,13.046645164489746,0,0,0,0,15.39231014251709,0,B+,-0.039554311350311643,0.15508033823544043,0.16004516504292154,0.24714468156350622,0.000000,STABLE,UNSTABLE,2,STABLE (Table VII caption),DISAGREE,2.710E-006,1.853E-008,1.235E-005,1.784E-005,0.0000
47,symmetric,-9.4375696182250977,342.9,13.046645164489746,0,0,0,0,15.39231014251709,0,B-,-0.039554311350311643,-0.15508033823544043,0.16004516504292154,0.24714468156350622,0.000000,STABLE,UNSTABLE,2,STABLE (Table VII caption),DISAGREE,2.710E-006,1.853E-008,1.235E-005,1.784E-005,0.0000
47,symmetric,-9.4375696182250977,342.9,13.046645164489746,0,0,0,0,15.39231014251709,0,C+,-0.20617387658785702,4.0836446355674161,4.0888459468394993,0.050423488502231419,1.000000,STABLE,UNSTABLE,2,STABLE (Table VII caption),DISAGREE,3.673E-005,5.484E-006,1.080E-005,7.941E-004,0.0000
47,symmetric,-9.4375696182250977,342.9,13.046645164489746,0,0,0,0,15.39231014251709,0,C-,-0.20617387658785702,-4.0836446355674161,4.0888459468394993,0.050423488502231419,1.000000,STABLE,UNSTABLE,2,STABLE (Table VII caption),DISAGREE,3.673E-005,5.484E-006,1.080E-005,7.941E-004,0.0000
47,symmetric,-9.4375696182250977,342.9,13.046645164489746,0,0,0,0,15.39231014251709,0,D,-0.46613164987552125,0,0.46613164987552125,,1.000000,STABLE,UNSTABLE,2,STABLE (Table VII caption),DISAGREE,1.123E-006,1.875E-007,1.123E-005,3.327E-004,0.0000
47,symmetric,-9.4375696182250977,342.9,13.046645164489746,0,0,0,0,15.39231014251709,0,E,-0.058660451313331925,0,0.058660451313331925,,1.000000,STABLE,UNSTABLE,2,STABLE (Table VII caption),DISAGREE,1.838E-006,2.822E-007,1.838E-005,1.473E-004,0.0000
48,symmetric,-9.5536966323852539,341.8,13.139451026916504,0,0,0,0,15.390041351318361,0,A+,0.80586894062585246,0.877816445065982,1.1916318478010361,-0.67627341625096149,0.000000,UNSTABLE,UNSTABLE,2,STABLE (Table VII caption),DISAGREE,7.716E-006,4.090E-006,2.459E-005,8.714E-004,0.0115
48,symmetric,-9.5536966323852539,341.8,13.139451026916504,0,0,0,0,15.390041351318361,0,A-,0.80586894062585246,-0.877816445065982,1.1916318478010361,-0.67627341625096149,0.000000,UNSTABLE,UNSTABLE,2,STABLE (Table VII caption),DISAGREE,7.716E-006,4.090E-006,2.459E-005,8.714E-004,0.0115
48,symmetric,-9.5536966323852539,341.8,13.139451026916504,0,0,0,0,15.390041351318361,0,B+,-0.039774249618360111,0.15509211899130873,0.16011107490088836,0.24841660480376568,0.000000,STABLE,UNSTABLE,2,STABLE (Table VII caption),DISAGREE,3.193E-006,4.488E-007,1.564E-005,4.539E-006,0.0014
48,symmetric,-9.5536966323852539,341.8,13.139451026916504,0,0,0,0,15.390041351318361,0,B-,-0.039774249618360111,-0.15509211899130873,0.16011107490088836,0.24841660480376568,0.000000,STABLE,UNSTABLE,2,STABLE (Table VII caption),DISAGREE,3.193E-006,4.488E-007,1.564E-005,4.539E-006,0.0014
48,symmetric,-9.5536966323852539,341.8,13.139451026916504,0,0,0,0,15.390041351318361,0,C+,-0.20235637890133412,4.0665121601805865,4.0715438414658678,0.049700159639808832,1.000000,STABLE,UNSTABLE,2,STABLE (Table VII caption),DISAGREE,3.684E-005,5.462E-006,1.025E-005,8.022E-004,0.0052
48,symmetric,-9.5536966323852539,341.8,13.139451026916504,0,0,0,0,15.390041351318361,0,C-,-0.20235637890133412,-4.0665121601805865,4.0715438414658678,0.049700159639808832,1.000000,STABLE,UNSTABLE,2,STABLE (Table VII caption),DISAGREE,3.684E-005,5.462E-006,1.025E-005,8.022E-004,0.0052
48,symmetric,-9.5536966323852539,341.8,13.139451026916504,0,0,0,0,15.390041351318361,0,D,-0.45889921475427553,0,0.45889921475427553,,1.000000,STABLE,UNSTABLE,2,STABLE (Table VII caption),DISAGREE,1.130E-006,1.374E-007,1.130E-005,3.250E-004,0.0177
48,symmetric,-9.5536966323852539,341.8,13.139451026916504,0,0,0,0,15.390041351318361,0,E,-0.061953018426879732,0,0.061953018426879732,,1.000000,STABLE,UNSTABLE,2,STABLE (Table VII caption),DISAGREE,1.871E-006,2.792E-007,1.871E-005,1.522E-004,0.0211
49,symmetric,-9.6821870803833,340.6,13.241881370544434,0,0,0,0,15.386670112609865,0,A+,0.78777986204999739,0.89952349512782548,1.1957172029114962,-0.65883459745481876,0.000000,UNSTABLE,UNSTABLE,2,STABLE (Table VII caption),DISAGREE,1.052E-005,2.549E-006,6.401E-005,1.515E-003,0.0254
49,symmetric,-9.6821870803833,340.6,13.241881370544434,0,0,0,0,15.386670112609865,0,A-,0.78777986204999739,-0.89952349512782548,1.1957172029114962,-0.65883459745481876,0.000000,UNSTABLE,UNSTABLE,2,STABLE (Table VII caption),DISAGREE,1.052E-005,2.549E-006,6.401E-005,1.515E-003,0.0254
49,symmetric,-9.6821870803833,340.6,13.241881370544434,0,0,0,0,15.386670112609865,0,B+,-0.039637782765229411,0.15490575547729699,0.1598966757082074,0.247896227921359,0.000000,STABLE,UNSTABLE,2,STABLE (Table VII caption),DISAGREE,2.980E-006,5.140E-007,1.344E-005,1.881E-005,0.0015
49,symmetric,-9.6821870803833,340.6,13.241881370544434,0,0,0,0,15.386670112609865,0,B-,-0.039637782765229411,-0.15490575547729699,0.1598966757082074,0.247896227921359,0.000000,STABLE,UNSTABLE,2,STABLE (Table VII caption),DISAGREE,2.980E-006,5.140E-007,1.344E-005,1.881E-005,0.0015
49,symmetric,-9.6821870803833,340.6,13.241881370544434,0,0,0,0,15.386670112609865,0,C+,-0.19812731098820252,4.04762663383214,4.0524728004351509,0.048890472742205149,1.000000,STABLE,UNSTABLE,2,STABLE (Table VII caption),DISAGREE,3.687E-005,5.510E-006,1.019E-005,8.111E-004,0.0058
49,symmetric,-9.6821870803833,340.6,13.241881370544434,0,0,0,0,15.386670112609865,0,C-,-0.19812731098820252,-4.04762663383214,4.0524728004351509,0.048890472742205149,1.000000,STABLE,UNSTABLE,2,STABLE (Table VII caption),DISAGREE,3.687E-005,5.510E-006,1.019E-005,8.111E-004,0.0058
49,symmetric,-9.6821870803833,340.6,13.241881370544434,0,0,0,0,15.386670112609865,0,D,-0.45120956664221368,0,0.45120956664221368,,1.000000,STABLE,UNSTABLE,2,STABLE (Table VII caption),DISAGREE,1.073E-006,1.736E-007,1.073E-005,3.160E-004,0.0194
49,symmetric,-9.6821870803833,340.6,13.241881370544434,0,0,0,0,15.386670112609865,0,E,-0.065664980068009082,0,0.065664980068009082,,1.000000,STABLE,UNSTABLE,2,STABLE (Table VII caption),DISAGREE,1.907E-006,2.806E-007,1.907E-005,1.574E-004,0.0237
50,symmetric,-9.80164623260498,339.5,13.336881637573242,0,0,0,0,15.382736206054689,0,A+,0.76160008650664957,0.929502627865203,1.2016695997549636,-0.63378493278181458,0.000000,UNSTABLE,UNSTABLE,2,STABLE (Table VII caption),DISAGREE,9.945E-006,4.768E-006,6.222E-005,2.133E-003,0.0358
50,symmetric,-9.80164623260498,339.5,13.336881637573242,0,0,0,0,15.382736206054689,0,A-,0.76160008650664957,-0.929502627865203,1.2016695997549636,-0.63378493278181458,0.000000,UNSTABLE,UNSTABLE,2,STABLE (Table VII caption),DISAGREE,9.945E-006,4.768E-006,6.222E-005,2.133E-003,0.0358
50,symmetric,-9.80164623260498,339.5,13.336881637573242,0,0,0,0,15.382736206054689,0,B+,-0.039132779946628574,0.15453000518082841,0.15940795766691859,0.24548824612881714,0.000000,STABLE,UNSTABLE,2,STABLE (Table VII caption),DISAGREE,2.964E-006,8.051E-007,1.309E-005,3.901E-005,0.0040
50,symmetric,-9.80164623260498,339.5,13.336881637573242,0,0,0,0,15.382736206054689,0,B-,-0.039132779946628574,-0.15453000518082841,0.15940795766691859,0.24548824612881714,0.000000,STABLE,UNSTABLE,2,STABLE (Table VII caption),DISAGREE,2.964E-006,8.051E-007,1.309E-005,3.901E-005,0.0040
50,symmetric,-9.80164623260498,339.5,13.336881637573242,0,0,0,0,15.382736206054689,0,C+,-0.19419952319979553,4.03013052419024,4.0348067483859653,0.048131059381587661,1.000000,STABLE,UNSTABLE,2,STABLE (Table VII caption),DISAGREE,3.694E-005,5.600E-006,9.654E-006,8.195E-004,0.0054
50,symmetric,-9.80164623260498,339.5,13.336881637573242,0,0,0,0,15.382736206054689,0,C-,-0.19419952319979553,-4.03013052419024,4.0348067483859653,0.048131059381587661,1.000000,STABLE,UNSTABLE,2,STABLE (Table VII caption),DISAGREE,3.694E-005,5.600E-006,9.654E-006,8.195E-004,0.0054
50,symmetric,-9.80164623260498,339.5,13.336881637573242,0,0,0,0,15.382736206054689,0,D,-0.44435915525598563,0,0.44435915525598563,,1.000000,STABLE,UNSTABLE,2,STABLE (Table VII caption),DISAGREE,1.079E-006,1.481E-007,1.079E-005,3.070E-004,0.0178
50,symmetric,-9.80164623260498,339.5,13.336881637573242,0,0,0,0,15.382736206054689,0,E,-0.069175639378839415,0,0.069175639378839415,,1.000000,STABLE,UNSTABLE,2,STABLE (Table VII caption),DISAGREE,1.923E-006,2.888E-007,1.923E-005,1.620E-004,0.0223
51,symmetric,-9.9227237701416016,338.4,13.432950973510742,0,0,0,0,15.377971649169922,0,A+,0.72514789775439437,0.96866728496810561,1.2100230504354448,-0.59928436693287712,0.000000,UNSTABLE,UNSTABLE,2,STABLE (Table VII caption),DISAGREE,5.537E-006,4.103E-006,3.836E-005,2.762E-003,0.0000
51,symmetric,-9.9227237701416016,338.4,13.432950973510742,0,0,0,0,15.377971649169922,0,A-,0.72514789775439437,-0.96866728496810561,1.2100230504354448,-0.59928436693287712,0.000000,UNSTABLE,UNSTABLE,2,STABLE (Table VII caption),DISAGREE,5.537E-006,4.103E-006,3.836E-005,2.762E-003,0.0000
51,symmetric,-9.9227237701416016,338.4,13.432950973510742,0,0,0,0,15.377971649169922,0,B+,-0.038238576545976108,0.15393012924422006,0.15860855407387323,0.24108773180143978,0.000000,STABLE,UNSTABLE,2,STABLE (Table VII caption),DISAGREE,2.807E-006,7.092E-007,1.169E-005,6.021E-005,0.0000
51,symmetric,-9.9227237701416016,338.4,13.432950973510742,0,0,0,0,15.377971649169922,0,B-,-0.038238576545976108,-0.15393012924422006,0.15860855407387323,0.24108773180143978,0.000000,STABLE,UNSTABLE,2,STABLE (Table VII caption),DISAGREE,2.807E-006,7.092E-007,1.169E-005,6.021E-005,0.0000
51,symmetric,-9.9227237701416016,338.4,13.432950973510742,0,0,0,0,15.377971649169922,0,C+,-0.19023153346059252,4.0124532006874265,4.0169601347324253,0.047357087718089608,1.000000,STABLE,UNSTABLE,2,STABLE (Table VII caption),DISAGREE,3.699E-005,5.642E-006,9.538E-006,8.281E-004,0.0000
51,symmetric,-9.9227237701416016,338.4,13.432950973510742,0,0,0,0,15.377971649169922,0,C-,-0.19023153346059252,-4.0124532006874265,4.0169601347324253,0.047357087718089608,1.000000,STABLE,UNSTABLE,2,STABLE (Table VII caption),DISAGREE,3.699E-005,5.642E-006,9.538E-006,8.281E-004,0.0000
51,symmetric,-9.9227237701416016,338.4,13.432950973510742,0,0,0,0,15.377971649169922,0,D,-0.43771421421089479,0,0.43771421421089479,,1.000000,STABLE,UNSTABLE,2,STABLE (Table VII caption),DISAGREE,1.043E-006,1.666E-007,1.043E-005,2.974E-004,0.0000
51,symmetric,-9.9227237701416016,338.4,13.432950973510742,0,0,0,0,15.377971649169922,0,E,-0.072786324228364965,0,0.072786324228364965,,1.000000,STABLE,UNSTABLE,2,STABLE (Table VII caption),DISAGREE,1.961E-006,2.935E-007,1.961E-005,1.664E-004,0.0000
52,symmetric,-10.045441627502441,337.3,13.530109405517578,0,0,0,0,15.37235736846924,0,A+,0.67727806148108338,1.0161051133979808,1.2211368367374305,-0.55462913009044879,0.000000,UNSTABLE,UNSTABLE,2,STABLE (Table VII caption),DISAGREE,6.770E-006,6.926E-006,4.753E-005,3.395E-003,0.0000
52,symmetric,-10.045441627502441,337.3,13.530109405517578,0,0,0,0,15.37235736846924,0,A-,0.67727806148108338,-1.0161051133979808,1.2211368367374305,-0.55462913009044879,0.000000,UNSTABLE,UNSTABLE,2,STABLE (Table VII caption),DISAGREE,6.770E-006,6.926E-006,4.753E-005,3.395E-003,0.0000
52,symmetric,-10.045441627502441,337.3,13.530109405517578,0,0,0,0,15.37235736846924,0,B+,-0.036938796115556519,0.15306920323416756,0.15746318819714514,0.23458686781642488,0.000000,STABLE,UNSTABLE,2,STABLE (Table VII caption),DISAGREE,3.165E-006,7.599E-007,1.243E-005,8.282E-005,0.0000
52,symmetric,-10.045441627502441,337.3,13.530109405517578,0,0,0,0,15.37235736846924,0,B-,-0.036938796115556519,-0.15306920323416756,0.15746318819714514,0.23458686781642488,0.000000,STABLE,UNSTABLE,2,STABLE (Table VII caption),DISAGREE,3.165E-006,7.599E-007,1.243E-005,8.282E-005,0.0000
52,symmetric,-10.045441627502441,337.3,13.530109405517578,0,0,0,0,15.37235736846924,0,C+,-0.18623283417112732,3.9945892613618339,3.9989281108205348,0.046570688196971473,1.000000,STABLE,UNSTABLE,2,STABLE (Table VII caption),DISAGREE,3.718E-005,5.605E-006,9.076E-006,8.366E-004,0.0000
52,symmetric,-10.045441627502441,337.3,13.530109405517578,0,0,0,0,15.37235736846924,0,C-,-0.18623283417112732,-3.9945892613618339,3.9989281108205348,0.046570688196971473,1.000000,STABLE,UNSTABLE,2,STABLE (Table VII caption),DISAGREE,3.718E-005,5.605E-006,9.076E-006,8.366E-004,0.0000
52,symmetric,-10.045441627502441,337.3,13.530109405517578,0,0,0,0,15.37235736846924,0,D,-0.43129085616614687,0,0.43129085616614687,,1.000000,STABLE,UNSTABLE,2,STABLE (Table VII caption),DISAGREE,1.044E-006,1.408E-007,1.044E-005,2.869E-004,0.0000
52,symmetric,-10.045441627502441,337.3,13.530109405517578,0,0,0,0,15.37235736846924,0,E,-0.076492933354880749,0,0.076492933354880749,,1.000000,STABLE,UNSTABLE,2,STABLE (Table VII caption),DISAGREE,1.974E-006,3.114E-007,1.974E-005,1.707E-004,0.0000
55,symmetric,-10.411916732788086,334.1,13.819079399108887,0,0,0,0,15.350980758666992,0,A+,0.461085426036408,1.1868683426447979,1.2732856053830128,-0.36212254665182553,0.000000,UNSTABLE,UNSTABLE,2,STABLE (Table VII caption),DISAGREE,4.532E-006,2.520E-006,2.483E-005,5.266E-003,0.0000
55,symmetric,-10.411916732788086,334.1,13.819079399108887,0,0,0,0,15.350980758666992,0,A-,0.461085426036408,-1.1868683426447979,1.2732856053830128,-0.36212254665182553,0.000000,UNSTABLE,UNSTABLE,2,STABLE (Table VII caption),DISAGREE,4.532E-006,2.520E-006,2.483E-005,5.266E-003,0.0000
55,symmetric,-10.411916732788086,334.1,13.819079399108887,0,0,0,0,15.350980758666992,0,B+,-0.030918059160595607,0.14866351442840064,0.15184454848449902,0.20361652406475339,0.000000,STABLE,UNSTABLE,2,STABLE (Table VII caption),DISAGREE,2.767E-006,4.275E-007,7.252E-006,1.517E-004,0.0000
55,symmetric,-10.411916732788086,334.1,13.819079399108887,0,0,0,0,15.350980758666992,0,B-,-0.030918059160595607,-0.14866351442840064,0.15184454848449902,0.20361652406475339,0.000000,STABLE,UNSTABLE,2,STABLE (Table VII caption),DISAGREE,2.767E-006,4.275E-007,7.252E-006,1.517E-004,0.0000
55,symmetric,-10.411916732788086,334.1,13.819079399108887,0,0,0,0,15.350980758666992,0,C+,-0.17453214955398758,3.9415138899980997,3.9453761818457678,0.044237137730257219,1.000000,STABLE,UNSTABLE,2,STABLE (Table VII caption),DISAGREE,3.736E-005,5.749E-006,8.379E-006,8.624E-004,0.0000
55,symmetric,-10.411916732788086,334.1,13.819079399108887,0,0,0,0,15.350980758666992,0,C-,-0.17453214955398758,-3.9415138899980997,3.9453761818457678,0.044237137730257219,1.000000,STABLE,UNSTABLE,2,STABLE (Table VII caption),DISAGREE,3.736E-005,5.749E-006,8.379E-006,8.624E-004,0.0000
55,symmetric,-10.411916732788086,334.1,13.819079399108887,0,0,0,0,15.350980758666992,0,D,-0.41403961923849575,0,0.41403961923849575,,1.000000,STABLE,UNSTABLE,2,STABLE (Table VII caption),DISAGREE,9.824E-007,1.466E-007,9.824E-006,2.514E-004,0.0000
55,symmetric,-10.411916732788086,334.1,13.819079399108887,0,0,0,0,15.350980758666992,0,E,-0.087759091473929282,0,0.087759091473929282,,1.000000,STABLE,UNSTABLE,2,STABLE (Table VII caption),DISAGREE,2.056E-006,3.067E-007,2.056E-005,1.809E-004,0.0000
56,symmetric,-10.541207313537598,333,13.920639038085938,0,0,0,0,15.341827392578127,0,A+,0.35571710826331948,1.2500821309877579,1.2997076576392523,-0.27369009190069155,0.000000,UNSTABLE,UNSTABLE,2,STABLE (Table VII caption),DISAGREE,4.280E-006,4.519E-006,3.667E-005,5.942E-003,0.0000
56,symmetric,-10.541207313537598,333,13.920639038085938,0,0,0,0,15.341827392578127,0,A-,0.35571710826331948,-1.2500821309877579,1.2997076576392523,-0.27369009190069155,0.000000,UNSTABLE,UNSTABLE,2,STABLE (Table VII caption),DISAGREE,4.280E-006,4.519E-006,3.667E-005,5.942E-003,0.0000
56,symmetric,-10.541207313537598,333,13.920639038085938,0,0,0,0,15.341827392578127,0,B+,-0.0281963042753419,0.14634518332553126,0.1490367211708947,0.1891903153385284,0.000000,STABLE,UNSTABLE,2,STABLE (Table VII caption),DISAGREE,2.656E-006,5.579E-007,5.313E-006,1.743E-004,0.0000
56,symmetric,-10.541207313537598,333,13.920639038085938,0,0,0,0,15.341827392578127,0,B-,-0.0281963042753419,-0.14634518332553126,0.1490367211708947,0.1891903153385284,0.000000,STABLE,UNSTABLE,2,STABLE (Table VII caption),DISAGREE,2.656E-006,5.579E-007,5.313E-006,1.743E-004,0.0000
56,symmetric,-10.541207313537598,333,13.920639038085938,0,0,0,0,15.341827392578127,0,C+,-0.1705299960442419,3.9228708542760851,3.9265756351915129,0.04342969851793637,1.000000,STABLE,UNSTABLE,2,STABLE (Table VII caption),DISAGREE,3.753E-005,5.617E-006,8.434E-006,8.714E-004,0.0000
56,symmetric,-10.541207313537598,333,13.920639038085938,0,0,0,0,15.341827392578127,0,C-,-0.1705299960442419,-3.9228708542760851,3.9265756351915129,0.04342969851793637,1.000000,STABLE,UNSTABLE,2,STABLE (Table VII caption),DISAGREE,3.753E-005,5.617E-006,8.434E-006,8.714E-004,0.0000
56,symmetric,-10.541207313537598,333,13.920639038085938,0,0,0,0,15.341827392578127,0,D,-0.40867138395402736,0,0.40867138395402736,,1.000000,STABLE,UNSTABLE,2,STABLE (Table VII caption),DISAGREE,9.414E-007,1.562E-007,9.414E-006,2.371E-004,0.0000
56,symmetric,-10.541207313537598,333,13.920639038085938,0,0,0,0,15.341827392578127,0,E,-0.091768008096210135,0,0.091768008096210135,,1.000000,STABLE,UNSTABLE,2,STABLE (Table VII caption),DISAGREE,2.089E-006,2.970E-007,2.089E-005,1.835E-004,0.0000
57,symmetric,-10.660237312316895,332,14.013978958129883,0,0,0,0,15.332670211791992,0,A+,0.24389872217703532,1.3056789357075933,1.3282635543558756,-0.18362223474189268,0.000000,UNSTABLE,UNSTABLE,2,STABLE (Table VII caption),DISAGREE,5.468E-006,7.477E-007,3.870E-005,6.588E-003,0.0000
57,symmetric,-10.660237312316895,332,14.013978958129883,0,0,0,0,15.332670211791992,0,A-,0.24389872217703532,-1.3056789357075933,1.3282635543558756,-0.18362223474189268,0.000000,UNSTABLE,UNSTABLE,2,STABLE (Table VII caption),DISAGREE,5.468E-006,7.477E-007,3.870E-005,6.588E-003,0.0000
57,symmetric,-10.660237312316895,332,14.013978958129883,0,0,0,0,15.332670211791992,0,B+,-0.025528910080017654,0.143832522588836,0.14608052506799682,0.17475916155240123,0.000000,STABLE,UNSTABLE,2,STABLE (Table VII caption),DISAGREE,2.913E-006,1.252E-007,4.751E-006,1.929E-004,0.0000
57,symmetric,-10.660237312316895,332,14.013978958129883,0,0,0,0,15.332670211791992,0,B-,-0.025528910080017654,-0.143832522588836,0.14608052506799682,0.17475916155240123,0.000000,STABLE,UNSTABLE,2,STABLE (Table VII caption),DISAGREE,2.913E-006,1.252E-007,4.751E-006,1.929E-004,0.0000
57,symmetric,-10.660237312316895,332,14.013978958129883,0,0,0,0,15.332670211791992,0,C+,-0.16692269885124111,3.9057379146535709,3.9093032429518955,0.042698836206218324,1.000000,STABLE,UNSTABLE,2,STABLE (Table VII caption),DISAGREE,3.764E-005,5.639E-006,7.933E-006,8.798E-004,0.0000
57,symmetric,-10.660237312316895,332,14.013978958129883,0,0,0,0,15.332670211791992,0,C-,-0.16692269885124111,-3.9057379146535709,3.9093032429518955,0.042698836206218324,1.000000,STABLE,UNSTABLE,2,STABLE (Table VII caption),DISAGREE,3.764E-005,5.639E-006,7.933E-006,8.798E-004,0.0000
57,symmetric,-10.660237312316895,332,14.013978958129883,0,0,0,0,15.332670211791992,0,D,-0.4040747014598351,0,0.4040747014598351,,1.000000,STABLE,UNSTABLE,2,STABLE (Table VII caption),DISAGREE,9.550E-007,1.418E-007,9.550E-006,2.231E-004,0.0000
57,symmetric,-10.660237312316895,332,14.013978958129883,0,0,0,0,15.332670211791992,0,E,-0.095455491912213877,0,0.095455491912213877,,1.000000,STABLE,UNSTABLE,2,STABLE (Table VII caption),DISAGREE,2.105E-006,2.992E-007,2.105E-005,1.852E-004,0.0000
58,symmetric,-10.780705451965332,331,14.108295440673828,0,0,0,0,15.322702407836914,0,A+,0.11540565619461118,1.3566137066171975,1.361513574836241,-0.0847627657392192,0.000000,UNSTABLE,UNSTABLE,2,STABLE (Table VII caption),DISAGREE,4.985E-006,1.299E-006,2.754E-005,7.285E-003,0.0000
58,symmetric,-10.780705451965332,331,14.108295440673828,0,0,0,0,15.322702407836914,0,A-,0.11540565619461118,-1.3566137066171975,1.361513574836241,-0.0847627657392192,0.000000,UNSTABLE,UNSTABLE,2,STABLE (Table VII caption),DISAGREE,4.985E-006,1.299E-006,2.754E-005,7.285E-003,0.0000
58,symmetric,-10.780705451965332,331,14.108295440673828,0,0,0,0,15.322702407836914,0,B+,-0.022751469884041933,0.14092987831532353,0.14275454452960987,0.159374750268093,0.000000,STABLE,UNSTABLE,2,STABLE (Table VII caption),DISAGREE,2.804E-006,1.111E-007,2.861E-006,2.092E-004,0.0000
58,symmetric,-10.780705451965332,331,14.108295440673828,0,0,0,0,15.322702407836914,0,B-,-0.022751469884041933,-0.14092987831532353,0.14275454452960987,0.159374750268093,0.000000,STABLE,UNSTABLE,2,STABLE (Table VII caption),DISAGREE,2.804E-006,1.111E-007,2.861E-006,2.092E-004,0.0000
58,symmetric,-10.780705451965332,331,14.108295440673828,0,0,0,0,15.322702407836914,0,C+,-0.1633592901145485,3.8884242681685173,3.8918542556150015,0.041974667956504452,1.000000,STABLE,UNSTABLE,2,STABLE (Table VII caption),DISAGREE,3.775E-005,5.634E-006,7.963E-006,8.884E-004,0.0000
58,symmetric,-10.780705451965332,331,14.108295440673828,0,0,0,0,15.322702407836914,0,C-,-0.1633592901145485,-3.8884242681685173,3.8918542556150015,0.041974667956504452,1.000000,STABLE,UNSTABLE,2,STABLE (Table VII caption),DISAGREE,3.775E-005,5.634E-006,7.963E-006,8.884E-004,0.0000
58,symmetric,-10.780705451965332,331,14.108295440673828,0,0,0,0,15.322702407836914,0,D,-0.39976961642806064,0,0.39976961642806064,,1.000000,STABLE,UNSTABLE,2,STABLE (Table VII caption),DISAGREE,9.200E-007,1.397E-007,9.200E-006,2.080E-004,0.0000
58,symmetric,-10.780705451965332,331,14.108295440673828,0,0,0,0,15.322702407836914,0,E,-0.099171354635064324,0,0.099171354635064324,,1.000000,STABLE,UNSTABLE,2,STABLE (Table VII caption),DISAGREE,2.125E-006,3.085E-007,2.125E-005,1.863E-004,0.0000
59,symmetric,-10.902619361877441,330,14.203598976135254,0,0,0,0,15.311903953552246,0,A+,-0.031235863737071885,1.3994086723769914,1.3997572330612673,0.022315200807185038,0.000000,STABLE,STABLE,0,STABLE (Table VII caption),AGREE,4.211E-006,4.387E-006,4.108E-005,8.052E-003,0.0000
59,symmetric,-10.902619361877441,330,14.203598976135254,0,0,0,0,15.311903953552246,0,A-,-0.031235863737071885,-1.3994086723769914,1.3997572330612673,0.022315200807185038,0.000000,STABLE,STABLE,0,STABLE (Table VII caption),AGREE,4.211E-006,4.387E-006,4.108E-005,8.052E-003,0.0000
59,symmetric,-10.902619361877441,330,14.203598976135254,0,0,0,0,15.311903953552246,0,B+,-0.019939617082833049,0.13765210240964648,0.13908878325445878,0.14335891519270907,0.000000,STABLE,STABLE,0,STABLE (Table VII caption),AGREE,2.627E-006,2.813E-007,1.048E-006,2.228E-004,0.0000
59,symmetric,-10.902619361877441,330,14.203598976135254,0,0,0,0,15.311903953552246,0,B-,-0.019939617082833049,-0.13765210240964648,0.13908878325445878,0.14335891519270907,0.000000,STABLE,STABLE,0,STABLE (Table VII caption),AGREE,2.627E-006,2.813E-007,1.048E-006,2.228E-004,0.0000
59,symmetric,-10.902619361877441,330,14.203598976135254,0,0,0,0,15.311903953552246,0,C+,-0.15985521264207764,3.8709252835604655,3.8742245985379467,0.041261214618895287,1.000000,STABLE,STABLE,0,STABLE (Table VII caption),AGREE,3.778E-005,5.692E-006,7.422E-006,8.968E-004,0.0000
59,symmetric,-10.902619361877441,330,14.203598976135254,0,0,0,0,15.311903953552246,0,C-,-0.15985521264207764,-3.8709252835604655,3.8742245985379467,0.041261214618895287,1.000000,STABLE,STABLE,0,STABLE (Table VII caption),AGREE,3.778E-005,5.692E-006,7.422E-006,8.968E-004,0.0000
59,symmetric,-10.902619361877441,330,14.203598976135254,0,0,0,0,15.311903953552246,0,D,-0.395778856243088,0,0.395778856243088,,1.000000,STABLE,STABLE,0,STABLE (Table VII caption),AGREE,9.378E-007,1.330E-007,9.378E-006,1.917E-004,0.0000
59,symmetric,-10.902619361877441,330,14.203598976135254,0,0,0,0,15.311903953552246,0,E,-0.10290141062124544,0,0.10290141062124544,,1.000000,STABLE,STABLE,0,STABLE (Table VII caption),AGREE,2.126E-006,3.255E-007,2.126E-005,1.866E-004,0.0000
60,symmetric,-11.025996208190918,329,14.299906730651855,0,0,0,0,15.300257682800293,0,A+,-0.1976318133832915,1.4296219354119626,1.4432176592157586,0.136938328131797,0.000000,STABLE,STABLE,0,STABLE (Table VII caption),AGREE,6.575E-006,2.428E-006,6.409E-005,8.934E-003,0.0000
60,symmetric,-11.025996208190918,329,14.299906730651855,0,0,0,0,15.300257682800293,0,A-,-0.1976318133832915,-1.4296219354119626,1.4432176592157586,0.136938328131797,0.000000,STABLE,STABLE,0,STABLE (Table VII caption),AGREE,6.575E-006,2.428E-006,6.409E-005,8.934E-003,0.0000
60,symmetric,-11.025996208190918,329,14.299906730651855,0,0,0,0,15.300257682800293,0,B+,-0.017165499217939993,0.1340326989243863,0.13512741670126119,0.12703194982176982,0.000000,STABLE,STABLE,0,STABLE (Table VII caption),AGREE,2.599E-006,1.629E-007,1.000E-006,2.332E-004,0.0000
60,symmetric,-11.025996208190918,329,14.299906730651855,0,0,0,0,15.300257682800293,0,B-,-0.017165499217939993,-0.1340326989243863,0.13512741670126119,0.12703194982176982,0.000000,STABLE,STABLE,0,STABLE (Table VII caption),AGREE,2.599E-006,1.629E-007,1.000E-006,2.332E-004,0.0000
60,symmetric,-11.025996208190918,329,14.299906730651855,0,0,0,0,15.300257682800293,0,C+,-0.15642712694487762,3.8532357310943928,3.8564096055044215,0.040562892157929069,1.000000,STABLE,STABLE,0,STABLE (Table VII caption),AGREE,3.788E-005,5.677E-006,7.167E-006,9.056E-004,0.0000
60,symmetric,-11.025996208190918,329,14.299906730651855,0,0,0,0,15.300257682800293,0,C-,-0.15642712694487762,-3.8532357310943928,3.8564096055044215,0.040562892157929069,1.000000,STABLE,STABLE,0,STABLE (Table VII caption),AGREE,3.788E-005,5.677E-006,7.167E-006,9.056E-004,0.0000
60,symmetric,-11.025996208190918,329,14.299906730651855,0,0,0,0,15.300257682800293,0,D,-0.39212647280742263,0,0.39212647280742263,,1.000000,STABLE,STABLE,0,STABLE (Table VII caption),AGREE,9.262E-007,1.254E-007,9.262E-006,1.742E-004,0.0000
60,symmetric,-11.025996208190918,329,14.299906730651855,0,0,0,0,15.300257682800293,0,E,-0.10662974233910479,0,0.10662974233910479,,1.000000,STABLE,STABLE,0,STABLE (Table VII caption),AGREE,2.124E-006,3.293E-007,2.124E-005,1.861E-004,0.0000
61,symmetric,-11.150844573974609,328,14.397228240966797,0,0,0,0,15.28774356842041,0,A+,-0.38553415926550594,1.4413506514445638,1.4920215442078002,0.25839717982772703,0.000000,STABLE,STABLE,0,STABLE (Table VII caption),AGREE,9.607E-006,3.188E-006,9.587E-005,9.991E-003,0.0000
61,symmetric,-11.150844573974609,328,14.397228240966797,0,0,0,0,15.28774356842041,0,A-,-0.38553415926550594,-1.4413506514445638,1.4920215442078002,0.25839717982772703,0.000000,STABLE,STABLE,0,STABLE (Table VII caption),AGREE,9.607E-006,3.188E-006,9.587E-005,9.991E-003,0.0000
61,symmetric,-11.150844573974609,328,14.397228240966797,0,0,0,0,15.28774356842041,0,B+,-0.014491604660838972,0.13012219780463302,0.13092667019043175,0.11068489437454611,0.000000,STABLE,STABLE,0,STABLE (Table VII caption),AGREE,2.566E-006,1.061E-007,1.952E-006,2.403E-004,0.0000
61,symmetric,-11.150844573974609,328,14.397228240966797,0,0,0,0,15.28774356842041,0,B-,-0.014491604660838972,-0.13012219780463302,0.13092667019043175,0.11068489437454611,0.000000,STABLE,STABLE,0,STABLE (Table VII caption),AGREE,2.566E-006,1.061E-007,1.952E-006,2.403E-004,0.0000
61,symmetric,-11.150844573974609,328,14.397228240966797,0,0,0,0,15.28774356842041,0,C+,-0.15309364187858271,3.83535086341314,3.838405125656692,0.039884701293063936,1.000000,STABLE,STABLE,0,STABLE (Table VII caption),AGREE,3.795E-005,5.719E-006,7.333E-006,9.143E-004,0.0000
61,symmetric,-11.150844573974609,328,14.397228240966797,0,0,0,0,15.28774356842041,0,C-,-0.15309364187858271,-3.83535086341314,3.838405125656692,0.039884701293063936,1.000000,STABLE,STABLE,0,STABLE (Table VII caption),AGREE,3.795E-005,5.719E-006,7.333E-006,9.143E-004,0.0000
61,symmetric,-11.150844573974609,328,14.397228240966797,0,0,0,0,15.28774356842041,0,D,-0.38883859654038366,0,0.38883859654038366,,1.000000,STABLE,STABLE,0,STABLE (Table VII caption),AGREE,8.910E-007,1.325E-007,8.910E-006,1.553E-004,0.0000
61,symmetric,-11.150844573974609,328,14.397228240966797,0,0,0,0,15.28774356842041,0,E,-0.11033800857946299,0,0.11033800857946299,,1.000000,STABLE,STABLE,0,STABLE (Table VII caption),AGREE,2.162E-006,3.180E-007,2.162E-005,1.847E-004,0.0000
62,symmetric,-11.277177810668945,327,14.495579719543457,0,0,0,0,15.274345397949221,0,A+,-0.59686862075869984,1.4263804306867078,1.5462254956804946,0.38601654314076467,0.000000,STABLE,STABLE,0,STABLE (Table VII caption),AGREE,4.137E-006,6.017E-007,3.176E-005,1.134E-002,0.0000
62,symmetric,-11.277177810668945,327,14.495579719543457,0,0,0,0,15.274345397949221,0,A-,-0.59686862075869984,-1.4263804306867078,1.5462254956804946,0.38601654314076467,0.000000,STABLE,STABLE,0,STABLE (Table VII caption),AGREE,4.137E-006,6.017E-007,3.176E-005,1.134E-002,0.0000
62,symmetric,-11.277177810668945,327,14.495579719543457,0,0,0,0,15.274345397949221,0,B+,-0.011965458242071878,0.12598114094624271,0.12654809388157467,0.094552654844958048,0.000000,STABLE,STABLE,0,STABLE (Table VII caption),AGREE,2.487E-006,1.763E-007,3.466E-006,2.445E-004,0.0000
62,symmetric,-11.277177810668945,327,14.495579719543457,0,0,0,0,15.274345397949221,0,B-,-0.011965458242071878,-0.12598114094624271,0.12654809388157467,0.094552654844958048,0.000000,STABLE,STABLE,0,STABLE (Table VII caption),AGREE,2.487E-006,1.763E-007,3.466E-006,2.445E-004,0.0000
62,symmetric,-11.277177810668945,327,14.495579719543457,0,0,0,0,15.274345397949221,0,C+,-0.14987490359194006,3.8172646676649094,3.820205757512229,0.039232154785699469,1.000000,STABLE,STABLE,0,STABLE (Table VII caption),AGREE,3.812E-005,5.755E-006,7.060E-006,9.233E-004,0.0000
62,symmetric,-11.277177810668945,327,14.495579719543457,0,0,0,0,15.274345397949221,0,C-,-0.14987490359194006,-3.8172646676649094,3.820205757512229,0.039232154785699469,1.000000,STABLE,STABLE,0,STABLE (Table VII caption),AGREE,3.812E-005,5.755E-006,7.060E-006,9.233E-004,0.0000
62,symmetric,-11.277177810668945,327,14.495579719543457,0,0,0,0,15.274345397949221,0,D,-0.38594260850268036,0,0.38594260850268036,,1.000000,STABLE,STABLE,0,STABLE (Table VII caption),AGREE,8.805E-007,1.237E-007,8.805E-006,1.351E-004,0.0000
62,symmetric,-11.277177810668945,327,14.495579719543457,0,0,0,0,15.274345397949221,0,E,-0.11400630621817434,0,0.11400630621817434,,1.000000,STABLE,STABLE,0,STABLE (Table VII caption),AGREE,2.153E-006,3.262E-007,2.153E-005,1.821E-004,0.0000
63,symmetric,-11.3921537399292,326.1,14.584983825683594,0,0,0,0,15.261515617370605,0,A+,-0.78639273802547438,1.3862845420387542,1.5937999780131762,0.4934074218057074,0.000000,STABLE,STABLE,0,STABLE (Table VII caption),AGREE,3.897E-006,2.290E-006,3.153E-005,1.018E-002,0.0000
63,symmetric,-11.3921537399292,326.1,14.584983825683594,0,0,0,0,15.261515617370605,0,A-,-0.78639273802547438,-1.3862845420387542,1.5937999780131762,0.4934074218057074,0.000000,STABLE,STABLE,0,STABLE (Table VII caption),AGREE,3.897E-006,2.290E-006,3.153E-005,1.018E-002,0.0000
63,symmetric,-11.3921537399292,326.1,14.584983825683594,0,0,0,0,15.261515617370605,0,B+,-0.01006928056182867,0.12254163250316726,0.12295463434768987,0.081894274382166524,0.000000,STABLE,STABLE,0,STABLE (Table VII caption),AGREE,2.381E-006,4.685E-008,4.673E-006,1.928E-004,0.0000
63,symmetric,-11.3921537399292,326.1,14.584983825683594,0,0,0,0,15.261515617370605,0,B-,-0.01006928056182867,-0.12254163250316726,0.12295463434768987,0.081894274382166524,0.000000,STABLE,STABLE,0,STABLE (Table VII caption),AGREE,2.381E-006,4.685E-008,4.673E-006,1.928E-004,0.0000
63,symmetric,-11.3921537399292,326.1,14.584983825683594,0,0,0,0,15.261515617370605,0,C+,-0.14709441694363218,3.8008103223269614,3.8036555934788794,0.038671854832444875,1.000000,STABLE,STABLE,0,STABLE (Table VII caption),AGREE,3.830E-005,5.752E-006,6.973E-006,9.313E-004,0.0000
63,symmetric,-11.3921537399292,326.1,14.584983825683594,0,0,0,0,15.261515617370605,0,C-,-0.14709441694363218,-3.8008103223269614,3.8036555934788794,0.038671854832444875,1.000000,STABLE,STABLE,0,STABLE (Table VII caption),AGREE,3.830E-005,5.752E-006,6.973E-006,9.313E-004,0.0000
63,symmetric,-11.3921537399292,326.1,14.584983825683594,0,0,0,0,15.261515617370605,0,D,-0.38369515682073907,0,0.38369515682073907,,1.000000,STABLE,STABLE,0,STABLE (Table VII caption),AGREE,8.707E-007,1.272E-007,8.707E-006,1.156E-004,0.0000
63,symmetric,-11.3921537399292,326.1,14.584983825683594,0,0,0,0,15.261515617370605,0,E,-0.11725535263960371,0,0.11725535263960371,,1.000000,STABLE,STABLE,0,STABLE (Table VII caption),AGREE,2.163E-006,3.061E-007,2.163E-005,1.790E-004,0.0000
64,symmetric,-11.521334648132324,325.1,14.685324668884277,0,0,0,0,15.246383666992189,0,A+,-0.96486988420196917,1.3227262086087999,1.6372472374020155,0.5893244845128125,0.000000,STABLE,STABLE,0,STABLE (Table VII caption),AGREE,4.719E-006,4.144E-007,2.581E-005,8.865E-003,0.0000
64,symmetric,-11.521334648132324,325.1,14.685324668884277,0,0,0,0,15.246383666992189,0,A-,-0.96486988420196917,-1.3227262086087999,1.6372472374020155,0.5893244845128125,0.000000,STABLE,STABLE,0,STABLE (Table VII caption),AGREE,4.719E-006,4.144E-007,2.581E-005,8.865E-003,0.0000
64,symmetric,-11.521334648132324,325.1,14.685324668884277,0,0,0,0,15.246383666992189,0,B+,-0.0085600410390889,0.1195843850151838,0.11989036425856167,0.071398907593840308,0.000000,STABLE,STABLE,0,STABLE (Table VII caption),AGREE,2.425E-006,1.691E-007,5.302E-006,1.438E-004,0.0000
64,symmetric,-11.521334648132324,325.1,14.685324668884277,0,0,0,0,15.246383666992189,0,B-,-0.0085600410390889,-0.1195843850151838,0.11989036425856167,0.071398907593840308,0.000000,STABLE,STABLE,0,STABLE (Table VII caption),AGREE,2.425E-006,1.691E-007,5.302E-006,1.438E-004,0.0000
64,symmetric,-11.521334648132324,325.1,14.685324668884277,0,0,0,0,15.246383666992189,0,C+,-0.14415645486981982,3.7823258044084698,3.7850719377806827,0.038085525781141077,1.000000,STABLE,STABLE,0,STABLE (Table VII caption),AGREE,3.845E-005,5.774E-006,6.758E-006,9.406E-004,0.0000
64,symmetric,-11.521334648132324,325.1,14.685324668884277,0,0,0,0,15.246383666992189,0,C-,-0.14415645486981982,-3.7823258044084698,3.7850719377806827,0.038085525781141077,1.000000,STABLE,STABLE,0,STABLE (Table VII caption),AGREE,3.845E-005,5.774E-006,6.758E-006,9.406E-004,0.0000
64,symmetric,-11.521334648132324,325.1,14.685324668884277,0,0,0,0,15.246383666992189,0,D,-0.38162403031674919,0,0.38162403031674919,,1.000000,STABLE,STABLE,0,STABLE (Table VII caption),AGREE,8.661E-007,1.204E-007,8.661E-006,9.244E-005,0.0000
64,symmetric,-11.521334648132324,325.1,14.685324668884277,0,0,0,0,15.246383666992189,0,E,-0.12078567307221308,0,0.12078567307221308,,1.000000,STABLE,STABLE,0,STABLE (Table VII caption),AGREE,2.167E-006,3.167E-007,2.167E-005,1.742E-004,0.0000
65,symmetric,-11.678354263305664,323.90000000000003,14.807143211364746,0,0,0,0,15.226985931396486,0,A+,-1.1365678541561262,1.2337546423756884,1.6774793604347638,0.67754506014402116,0.000000,STABLE,STABLE,0,STABLE (Table VII caption),AGREE,6.174E-006,2.352E-006,5.161E-005,7.327E-003,0.0000
65,symmetric,-11.678354263305664,323.90000000000003,14.807143211364746,0,0,0,0,15.226985931396486,0,A-,-1.1365678541561262,-1.2337546423756884,1.6774793604347638,0.67754506014402116,0.000000,STABLE,STABLE,0,STABLE (Table VII caption),AGREE,6.174E-006,2.352E-006,5.161E-005,7.327E-003,0.0000
65,symmetric,-11.678354263305664,323.90000000000003,14.807143211364746,0,0,0,0,15.226985931396486,0,B+,-0.0073194739127939272,0.11701816624781011,0.11724685893600816,0.062427889149583131,0.000000,STABLE,STABLE,0,STABLE (Table VII caption),AGREE,2.311E-006,6.551E-008,6.217E-006,9.784E-005,0.0000
65,symmetric,-11.678354263305664,323.90000000000003,14.807143211364746,0,0,0,0,15.226985931396486,0,B-,-0.0073194739127939272,-0.11701816624781011,0.11724685893600816,0.062427889149583131,0.000000,STABLE,STABLE,0,STABLE (Table VII caption),AGREE,2.311E-006,6.551E-008,6.217E-006,9.784E-005,0.0000
65,symmetric,-11.678354263305664,323.90000000000003,14.807143211364746,0,0,0,0,15.226985931396486,0,C+,-0.14087723333867019,3.7598547037082297,3.7624930282819209,0.037442523422561505,1.000000,STABLE,STABLE,0,STABLE (Table VII caption),AGREE,3.845E-005,5.779E-006,6.696E-006,9.522E-004,0.0000
65,symmetric,-11.678354263305664,323.90000000000003,14.807143211364746,0,0,0,0,15.226985931396486,0,C-,-0.14087723333867019,-3.7598547037082297,3.7624930282819209,0.037442523422561505,1.000000,STABLE,STABLE,0,STABLE (Table VII caption),AGREE,3.845E-005,5.779E-006,6.696E-006,9.522E-004,0.0000
65,symmetric,-11.678354263305664,323.90000000000003,14.807143211364746,0,0,0,0,15.226985931396486,0,D,-0.37977173535840858,0,0.37977173535840858,,1.000000,STABLE,STABLE,0,STABLE (Table VII caption),AGREE,8.345E-007,1.354E-007,8.345E-006,6.278E-005,0.0000
65,symmetric,-11.678354263305664,323.90000000000003,14.807143211364746,0,0,0,0,15.226985931396486,0,E,-0.12487760289949761,0,0.12487760289949761,,1.000000,STABLE,STABLE,0,STABLE (Table VII caption),AGREE,2.147E-006,3.325E-007,2.147E-005,1.669E-004,0.0000
66,symmetric,-11.824220657348633,322.79999999999995,14.920182228088379,0,0,0,0,15.207988739013672,0,A+,-1.2555692126906304,1.1521466601292509,1.7040821501041425,0.73680087113986736,0.000000,STABLE,STABLE,0,STABLE (Table VII caption),AGREE,4.023E-006,3.081E-006,2.290E-005,5.851E-003,0.0000
66,symmetric,-11.824220657348633,322.79999999999995,14.920182228088379,0,0,0,0,15.207988739013672,0,A-,-1.2555692126906304,-1.1521466601292509,1.7040821501041425,0.73680087113986736,0.000000,STABLE,STABLE,0,STABLE (Table VII caption),AGREE,4.023E-006,3.081E-006,2.290E-005,5.851E-003,0.0000
66,symmetric,-11.824220657348633,322.79999999999995,14.920182228088379,0,0,0,0,15.207988739013672,0,B+,-0.0065716761574496968,0.11543819175172768,0.1156250969401844,0.056836070467031742,0.000000,STABLE,STABLE,0,STABLE (Table VII caption),AGREE,2.278E-006,3.408E-007,6.750E-006,6.381E-005,0.0000
66,symmetric,-11.824220657348633,322.79999999999995,14.920182228088379,0,0,0,0,15.207988739013672,0,B-,-0.0065716761574496968,-0.11543819175172768,0.1156250969401844,0.056836070467031742,0.000000,STABLE,STABLE,0,STABLE (Table VII caption),AGREE,2.278E-006,3.408E-007,6.750E-006,6.381E-005,0.0000
66,symmetric,-11.824220657348633,322.79999999999995,14.920182228088379,0,0,0,0,15.207988739013672,0,C+,-0.13814749685421823,3.7389680018753282,3.7415192702877622,0.036922834515721537,1.000000,STABLE,STABLE,0,STABLE (Table VII caption),AGREE,3.874E-005,5.778E-006,6.688E-006,9.632E-004,0.0000
66,symmetric,-11.824220657348633,322.79999999999995,14.920182228088379,0,0,0,0,15.207988739013672,0,C-,-0.13814749685421823,-3.7389680018753282,3.7415192702877622,0.036922834515721537,1.000000,STABLE,STABLE,0,STABLE (Table VII caption),AGREE,3.874E-005,5.778E-006,6.688E-006,9.632E-004,0.0000
66,symmetric,-11.824220657348633,322.79999999999995,14.920182228088379,0,0,0,0,15.207988739013672,0,D,-0.37872196055898161,0,0.37872196055898161,,1.000000,STABLE,STABLE,0,STABLE (Table VII caption),AGREE,8.213E-007,1.022E-007,8.213E-006,3.368E-005,0.0000
66,symmetric,-11.824220657348633,322.79999999999995,14.920182228088379,0,0,0,0,15.207988739013672,0,E,-0.12845505957891853,0,0.12845505957891853,,1.000000,STABLE,STABLE,0,STABLE (Table VII caption),AGREE,2.154E-006,2.967E-007,2.154E-005,1.585E-004,0.0000
67,symmetric,-11.985470771789551,321.6,15.045013427734373,0,0,0,0,15.185907363891602,0,A+,-1.3462849167609294,1.0753648701498839,1.7230474981991819,0.7813394106476923,0.000000,STABLE,STABLE,0,STABLE (Table VII caption),AGREE,7.324E-006,1.413E-006,5.632E-005,4.106E-003,0.0000
67,symmetric,-11.985470771789551,321.6,15.045013427734373,0,0,0,0,15.185907363891602,0,A-,-1.3462849167609294,-1.0753648701498839,1.7230474981991819,0.7813394106476923,0.000000,STABLE,STABLE,0,STABLE (Table VII caption),AGREE,7.324E-006,1.413E-006,5.632E-005,4.106E-003,0.0000
67,symmetric,-11.985470771789551,321.6,15.045013427734373,0,0,0,0,15.185907363891602,0,B+,-0.0060744560004351994,0.11441561045448792,0.11457674690518295,0.053016481655410112,0.000000,STABLE,STABLE,0,STABLE (Table VII caption),AGREE,2.074E-006,5.686E-008,7.727E-006,3.270E-005,0.0000
67,symmetric,-11.985470771789551,321.6,15.045013427734373,0,0,0,0,15.185907363891602,0,B-,-0.0060744560004351994,-0.11441561045448792,0.11457674690518295,0.053016481655410112,0.000000,STABLE,STABLE,0,STABLE (Table VII caption),AGREE,2.074E-006,5.686E-008,7.727E-006,3.270E-005,0.0000
67,symmetric,-11.985470771789551,321.6,15.045013427734373,0,0,0,0,15.185907363891602,0,C+,-0.13552221704727074,3.7158563036718331,3.7183268200698962,0.03644709666610834,1.000000,STABLE,STABLE,0,STABLE (Table VII caption),AGREE,3.888E-005,5.848E-006,6.499E-006,9.759E-004,0.0000
67,symmetric,-11.985470771789551,321.6,15.045013427734373,0,0,0,0,15.185907363891602,0,C-,-0.13552221704727074,-3.7158563036718331,3.7183268200698962,0.03644709666610834,1.000000,STABLE,STABLE,0,STABLE (Table VII caption),AGREE,3.888E-005,5.848E-006,6.499E-006,9.759E-004,0.0000
67,symmetric,-11.985470771789551,321.6,15.045013427734373,0,0,0,0,15.185907363891602,0,D,-0.37832939728616855,0,0.37832939728616855,,1.000000,STABLE,STABLE,0,STABLE (Table VII caption),AGREE,8.077E-007,1.204E-007,8.077E-006,1.345E-006,0.0000
67,symmetric,-11.985470771789551,321.6,15.045013427734373,0,0,0,0,15.185907363891602,0,E,-0.1321282818335591,0,0.1321282818335591,,1.000000,STABLE,STABLE,0,STABLE (Table VII caption),AGREE,2.132E-006,3.153E-007,2.132E-005,1.478E-004,0.0000
68,symmetric,-12.135242462158203,320.5,15.160852432250977,0,0,0,0,15.164395332336428,0,A+,-1.3962160973140474,1.0251201716132439,1.7321347397495486,0.80606667903671736,0.000000,STABLE,STABLE,0,STABLE (Table VII caption),AGREE,3.421E-006,2.058E-006,2.561E-005,2.401E-003,0.0000
68,symmetric,-12.135242462158203,320.5,15.160852432250977,0,0,0,0,15.164395332336428,0,A-,-1.3962160973140474,-1.0251201716132439,1.7321347397495486,0.80606667903671736,0.000000,STABLE,STABLE,0,STABLE (Table VII caption),AGREE,3.421E-006,2.058E-006,2.561E-005,2.401E-003,0.0000
68,symmetric,-12.135242462158203,320.5,15.160852432250977,0,0,0,0,15.164395332336428,0,B+,-0.005855715539458576,0.11402919652696142,0.11417945115064902,0.051285196070285109,0.000000,STABLE,STABLE,0,STABLE (Table VII caption),AGREE,2.124E-006,2.621E-007,7.851E-006,8.908E-006,0.0000
68,symmetric,-12.135242462158203,320.5,15.160852432250977,0,0,0,0,15.164395332336428,0,B-,-0.005855715539458576,-0.11402919652696142,0.11417945115064902,0.051285196070285109,0.000000,STABLE,STABLE,0,STABLE (Table VII caption),AGREE,2.124E-006,2.621E-007,7.851E-006,8.908E-006,0.0000
68,symmetric,-12.135242462158203,320.5,15.160852432250977,0,0,0,0,15.164395332336428,0,C+,-0.13348914090623837,3.694358314610632,3.6967692256174982,0.036109676520026945,1.000000,STABLE,STABLE,0,STABLE (Table VII caption),AGREE,3.899E-005,5.916E-006,6.525E-006,9.880E-004,0.0000
68,symmetric,-12.135242462158203,320.5,15.160852432250977,0,0,0,0,15.164395332336428,0,C-,-0.13348914090623837,-3.694358314610632,3.6967692256174982,0.036109676520026945,1.000000,STABLE,STABLE,0,STABLE (Table VII caption),AGREE,3.899E-005,5.916E-006,6.525E-006,9.880E-004,0.0000
68,symmetric,-12.135242462158203,320.5,15.160852432250977,0,0,0,0,15.164395332336428,0,D,-0.3786959305192934,0,0.3786959305192934,,1.000000,STABLE,STABLE,0,STABLE (Table VII caption),AGREE,7.875E-007,1.078E-007,7.875E-006,3.367E-005,0.0000
68,symmetric,-12.135242462158203,320.5,15.160852432250977,0,0,0,0,15.164395332336428,0,E,-0.13525162982160993,0,0.13525162982160993,,1.000000,STABLE,STABLE,0,STABLE (Table VII caption),AGREE,2.109E-006,3.083E-007,2.109E-005,1.365E-004,0.0000
69,symmetric,-12.28690242767334,319.40000000000003,15.278062820434569,0,0,0,0,15.141643524169922,0,A+,-1.417016626578836,0.99955331666658576,1.7340827410651536,0.81715629423105784,0.000000,STABLE,STABLE,0,STABLE (Table VII caption),AGREE,7.497E-006,3.320E-006,5.565E-005,6.923E-004,0.0000
69,symmetric,-12.28690242767334,319.40000000000003,15.278062820434569,0,0,0,0,15.141643524169922,0,A-,-1.417016626578836,-0.99955331666658576,1.7340827410651536,0.81715629423105784,0.000000,STABLE,STABLE,0,STABLE (Table VII caption),AGREE,7.497E-006,3.320E-006,5.565E-005,6.923E-004,0.0000
69,symmetric,-12.28690242767334,319.40000000000003,15.278062820434569,0,0,0,0,15.141643524169922,0,B+,-0.0058336101621955221,0.11410498956408208,0.11425401371918516,0.05105825145481048,0.000000,STABLE,STABLE,0,STABLE (Table VII caption),AGREE,2.157E-006,1.154E-007,7.582E-006,1.383E-005,0.0000
69,symmetric,-12.28690242767334,319.40000000000003,15.278062820434569,0,0,0,0,15.141643524169922,0,B-,-0.0058336101621955221,-0.11410498956408208,0.11425401371918516,0.05105825145481048,0.000000,STABLE,STABLE,0,STABLE (Table VII caption),AGREE,2.157E-006,1.154E-007,7.582E-006,1.383E-005,0.0000
69,symmetric,-12.28690242767334,319.40000000000003,15.278062820434569,0,0,0,0,15.141643524169922,0,C+,-0.13186617401297651,3.6725484249571254,3.6749150495628986,0.035882781570327982,1.000000,STABLE,STABLE,0,STABLE (Table VII caption),AGREE,3.926E-005,5.811E-006,6.602E-006,1.001E-003,0.0000
69,symmetric,-12.28690242767334,319.40000000000003,15.278062820434569,0,0,0,0,15.141643524169922,0,C-,-0.13186617401297651,-3.6725484249571254,3.6749150495628986,0.035882781570327982,1.000000,STABLE,STABLE,0,STABLE (Table VII caption),AGREE,3.926E-005,5.811E-006,6.602E-006,1.001E-003,0.0000
69,symmetric,-12.28690242767334,319.40000000000003,15.278062820434569,0,0,0,0,15.141643524169922,0,D,-0.37978602824817803,0,0.37978602824817803,,1.000000,STABLE,STABLE,0,STABLE (Table VII caption),AGREE,7.659E-007,1.156E-007,7.659E-006,6.713E-005,0.0000
69,symmetric,-12.28690242767334,319.40000000000003,15.278062820434569,0,0,0,0,15.141643524169922,0,E,-0.13811362105147915,0,0.13811362105147915,,1.000000,STABLE,STABLE,0,STABLE (Table VII caption),AGREE,2.079E-006,3.078E-007,2.079E-005,1.241E-004,0.0000
70,symmetric,-12.440461158752441,318.3,15.396659851074219,0,0,0,0,15.1176233291626,0,A+,-1.4114271001332619,0.99973820985176942,1.7296250886328544,0.81603065855670187,0.000000,STABLE,STABLE,0,STABLE (Table VII caption),AGREE,7.478E-006,4.895E-006,5.648E-005,1.018E-003,0.0000
70,symmetric,-12.440461158752441,318.3,15.396659851074219,0,0,0,0,15.1176233291626,0,A-,-1.4114271001332619,-0.99973820985176942,1.7296250886328544,0.81603065855670187,0.000000,STABLE,STABLE,0,STABLE (Table VII caption),AGREE,7.478E-006,4.895E-006,5.648E-005,1.018E-003,0.0000
70,symmetric,-12.440461158752441,318.3,15.396659851074219,0,0,0,0,15.1176233291626,0,B+,-0.00599292861807665,0.11459443162221541,0.11475103028835935,0.052225488546960686,0.000000,STABLE,STABLE,0,STABLE (Table VII caption),AGREE,2.281E-006,4.467E-007,7.796E-006,3.326E-005,0.0000
70,symmetric,-12.440461158752441,318.3,15.396659851074219,0,0,0,0,15.1176233291626,0,B-,-0.00599292861807665,-0.11459443162221541,0.11475103028835935,0.052225488546960686,0.000000,STABLE,STABLE,0,STABLE (Table VII caption),AGREE,2.281E-006,4.467E-007,7.796E-006,3.326E-005,0.0000
70,symmetric,-12.440461158752441,318.3,15.396659851074219,0,0,0,0,15.1176233291626,0,C+,-0.13070963574053832,3.650412083874409,3.6527514822352383,0.035783884114818788,1.000000,STABLE,STABLE,0,STABLE (Table VII caption),AGREE,3.938E-005,5.861E-006,6.703E-006,1.015E-003,0.0000
70,symmetric,-12.440461158752441,318.3,15.396659851074219,0,0,0,0,15.1176233291626,0,C-,-0.13070963574053832,-3.650412083874409,3.6527514822352383,0.035783884114818788,1.000000,STABLE,STABLE,0,STABLE (Table VII caption),AGREE,3.938E-005,5.861E-006,6.703E-006,1.015E-003,0.0000
70,symmetric,-12.440461158752441,318.3,15.396659851074219,0,0,0,0,15.1176233291626,0,D,-0.38161975887056093,0,0.38161975887056093,,1.000000,STABLE,STABLE,0,STABLE (Table VII caption),AGREE,7.415E-007,9.713E-008,7.415E-006,1.012E-004,0.0000
70,symmetric,-12.440461158752441,318.3,15.396659851074219,0,0,0,0,15.1176233291626,0,E,-0.14069243176467947,0,0.14069243176467947,,1.000000,STABLE,STABLE,0,STABLE (Table VII caption),AGREE,2.032E-006,2.904E-007,2.032E-005,1.108E-004,0.0000
71,symmetric,-12.595928192138672,317.2,15.516665458679201,0,0,0,0,15.092312812805176,0,A+,-1.3823592020346536,1.0225809010849924,1.7194733678407699,0.80394336306037251,0.000000,STABLE,STABLE,0,STABLE (Table VII caption),AGREE,6.301E-006,1.455E-006,1.388E-005,2.358E-003,0.0000
71,symmetric,-12.595928192138672,317.2,15.516665458679201,0,0,0,0,15.092312812805176,0,A-,-1.3823592020346536,-1.0225809010849924,1.7194733678407699,0.80394336306037251,0.000000,STABLE,STABLE,0,STABLE (Table VII caption),AGREE,6.301E-006,1.455E-006,1.388E-005,2.358E-003,0.0000
71,symmetric,-12.595928192138672,317.2,15.516665458679201,0,0,0,0,15.092312812805176,0,B+,-0.0063272406433287362,0.1154581841461878,0.1156314241912362,0.0547190410183349,0.000000,STABLE,STABLE,0,STABLE (Table VII caption),AGREE,2.537E-006,2.305E-007,7.511E-006,5.154E-005,0.0000
71,symmetric,-12.595928192138672,317.2,15.516665458679201,0,0,0,0,15.092312812805176,0,B-,-0.0063272406433287362,-0.1154581841461878,0.1156314241912362,0.0547190410183349,0.000000,STABLE,STABLE,0,STABLE (Table VII caption),AGREE,2.537E-006,2.305E-007,7.511E-006,5.154E-005,0.0000
71,symmetric,-12.595928192138672,317.2,15.516665458679201,0,0,0,0,15.092312812805176,0,C+,-0.1300812919700188,3.627933099099971,3.6302644137949112,0.035832456576913037,1.000000,STABLE,STABLE,0,STABLE (Table VII caption),AGREE,3.948E-005,5.993E-006,6.686E-006,1.030E-003,0.0000
71,symmetric,-12.595928192138672,317.2,15.516665458679201,0,0,0,0,15.092312812805176,0,C-,-0.1300812919700188,-3.627933099099971,3.6302644137949112,0.035832456576913037,1.000000,STABLE,STABLE,0,STABLE (Table VII caption),AGREE,3.948E-005,5.993E-006,6.686E-006,1.030E-003,0.0000
71,symmetric,-12.595928192138672,317.2,15.516665458679201,0,0,0,0,15.092312812805176,0,D,-0.38420741926399993,0,0.38420741926399993,,1.000000,STABLE,STABLE,0,STABLE (Table VII caption),AGREE,7.328E-007,1.023E-007,7.328E-006,1.356E-004,0.0000
71,symmetric,-12.595928192138672,317.2,15.516665458679201,0,0,0,0,15.092312812805176,0,E,-0.14297324327420888,0,0.14297324327420888,,1.000000,STABLE,STABLE,0,STABLE (Table VII caption),AGREE,1.982E-006,3.077E-007,1.982E-005,9.707E-005,0.0000
72,symmetric,-12.753315925598145,316.09999999999997,15.638100624084474,0,0,0,0,15.065685272216799,0,A+,-1.3329030495248615,1.0621364560408995,1.7043369357858196,0.78206545990878218,0.000000,STABLE,STABLE,0,STABLE (Table VII caption),AGREE,5.226E-006,1.862E-007,4.179E-005,3.394E-003,0.0000
72,symmetric,-12.753315925598145,316.09999999999997,15.638100624084474,0,0,0,0,15.065685272216799,0,A-,-1.3329030495248615,-1.0621364560408995,1.7043369357858196,0.78206545990878218,0.000000,STABLE,STABLE,0,STABLE (Table VII caption),AGREE,5.226E-006,1.862E-007,4.179E-005,3.394E-003,0.0000
72,symmetric,-12.753315925598145,316.09999999999997,15.638100624084474,0,0,0,0,15.065685272216799,0,B+,-0.00683616822027305,0.11666204413172253,0.11686216554953895,0.0584977027263382,0.000000,STABLE,STABLE,0,STABLE (Table VII caption),AGREE,2.419E-006,1.457E-007,7.452E-006,6.789E-005,0.0000
72,symmetric,-12.753315925598145,316.09999999999997,15.638100624084474,0,0,0,0,15.065685272216799,0,B-,-0.00683616822027305,-0.11666204413172253,0.11686216554953895,0.0584977027263382,0.000000,STABLE,STABLE,0,STABLE (Table VII caption),AGREE,2.419E-006,1.457E-007,7.452E-006,6.789E-005,0.0000
72,symmetric,-12.753315925598145,316.09999999999997,15.638100624084474,0,0,0,0,15.065685272216799,0,C+,-0.13004873710655612,3.6050921648308032,3.6074370668034468,0.036050174874372079,1.000000,STABLE,STABLE,0,STABLE (Table VII caption),AGREE,3.968E-005,5.970E-006,6.997E-006,1.047E-003,0.0000
72,symmetric,-12.753315925598145,316.09999999999997,15.638100624084474,0,0,0,0,15.065685272216799,0,C-,-0.13004873710655612,-3.6050921648308032,3.6074370668034468,0.036050174874372079,1.000000,STABLE,STABLE,0,STABLE (Table VII caption),AGREE,3.968E-005,5.970E-006,6.997E-006,1.047E-003,0.0000
72,symmetric,-12.753315925598145,316.09999999999997,15.638100624084474,0,0,0,0,15.065685272216799,0,D,-0.38754828733262447,0,0.38754828733262447,,1.000000,STABLE,STABLE,0,STABLE (Table VII caption),AGREE,7.051E-007,1.154E-007,7.051E-006,1.696E-004,0.0000
72,symmetric,-12.753315925598145,316.09999999999997,15.638100624084474,0,0,0,0,15.065685272216799,0,E,-0.14494937869792138,0,0.14494937869792138,,1.000000,STABLE,STABLE,0,STABLE (Table VII caption),AGREE,1.941E-006,2.997E-007,1.941E-005,8.324E-005,0.0000
73,symmetric,-12.898069381713867,315.09999999999997,15.749751091003418,0,0,0,0,15.04031562805176,0,A+,-1.2730217284807557,1.1067886094736412,1.6868803594934427,0.75466035354340977,0.000000,STABLE,STABLE,0,STABLE (Table VII caption),AGREE,3.822E-006,4.346E-007,6.484E-006,4.070E-003,0.0000
73,symmetric,-12.898069381713867,315.09999999999997,15.749751091003418,0,0,0,0,15.04031562805176,0,A-,-1.2730217284807557,-1.1067886094736412,1.6868803594934427,0.75466035354340977,0.000000,STABLE,STABLE,0,STABLE (Table VII caption),AGREE,3.822E-006,4.346E-007,6.484E-006,4.070E-003,0.0000
73,symmetric,-12.898069381713867,315.09999999999997,15.749751091003418,0,0,0,0,15.04031562805176,0,B+,-0.0074527655948287133,0.11802279830165754,0.11825787345443517,0.06302130570359249,0.000000,STABLE,STABLE,0,STABLE (Table VII caption),AGREE,2.444E-006,1.379E-007,7.430E-006,8.190E-005,0.0000
73,symmetric,-12.898069381713867,315.09999999999997,15.749751091003418,0,0,0,0,15.04031562805176,0,B-,-0.0074527655948287133,-0.11802279830165754,0.11825787345443517,0.06302130570359249,0.000000,STABLE,STABLE,0,STABLE (Table VII caption),AGREE,2.444E-006,1.379E-007,7.430E-006,8.190E-005,0.0000
73,symmetric,-12.898069381713867,315.09999999999997,15.749751091003418,0,0,0,0,15.04031562805176,0,C+,-0.13059819784379573,3.5839967164867157,3.5863753781593481,0.036415094370523822,1.000000,STABLE,STABLE,0,STABLE (Table VII caption),AGREE,3.991E-005,5.962E-006,7.016E-006,1.064E-003,0.0000
73,symmetric,-12.898069381713867,315.09999999999997,15.749751091003418,0,0,0,0,15.04031562805176,0,C-,-0.13059819784379573,-3.5839967164867157,3.5863753781593481,0.036415094370523822,1.000000,STABLE,STABLE,0,STABLE (Table VII caption),AGREE,3.991E-005,5.962E-006,7.016E-006,1.064E-003,0.0000
73,symmetric,-12.898069381713867,315.09999999999997,15.749751091003418,0,0,0,0,15.04031562805176,0,D,-0.39122802175032656,0,0.39122802175032656,,1.000000,STABLE,STABLE,0,STABLE (Table VII caption),AGREE,7.103E-007,1.116E-007,7.103E-006,1.998E-004,0.0000
73,symmetric,-12.898069381713867,315.09999999999997,15.749751091003418,0,0,0,0,15.04031562805176,0,E,-0.14648303703674947,0,0.14648303703674947,,1.000000,STABLE,STABLE,0,STABLE (Table VII caption),AGREE,1.896E-006,2.791E-007,1.896E-005,7.083E-005,0.0000
74,symmetric,-13.059144973754883,314,15.873963356018068,0,0,0,0,15.011105537414549,0,A+,-1.1939719989038211,1.159515463216052,1.6643452897771911,0.71738238828053535,0.000000,STABLE,STABLE,0,STABLE (Table VII caption),AGREE,4.368E-006,3.340E-007,3.583E-006,4.549E-003,0.0000
74,symmetric,-13.059144973754883,314,15.873963356018068,0,0,0,0,15.011105537414549,0,A-,-1.1939719989038211,-1.159515463216052,1.6643452897771911,0.71738238828053535,0.000000,STABLE,STABLE,0,STABLE (Table VII caption),AGREE,4.368E-006,3.340E-007,3.583E-006,4.549E-003,0.0000
74,symmetric,-13.059144973754883,314,15.873963356018068,0,0,0,0,15.011105537414549,0,B+,-0.0083036121134750056,0.11977838744729633,0.12006586556388824,0.069158807746707754,0.000000,STABLE,STABLE,0,STABLE (Table VII caption),AGREE,2.584E-006,1.238E-007,7.200E-006,9.574E-005,0.0000
74,symmetric,-13.059144973754883,314,15.873963356018068,0,0,0,0,15.011105537414549,0,B-,-0.0083036121134750056,-0.11977838744729633,0.12006586556388824,0.069158807746707754,0.000000,STABLE,STABLE,0,STABLE (Table VII caption),AGREE,2.584E-006,1.238E-007,7.200E-006,9.574E-005,0.0000
74,symmetric,-13.059144973754883,314,15.873963356018068,0,0,0,0,15.011105537414549,0,C+,-0.13191407597789107,3.5604050742738949,3.5628479642494431,0.0370248961789983,1.000000,STABLE,STABLE,0,STABLE (Table VII caption),AGREE,4.007E-005,6.039E-006,7.315E-006,1.085E-003,0.0000
74,symmetric,-13.059144973754883,314,15.873963356018068,0,0,0,0,15.011105537414549,0,C-,-0.13191407597789107,-3.5604050742738949,3.5628479642494431,0.0370248961789983,1.000000,STABLE,STABLE,0,STABLE (Table VII caption),AGREE,4.007E-005,6.039E-006,7.315E-006,1.085E-003,0.0000
74,symmetric,-13.059144973754883,314,15.873963356018068,0,0,0,0,15.011105537414549,0,D,-0.39595899796486306,0,0.39595899796486306,,1.000000,STABLE,STABLE,0,STABLE (Table VII caption),AGREE,6.978E-007,1.025E-007,6.978E-006,2.315E-004,0.0000
74,symmetric,-13.059144973754883,314,15.873963356018068,0,0,0,0,15.011105537414549,0,E,-0.1478908285682842,0,0.1478908285682842,,1.000000,STABLE,STABLE,0,STABLE (Table VII caption),AGREE,1.846E-006,2.849E-007,1.846E-005,5.788E-005,0.0000
75,symmetric,-13.207265853881836,313,15.988175392150881,0,0,0,0,14.983348846435547,0,A+,-1.1131394831101229,1.2064444470612512,1.6415199397825173,0.678115115225223,0.000000,STABLE,STABLE,0,STABLE (Table VII caption),AGREE,7.924E-006,2.828E-006,6.594E-005,4.779E-003,0.0000
75,symmetric,-13.207265853881836,313,15.988175392150881,0,0,0,0,14.983348846435547,0,A-,-1.1131394831101229,-1.2064444470612512,1.6415199397825173,0.678115115225223,0.000000,STABLE,STABLE,0,STABLE (Table VII caption),AGREE,7.924E-006,2.828E-006,6.594E-005,4.779E-003,0.0000
75,symmetric,-13.207265853881836,313,15.988175392150881,0,0,0,0,14.983348846435547,0,B+,-0.00923522672902509,0.12157478951531159,0.12192505426871385,0.075745110669963936,0.000000,STABLE,STABLE,0,STABLE (Table VII caption),AGREE,2.521E-006,3.527E-007,7.222E-006,1.067E-004,0.0000
75,symmetric,-13.207265853881836,313,15.988175392150881,0,0,0,0,14.983348846435547,0,B-,-0.00923522672902509,-0.12157478951531159,0.12192505426871385,0.075745110669963936,0.000000,STABLE,STABLE,0,STABLE (Table VII caption),AGREE,2.521E-006,3.527E-007,7.222E-006,1.067E-004,0.0000
75,symmetric,-13.207265853881836,313,15.988175392150881,0,0,0,0,14.983348846435547,0,C+,-0.13382860922336287,3.5385847595721609,3.5411145416835965,0.0377927931017264,1.000000,STABLE,STABLE,0,STABLE (Table VII caption),AGREE,4.030E-005,5.981E-006,7.290E-006,1.107E-003,0.0000
75,symmetric,-13.207265853881836,313,15.988175392150881,0,0,0,0,14.983348846435547,0,C-,-0.13382860922336287,-3.5385847595721609,3.5411145416835965,0.0377927931017264,1.000000,STABLE,STABLE,0,STABLE (Table VII caption),AGREE,4.030E-005,5.981E-006,7.290E-006,1.107E-003,0.0000
75,symmetric,-13.207265853881836,313,15.988175392150881,0,0,0,0,14.983348846435547,0,D,-0.40084997586390109,0,0.40084997586390109,,1.000000,STABLE,STABLE,0,STABLE (Table VII caption),AGREE,7.192E-007,9.621E-008,7.192E-006,2.586E-004,0.0000
75,symmetric,-13.207265853881836,313,15.988175392150881,0,0,0,0,14.983348846435547,0,E,-0.148932137115022,0,0.148932137115022,,1.000000,STABLE,STABLE,0,STABLE (Table VII caption),AGREE,1.785E-006,2.662E-007,1.785E-005,4.696E-005,0.0000
76,symmetric,-13.357000350952148,312,16.103630065917969,0,0,0,0,14.954427719116211,0,A+,-1.0268102621692492,1.2493900639592641,1.6171935092672789,0.63493345495461351,0.000000,STABLE,STABLE,0,STABLE (Table VII caption),AGREE,3.966E-006,2.071E-006,1.698E-005,4.842E-003,0.0000
76,symmetric,-13.357000350952148,312,16.103630065917969,0,0,0,0,14.954427719116211,0,A-,-1.0268102621692492,-1.2493900639592641,1.6171935092672789,0.63493345495461351,0.000000,STABLE,STABLE,0,STABLE (Table VII caption),AGREE,3.966E-006,2.071E-006,1.698E-005,4.842E-003,0.0000
76,symmetric,-13.357000350952148,312,16.103630065917969,0,0,0,0,14.954427719116211,0,B+,-0.010313930340728732,0.12352081786818259,0.12395067408408128,0.083209957645993371,0.000000,STABLE,STABLE,0,STABLE (Table VII caption),AGREE,2.695E-006,3.079E-007,6.638E-006,1.157E-004,0.0000
76,symmetric,-13.357000350952148,312,16.103630065917969,0,0,0,0,14.954427719116211,0,B-,-0.010313930340728732,-0.12352081786818259,0.12395067408408128,0.083209957645993371,0.000000,STABLE,STABLE,0,STABLE (Table VII caption),AGREE,2.695E-006,3.079E-007,6.638E-006,1.157E-004,0.0000
76,symmetric,-13.357000350952148,312,16.103630065917969,0,0,0,0,14.954427719116211,0,C+,-0.1365010446042986,3.5163848871484538,3.5190332777261579,0.038789358847012519,1.000000,STABLE,STABLE,0,STABLE (Table VII caption),AGREE,4.050E-005,6.007E-006,7.776E-006,1.131E-003,0.0000
76,symmetric,-13.357000350952148,312,16.103630065917969,0,0,0,0,14.954427719116211,0,C-,-0.1365010446042986,-3.5163848871484538,3.5190332777261579,0.038789358847012519,1.000000,STABLE,STABLE,0,STABLE (Table VII caption),AGREE,4.050E-005,6.007E-006,7.776E-006,1.131E-003,0.0000
76,symmetric,-13.357000350952148,312,16.103630065917969,0,0,0,0,14.954427719116211,0,D,-0.40626404025852675,0,0.40626404025852675,,1.000000,STABLE,STABLE,0,STABLE (Table VII caption),AGREE,7.101E-007,1.018E-007,7.101E-006,2.837E-004,0.0000
76,symmetric,-13.357000350952148,312,16.103630065917969,0,0,0,0,14.954427719116211,0,E,-0.14976653435392673,0,0.14976653435392673,,1.000000,STABLE,STABLE,0,STABLE (Table VII caption),AGREE,1.740E-006,2.612E-007,1.740E-005,3.717E-005,0.0000
77,symmetric,-13.523575782775879,310.90000000000003,16.232084274291992,0,0,0,0,14.921246528625488,0,A+,-0.92921892495162517,1.2897368359808989,1.5896128197061932,0.58455676340316121,0.000000,STABLE,STABLE,0,STABLE (Table VII caption),AGREE,4.092E-006,7.866E-007,3.623E-005,4.736E-003,0.0000
77,symmetric,-13.523575782775879,310.90000000000003,16.232084274291992,0,0,0,0,14.921246528625488,0,A-,-0.92921892495162517,-1.2897368359808989,1.5896128197061932,0.58455676340316121,0.000000,STABLE,STABLE,0,STABLE (Table VII caption),AGREE,4.092E-006,7.866E-007,3.623E-005,4.736E-003,0.0000
77,symmetric,-13.523575782775879,310.90000000000003,16.232084274291992,0,0,0,0,14.921246528625488,0,B+,-0.011656798992511782,0.12577548218089341,0.12631449988258694,0.092283934174992741,0.000000,STABLE,STABLE,0,STABLE (Table VII caption),AGREE,2.736E-006,2.078E-007,6.635E-006,1.224E-004,0.0000
77,symmetric,-13.523575782775879,310.90000000000003,16.232084274291992,0,0,0,0,14.921246528625488,0,B-,-0.011656798992511782,-0.12577548218089341,0.12631449988258694,0.092283934174992741,0.000000,STABLE,STABLE,0,STABLE (Table VII caption),AGREE,2.736E-006,2.078E-007,6.635E-006,1.224E-004,0.0000
77,symmetric,-13.523575782775879,310.90000000000003,16.232084274291992,0,0,0,0,14.921246528625488,0,C+,-0.14040903978648878,3.4914947224499091,3.4943168281295462,0.04018211475736376,1.000000,STABLE,STABLE,0,STABLE (Table VII caption),AGREE,4.071E-005,6.163E-006,8.111E-006,1.161E-003,0.0000
77,symmetric,-13.523575782775879,310.90000000000003,16.232084274291992,0,0,0,0,14.921246528625488,0,C-,-0.14040903978648878,-3.4914947224499091,3.4943168281295462,0.04018211475736376,1.000000,STABLE,STABLE,0,STABLE (Table VII caption),AGREE,4.071E-005,6.163E-006,8.111E-006,1.161E-003,0.0000
77,symmetric,-13.523575782775879,310.90000000000003,16.232084274291992,0,0,0,0,14.921246528625488,0,D,-0.41276810265277636,0,0.41276810265277636,,1.000000,STABLE,STABLE,0,STABLE (Table VII caption),AGREE,7.265E-007,1.181E-007,7.265E-006,3.081E-004,0.0000
77,symmetric,-13.523575782775879,310.90000000000003,16.232084274291992,0,0,0,0,14.921246528625488,0,E,-0.15047463005417427,0,0.15047463005417427,,1.000000,STABLE,STABLE,0,STABLE (Table VII caption),AGREE,1.690E-006,2.608E-007,1.690E-005,2.793E-005,0.0000
78,symmetric,-13.676712989807129,309.90000000000003,16.350200653076172,0,0,0,0,14.889822006225588,0,A+,-0.841700870239412,1.3190350264669215,1.5647088406500347,0.537928110567676,0.000000,STABLE,STABLE,0,STABLE (Table VII caption),AGREE,3.315E-006,1.132E-006,1.966E-005,4.486E-003,0.0000
78,symmetric,-13.676712989807129,309.90000000000003,16.350200653076172,0,0,0,0,14.889822006225588,0,A-,-0.841700870239412,-1.3190350264669215,1.5647088406500347,0.537928110567676,0.000000,STABLE,STABLE,0,STABLE (Table VII caption),AGREE,3.315E-006,1.132E-006,1.966E-005,4.486E-003,0.0000
78,symmetric,-13.676712989807129,309.90000000000003,16.350200653076172,0,0,0,0,14.889822006225588,0,B+,-0.01299355315605376,0.12786221552877486,0.12852073211566323,0.1011008336332858,0.000000,STABLE,STABLE,0,STABLE (Table VII caption),AGREE,2.724E-006,2.427E-007,6.362E-006,1.250E-004,0.0000
78,symmetric,-13.676712989807129,309.90000000000003,16.350200653076172,0,0,0,0,14.889822006225588,0,B-,-0.01299355315605376,-0.12786221552877486,0.12852073211566323,0.1011008336332858,0.000000,STABLE,STABLE,0,STABLE (Table VII caption),AGREE,2.724E-006,2.427E-007,6.362E-006,1.250E-004,0.0000
78,symmetric,-13.676712989807129,309.90000000000003,16.350200653076172,0,0,0,0,14.889822006225588,0,C+,-0.144933634870324,3.4684074339743636,3.4714342693712856,0.041750361269716069,1.000000,STABLE,STABLE,0,STABLE (Table VII caption),AGREE,4.091E-005,6.222E-006,8.581E-006,1.193E-003,0.0000
78,symmetric,-13.676712989807129,309.90000000000003,16.350200653076172,0,0,0,0,14.889822006225588,0,C-,-0.144933634870324,-3.4684074339743636,3.4714342693712856,0.041750361269716069,1.000000,STABLE,STABLE,0,STABLE (Table VII caption),AGREE,4.091E-005,6.222E-006,8.581E-006,1.193E-003,0.0000
78,symmetric,-13.676712989807129,309.90000000000003,16.350200653076172,0,0,0,0,14.889822006225588,0,D,-0.41911949602786669,0,0.41911949602786669,,1.000000,STABLE,STABLE,0,STABLE (Table VII caption),AGREE,7.404E-007,1.173E-007,7.404E-006,3.272E-004,0.0000
78,symmetric,-13.676712989807129,309.90000000000003,16.350200653076172,0,0,0,0,14.889822006225588,0,E,-0.150958556034303,0,0.150958556034303,,1.000000,STABLE,STABLE,0,STABLE (Table VII caption),AGREE,1.650E-006,2.341E-007,1.650E-005,2.108E-005,0.0000
79,symmetric,-13.815926551818848,309,16.457609176635742,0,0,0,0,14.860498428344727,0,A+,-0.76690419828529,1.3391657444141982,1.5432131869447063,0.49695285445533738,0.000000,STABLE,STABLE,0,STABLE (Table VII caption),AGREE,3.483E-006,1.577E-006,2.081E-005,4.127E-003,0.0000
79,symmetric,-13.815926551818848,309,16.457609176635742,0,0,0,0,14.860498428344727,0,A-,-0.76690419828529,-1.3391657444141982,1.5432131869447063,0.49695285445533738,0.000000,STABLE,STABLE,0,STABLE (Table VII caption),AGREE,3.483E-006,1.577E-006,2.081E-005,4.127E-003,0.0000
79,symmetric,-13.815926551818848,309,16.457609176635742,0,0,0,0,14.860498428344727,0,B+,-0.014256127064426305,0.12970752887035086,0.13048862097719469,0.10925187926476615,0.000000,STABLE,STABLE,0,STABLE (Table VII caption),AGREE,2.739E-006,1.067E-007,6.044E-006,1.233E-004,0.0000
79,symmetric,-13.815926551818848,309,16.457609176635742,0,0,0,0,14.860498428344727,0,B-,-0.014256127064426305,-0.12970752887035086,0.13048862097719469,0.10925187926476615,0.000000,STABLE,STABLE,0,STABLE (Table VII caption),AGREE,2.739E-006,1.067E-007,6.044E-006,1.233E-004,0.0000
79,symmetric,-13.815926551818848,309,16.457609176635742,0,0,0,0,14.860498428344727,0,C+,-0.14987540192687651,3.4472249961777064,3.4504815331160854,0.0434360829027611,1.000000,STABLE,STABLE,0,STABLE (Table VII caption),AGREE,4.106E-005,6.228E-006,8.760E-006,1.226E-003,0.0000
79,symmetric,-13.815926551818848,309,16.457609176635742,0,0,0,0,14.860498428344727,0,C-,-0.14987540192687651,-3.4472249961777064,3.4504815331160854,0.0434360829027611,1.000000,STABLE,STABLE,0,STABLE (Table VII caption),AGREE,4.106E-005,6.228E-006,8.760E-006,1.226E-003,0.0000
79,symmetric,-13.815926551818848,309,16.457609176635742,0,0,0,0,14.860498428344727,0,D,-0.42513857266677657,0,0.42513857266677657,,1.000000,STABLE,STABLE,0,STABLE (Table VII caption),AGREE,7.822E-007,1.164E-007,7.822E-006,3.418E-004,0.0000
79,symmetric,-13.815926551818848,309,16.457609176635742,0,0,0,0,14.860498428344727,0,E,-0.15129114932694032,0,0.15129114932694032,,1.000000,STABLE,STABLE,0,STABLE (Table VII caption),AGREE,1.591E-006,2.404E-007,1.591E-005,1.637E-005,0.0000
80,symmetric,-14.019343376159668,307.7,16.614627838134766,0,0,0,0,14.816377639770508,0,A+,-0.67117490065765439,1.3584343838600659,1.5151962653485156,0.44296235148340674,0.000000,STABLE,STABLE,0,STABLE (Table VII caption),AGREE,3.658E-006,2.914E-006,3.501E-005,3.367E-003,0.0000
80,symmetric,-14.019343376159668,307.7,16.614627838134766,0,0,0,0,14.816377639770508,0,A-,-0.67117490065765439,-1.3584343838600659,1.5151962653485156,0.44296235148340674,0.000000,STABLE,STABLE,0,STABLE (Table VII caption),AGREE,3.658E-006,2.914E-006,3.501E-005,3.367E-003,0.0000
80,symmetric,-14.019343376159668,307.7,16.614627838134766,0,0,0,0,14.816377639770508,0,B+,-0.016081597837803809,0.132186523425539,0.13316116087038077,0.12076793062398769,0.000000,STABLE,STABLE,0,STABLE (Table VII caption),AGREE,2.943E-006,8.402E-008,5.262E-006,1.122E-004,0.0000
80,symmetric,-14.019343376159668,307.7,16.614627838134766,0,0,0,0,14.816377639770508,0,B-,-0.016081597837803809,-0.132186523425539,0.13316116087038077,0.12076793062398769,0.000000,STABLE,STABLE,0,STABLE (Table VII caption),AGREE,2.943E-006,8.402E-008,5.262E-006,1.122E-004,0.0000
80,symmetric,-14.019343376159668,307.7,16.614627838134766,0,0,0,0,14.816377639770508,0,C+,-0.15862041675412536,3.4158917530046606,3.4195726202051193,0.046386035441063594,1.000000,STABLE,STABLE,0,STABLE (Table VII caption),AGREE,4.133E-005,6.246E-006,9.343E-006,1.280E-003,0.0000
80,symmetric,-14.019343376159668,307.7,16.614627838134766,0,0,0,0,14.816377639770508,0,C-,-0.15862041675412536,-3.4158917530046606,3.4195726202051193,0.046386035441063594,1.000000,STABLE,STABLE,0,STABLE (Table VII caption),AGREE,4.133E-005,6.246E-006,9.343E-006,1.280E-003,0.0000
80,symmetric,-14.019343376159668,307.7,16.614627838134766,0,0,0,0,14.816377639770508,0,D,-0.43422864926126914,0,0.43422864926126914,,1.000000,STABLE,STABLE,0,STABLE (Table VII caption),AGREE,8.331E-007,1.249E-007,8.331E-006,3.568E-004,0.0000
80,symmetric,-14.019343376159668,307.7,16.614627838134766,0,0,0,0,14.816377639770508,0,E,-0.15165229056477236,0,0.15165229056477236,,1.000000,STABLE,STABLE,0,STABLE (Table VII caption),AGREE,1.529E-006,2.314E-007,1.529E-005,1.209E-005,0.0000
81,symmetric,-14.209561347961426,306.5,16.761556625366211,0,0,0,0,14.773773193359375,0,A+,-0.60244229406886263,1.3674502931684345,1.4942747478189515,0.40316701794511983,0.000000,STABLE,STABLE,0,STABLE (Table VII caption),AGREE,3.219E-006,5.161E-007,3.034E-005,2.402E-003,0.0000
81,symmetric,-14.209561347961426,306.5,16.761556625366211,0,0,0,0,14.773773193359375,0,A-,-0.60244229406886263,-1.3674502931684345,1.4942747478189515,0.40316701794511983,0.000000,STABLE,STABLE,0,STABLE (Table VII caption),AGREE,3.219E-006,5.161E-007,3.034E-005,2.402E-003,0.0000
81,symmetric,-14.209561347961426,306.5,16.761556625366211,0,0,0,0,14.773773193359375,0,B+,-0.017614287420910559,0.13411499972760707,0.13526675967613955,0.13021889090182473,0.000000,STABLE,STABLE,0,STABLE (Table VII caption),AGREE,2.993E-006,2.106E-007,4.907E-006,9.194E-005,0.0000
81,symmetric,-14.209561347961426,306.5,16.761556625366211,0,0,0,0,14.773773193359375,0,B-,-0.017614287420910559,-0.13411499972760707,0.13526675967613955,0.13021889090182473,0.000000,STABLE,STABLE,0,STABLE (Table VII caption),AGREE,2.993E-006,2.106E-007,4.907E-006,9.194E-005,0.0000
81,symmetric,-14.209561347961426,306.5,16.761556625366211,0,0,0,0,14.773773193359375,0,C+,-0.16856345722557292,3.3861193219041335,3.3903123309341789,0.049719152919202092,1.000000,STABLE,STABLE,0,STABLE (Table VII caption),AGREE,4.172E-005,6.240E-006,9.728E-006,1.339E-003,0.0000
81,symmetric,-14.209561347961426,306.5,16.761556625366211,0,0,0,0,14.773773193359375,0,C-,-0.16856345722557292,-3.3861193219041335,3.3903123309341789,0.049719152919202092,1.000000,STABLE,STABLE,0,STABLE (Table VII caption),AGREE,4.172E-005,6.240E-006,9.728E-006,1.339E-003,0.0000
81,symmetric,-14.209561347961426,306.5,16.761556625366211,0,0,0,0,14.773773193359375,0,D,-0.44289404123936282,0,0.44289404123936282,,1.000000,STABLE,STABLE,0,STABLE (Table VII caption),AGREE,9.123E-007,1.346E-007,9.123E-006,3.643E-004,0.0000
81,symmetric,-14.209561347961426,306.5,16.761556625366211,0,0,0,0,14.773773193359375,0,E,-0.15192402627286675,0,0.15192402627286675,,1.000000,STABLE,STABLE,0,STABLE (Table VII caption),AGREE,1.479E-006,2.211E-007,1.479E-005,1.109E-005,0.0000
82,symmetric,-14.385997772216797,305.4,16.897945404052734,0,0,0,0,14.733112335205078,0,A+,-0.56237590391878967,1.3699646632556646,1.4809016968987787,0.37975235297284471,0.000000,STABLE,STABLE,0,STABLE (Table VII caption),AGREE,6.127E-006,4.476E-007,6.026E-005,1.261E-003,0.0000
82,symmetric,-14.385997772216797,305.4,16.897945404052734,0,0,0,0,14.733112335205078,0,A-,-0.56237590391878967,-1.3699646632556646,1.4809016968987787,0.37975235297284471,0.000000,STABLE,STABLE,0,STABLE (Table VII caption),AGREE,6.127E-006,4.476E-007,6.026E-005,1.261E-003,0.0000
82,symmetric,-14.385997772216797,305.4,16.897945404052734,0,0,0,0,14.733112335205078,0,B+,-0.018715251213731389,0.13542258604821467,0.13670968305127176,0.13689777341311221,0.000000,STABLE,STABLE,0,STABLE (Table VII caption),AGREE,3.008E-006,1.794E-007,4.863E-006,6.323E-005,0.0000
82,symmetric,-14.385997772216797,305.4,16.897945404052734,0,0,0,0,14.733112335205078,0,B-,-0.018715251213731389,-0.13542258604821467,0.13670968305127176,0.13689777341311221,0.000000,STABLE,STABLE,0,STABLE (Table VII caption),AGREE,3.008E-006,1.794E-007,4.863E-006,6.323E-005,0.0000
82,symmetric,-14.385997772216797,305.4,16.897945404052734,0,0,0,0,14.733112335205078,0,C+,-0.17943709278843456,3.3580311741094171,3.3628218859402939,0.053359083196956578,1.000000,STABLE,STABLE,0,STABLE (Table VII caption),AGREE,4.206E-005,6.229E-006,1.046E-005,1.403E-003,0.0000
82,symmetric,-14.385997772216797,305.4,16.897945404052734,0,0,0,0,14.733112335205078,0,C-,-0.17943709278843456,-3.3580311741094171,3.3628218859402939,0.053359083196956578,1.000000,STABLE,STABLE,0,STABLE (Table VII caption),AGREE,4.206E-005,6.229E-006,1.046E-005,1.403E-003,0.0000
82,symmetric,-14.385997772216797,305.4,16.897945404052734,0,0,0,0,14.733112335205078,0,D,-0.45092645304307727,0,0.45092645304307727,,1.000000,STABLE,STABLE,0,STABLE (Table VII caption),AGREE,9.675E-007,1.520E-007,9.675E-006,3.650E-004,0.0000
82,symmetric,-14.385997772216797,305.4,16.897945404052734,0,0,0,0,14.733112335205078,0,E,-0.15218194709478264,0,0.15218194709478264,,1.000000,STABLE,STABLE,0,STABLE (Table VII caption),AGREE,1.422E-006,2.124E-007,1.422E-005,1.287E-005,0.0000
83,symmetric,-14.580731391906738,304.20000000000005,17.048618316650391,0,0,0,0,14.686978340148928,0,A+,-0.54885355778872613,1.3679247155228049,1.473926136288888,0.37237521221426484,0.000000,STABLE,STABLE,0,STABLE (Table VII caption),AGREE,3.402E-006,7.018E-006,6.942E-005,2.476E-004,0.0000
83,symmetric,-14.580731391906738,304.20000000000005,17.048618316650391,0,0,0,0,14.686978340148928,0,A-,-0.54885355778872613,-1.3679247155228049,1.473926136288888,0.37237521221426484,0.000000,STABLE,STABLE,0,STABLE (Table VII caption),AGREE,3.402E-006,7.018E-006,6.942E-005,2.476E-004,0.0000
83,symmetric,-14.580731391906738,304.20000000000005,17.048618316650391,0,0,0,0,14.686978340148928,0,B+,-0.019412904895234971,0.13622112387071661,0.13759743989287213,0.14108478261186461,0.000000,STABLE,STABLE,0,STABLE (Table VII caption),AGREE,3.141E-006,5.100E-007,4.350E-006,3.454E-005,0.0000
83,symmetric,-14.580731391906738,304.20000000000005,17.048618316650391,0,0,0,0,14.686978340148928,0,B-,-0.019412904895234971,-0.13622112387071661,0.13759743989287213,0.14108478261186461,0.000000,STABLE,STABLE,0,STABLE (Table VII caption),AGREE,3.141E-006,5.100E-007,4.350E-006,3.454E-005,0.0000
83,symmetric,-14.580731391906738,304.20000000000005,17.048618316650391,0,0,0,0,14.686978340148928,0,C+,-0.19313534882321814,3.3264670061778414,3.3320690278196272,0.057962589373365472,1.000000,STABLE,STABLE,0,STABLE (Table VII caption),AGREE,4.238E-005,6.318E-006,1.092E-005,1.440E-003,0.0000
83,symmetric,-14.580731391906738,304.20000000000005,17.048618316650391,0,0,0,0,14.686978340148928,0,C-,-0.19313534882321814,-3.3264670061778414,3.3320690278196272,0.057962589373365472,1.000000,STABLE,STABLE,0,STABLE (Table VII caption),AGREE,4.238E-005,6.318E-006,1.092E-005,1.440E-003,0.0000
83,symmetric,-14.580731391906738,304.20000000000005,17.048618316650391,0,0,0,0,14.686978340148928,0,D,-0.45948277982899954,0,0.45948277982899954,,1.000000,STABLE,STABLE,0,STABLE (Table VII caption),AGREE,1.063E-006,1.712E-007,1.063E-005,3.266E-004,0.0000
83,symmetric,-14.580731391906738,304.20000000000005,17.048618316650391,0,0,0,0,14.686978340148928,0,E,-0.15258792144426492,0,0.15258792144426492,,1.000000,STABLE,STABLE,0,STABLE (Table VII caption),AGREE,1.373E-006,1.953E-007,1.373E-005,3.023E-005,0.0000
84,symmetric,-14.777824401855469,303,17.201284408569336,0,0,0,0,14.638971328735352,0,A+,-0.54384523169677079,1.3646839829886812,1.469057524219241,0.37020009273347404,0.000000,STABLE,STABLE,0,STABLE (Table VII caption),AGREE,1.197E-005,5.596E-007,1.184E-004,2.505E-004,0.0000
84,symmetric,-14.777824401855469,303,17.201284408569336,0,0,0,0,14.638971328735352,0,A-,-0.54384523169677079,-1.3646839829886812,1.469057524219241,0.37020009273347404,0.000000,STABLE,STABLE,0,STABLE (Table VII caption),AGREE,1.197E-005,5.596E-007,1.184E-004,2.505E-004,0.0000
84,symmetric,-14.777824401855469,303,17.201284408569336,0,0,0,0,14.638971328735352,0,B+,-0.019970669570263541,0.13684336467548691,0.13829292859287112,0.14440846523003645,0.000000,STABLE,STABLE,0,STABLE (Table VII caption),AGREE,3.170E-006,2.210E-007,4.429E-006,3.515E-005,0.0000
84,symmetric,-14.777824401855469,303,17.201284408569336,0,0,0,0,14.638971328735352,0,B-,-0.019970669570263541,-0.13684336467548691,0.13829292859287112,0.14440846523003645,0.000000,STABLE,STABLE,0,STABLE (Table VII caption),AGREE,3.170E-006,2.210E-007,4.429E-006,3.515E-005,0.0000
84,symmetric,-14.777824401855469,303,17.201284408569336,0,0,0,0,14.638971328735352,0,C+,-0.20480055487301729,3.2945286380860637,3.3008880948080486,0.062044076924372908,1.000000,STABLE,STABLE,0,STABLE (Table VII caption),AGREE,4.270E-005,6.393E-006,1.173E-005,1.398E-003,0.0000
84,symmetric,-14.777824401855469,303,17.201284408569336,0,0,0,0,14.638971328735352,0,C-,-0.20480055487301729,-3.2945286380860637,3.3008880948080486,0.062044076924372908,1.000000,STABLE,STABLE,0,STABLE (Table VII caption),AGREE,4.270E-005,6.393E-006,1.173E-005,1.398E-003,0.0000
84,symmetric,-14.777824401855469,303,17.201284408569336,0,0,0,0,14.638971328735352,0,D,-0.46599657891083118,0,0.46599657891083118,,1.000000,STABLE,STABLE,0,STABLE (Table VII caption),AGREE,1.110E-006,1.779E-007,1.110E-005,2.237E-004,0.0000
84,symmetric,-14.777824401855469,303,17.201284408569336,0,0,0,0,14.638971328735352,0,E,-0.1537502393971201,0,0.1537502393971201,,1.000000,STABLE,STABLE,0,STABLE (Table VII caption),AGREE,1.313E-006,1.949E-007,1.313E-005,6.687E-005,0.0000
85,symmetric,-14.960564613342285,301.9,17.343006134033203,0,0,0,0,14.593299865722656,0,A+,-0.53920622844641963,1.3616696478391108,1.4645434737971079,0.36817358999144273,0.000000,STABLE,STABLE,0,STABLE (Table VII caption),AGREE,5.146E-006,2.387E-006,3.742E-005,2.583E-004,0.0000
85,symmetric,-14.960564613342285,301.9,17.343006134033203,0,0,0,0,14.593299865722656,0,A-,-0.53920622844641963,-1.3616696478391108,1.4645434737971079,0.36817358999144273,0.000000,STABLE,STABLE,0,STABLE (Table VII caption),AGREE,5.146E-006,2.387E-006,3.742E-005,2.583E-004,0.0000
85,symmetric,-14.960564613342285,301.9,17.343006134033203,0,0,0,0,14.593299865722656,0,B+,-0.020497323042672586,0.137417166058826,0.13893745995790566,0.14752913324371073,0.000000,STABLE,STABLE,0,STABLE (Table VII caption),AGREE,3.336E-006,1.214E-007,3.781E-006,3.598E-005,0.0000
85,symmetric,-14.960564613342285,301.9,17.343006134033203,0,0,0,0,14.593299865722656,0,B-,-0.020497323042672586,-0.137417166058826,0.13893745995790566,0.14752913324371073,0.000000,STABLE,STABLE,0,STABLE (Table VII caption),AGREE,3.336E-006,1.214E-007,3.781E-006,3.598E-005,0.0000
85,symmetric,-14.960564613342285,301.9,17.343006134033203,0,0,0,0,14.593299865722656,0,C+,-0.21260402405622897,3.2651432810625796,3.2720576273826549,0.064975635599148249,1.000000,STABLE,STABLE,0,STABLE (Table VII caption),AGREE,4.301E-005,6.418E-006,1.193E-005,1.370E-003,0.0000
85,symmetric,-14.960564613342285,301.9,17.343006134033203,0,0,0,0,14.593299865722656,0,C-,-0.21260402405622897,-3.2651432810625796,3.2720576273826549,0.064975635599148249,1.000000,STABLE,STABLE,0,STABLE (Table VII caption),AGREE,4.301E-005,6.418E-006,1.193E-005,1.370E-003,0.0000
85,symmetric,-14.960564613342285,301.9,17.343006134033203,0,0,0,0,14.593299865722656,0,D,-0.46998388383216189,0,0.46998388383216189,,1.000000,STABLE,STABLE,0,STABLE (Table VII caption),AGREE,1.151E-006,1.673E-007,1.151E-005,1.448E-004,0.0000
85,symmetric,-14.960564613342285,301.9,17.343006134033203,0,0,0,0,14.593299865722656,0,E,-0.1555202489924831,0,0.1555202489924831,,1.000000,STABLE,STABLE,0,STABLE (Table VII caption),AGREE,1.235E-006,1.920E-007,1.235E-005,9.442E-005,0.0000
86,symmetric,-15.145285606384277,300.8,17.4864559173584,0,0,0,0,14.546023368835447,0,A+,-0.53451377343591577,1.3586114717946862,1.4599760632574854,0.36611132667703705,0.000000,STABLE,STABLE,0,STABLE (Table VII caption),AGREE,1.241E-005,2.730E-007,1.228E-004,2.562E-004,0.0000
86,symmetric,-15.145285606384277,300.8,17.4864559173584,0,0,0,0,14.546023368835447,0,A-,-0.53451377343591577,-1.3586114717946862,1.4599760632574854,0.36611132667703705,0.000000,STABLE,STABLE,0,STABLE (Table VII caption),AGREE,1.241E-005,2.730E-007,1.228E-004,2.562E-004,0.0000
86,symmetric,-15.145285606384277,300.8,17.4864559173584,0,0,0,0,14.546023368835447,0,B+,-0.021039248948127271,0.13799452872799298,0.13958918280139818,0.15072263140949152,0.000000,STABLE,STABLE,0,STABLE (Table VII caption),AGREE,3.149E-006,2.106E-007,5.040E-006,3.629E-005,0.0000
86,symmetric,-15.145285606384277,300.8,17.4864559173584,0,0,0,0,14.546023368835447,0,B-,-0.021039248948127271,-0.13799452872799298,0.13958918280139818,0.15072263140949152,0.000000,STABLE,STABLE,0,STABLE (Table VII caption),AGREE,3.149E-006,2.106E-007,5.040E-006,3.629E-005,0.0000
86,symmetric,-15.145285606384277,300.8,17.4864559173584,0,0,0,0,14.546023368835447,0,C+,-0.21770900565562995,3.23568078506415,3.2429966626527569,0.067132047393951053,1.000000,STABLE,STABLE,0,STABLE (Table VII caption),AGREE,4.344E-005,6.455E-006,1.222E-005,1.352E-003,0.0000
86,symmetric,-15.145285606384277,300.8,17.4864559173584,0,0,0,0,14.546023368835447,0,C-,-0.21770900565562995,-3.23568078506415,3.2429966626527569,0.067132047393951053,1.000000,STABLE,STABLE,0,STABLE (Table VII caption),AGREE,4.344E-005,6.455E-006,1.222E-005,1.352E-003,0.0000
86,symmetric,-15.145285606384277,300.8,17.4864559173584,0,0,0,0,14.546023368835447,0,D,-0.47239621185738107,0,0.47239621185738107,,1.000000,STABLE,STABLE,0,STABLE (Table VII caption),AGREE,1.130E-006,1.742E-007,1.130E-005,7.974E-005,0.0000
86,symmetric,-15.145285606384277,300.8,17.4864559173584,0,0,0,0,14.546023368835447,0,E,-0.15784351093669979,0,0.15784351093669979,,1.000000,STABLE,STABLE,0,STABLE (Table VII caption),AGREE,1.186E-006,1.789E-007,1.186E-005,1.171E-004,0.0000
87,symmetric,-15.3490571975708,299.59999999999997,17.644935607910156,0,0,0,0,14.492599487304686,0,A+,-0.52934949332286851,1.3552255468114827,1.4549388883426202,0.36382936600579285,0.000000,STABLE,STABLE,0,STABLE (Table VII caption),AGREE,3.231E-006,5.489E-006,5.426E-005,2.640E-004,0.0000
87,symmetric,-15.3490571975708,299.59999999999997,17.644935607910156,0,0,0,0,14.492599487304686,0,A-,-0.52934949332286851,-1.3552255468114827,1.4549388883426202,0.36382936600579285,0.000000,STABLE,STABLE,0,STABLE (Table VII caption),AGREE,3.231E-006,5.489E-006,5.426E-005,2.640E-004,0.0000
87,symmetric,-15.3490571975708,299.59999999999997,17.644935607910156,0,0,0,0,14.492599487304686,0,B+,-0.02164799818030929,0.13862775935965249,0.14030784543386157,0.15428929232979877,0.000000,STABLE,STABLE,0,STABLE (Table VII caption),AGREE,3.209E-006,4.480E-007,4.916E-006,3.718E-005,0.0000
87,symmetric,-15.3490571975708,299.59999999999997,17.644935607910156,0,0,0,0,14.492599487304686,0,B-,-0.02164799818030929,-0.13862775935965249,0.14030784543386157,0.15428929232979877,0.000000,STABLE,STABLE,0,STABLE (Table VII caption),AGREE,3.209E-006,4.480E-007,4.916E-006,3.718E-005,0.0000
87,symmetric,-15.3490571975708,299.59999999999997,17.644935607910156,0,0,0,0,14.492599487304686,0,C+,-0.22028943988945776,3.2034652028901025,3.211030479994629,0.068603970364624581,1.000000,STABLE,STABLE,0,STABLE (Table VII caption),AGREE,4.374E-005,6.597E-006,1.240E-005,1.345E-003,0.0000
87,symmetric,-15.3490571975708,299.59999999999997,17.644935607910156,0,0,0,0,14.492599487304686,0,C-,-0.22028943988945776,-3.2034652028901025,3.211030479994629,0.068603970364624581,1.000000,STABLE,STABLE,0,STABLE (Table VII caption),AGREE,4.374E-005,6.597E-006,1.240E-005,1.345E-003,0.0000
87,symmetric,-15.3490571975708,299.59999999999997,17.644935607910156,0,0,0,0,14.492599487304686,0,D,-0.47358373057966752,0,0.47358373057966752,,1.000000,STABLE,STABLE,0,STABLE (Table VII caption),AGREE,1.090E-006,1.579E-007,1.090E-005,2.414E-005,0.0000
87,symmetric,-15.3490571975708,299.59999999999997,17.644935607910156,0,0,0,0,14.492599487304686,0,E,-0.16088795614522397,0,0.16088795614522397,,1.000000,STABLE,STABLE,0,STABLE (Table VII caption),AGREE,1.092E-006,1.680E-007,1.092E-005,1.366E-004,0.0000
88,symmetric,-15.537910461425781,298.5,17.792058944702148,0,0,0,0,14.441921234130861,0,A+,-0.5245779056700689,1.3520752759481223,1.4502722264965935,0.36170995767965985,0.000000,STABLE,STABLE,0,STABLE (Table VII caption),AGREE,2.991E-006,4.003E-006,3.992E-005,2.623E-004,0.0000
88,symmetric,-15.537910461425781,298.5,17.792058944702148,0,0,0,0,14.441921234130861,0,A-,-0.5245779056700689,-1.3520752759481223,1.4502722264965935,0.36170995767965985,0.000000,STABLE,STABLE,0,STABLE (Table VII caption),AGREE,2.991E-006,4.003E-006,3.992E-005,2.623E-004,0.0000
88,symmetric,-15.537910461425781,298.5,17.792058944702148,0,0,0,0,14.441921234130861,0,B+,-0.02222246261402637,0.13921110536998474,0.14097364896662351,0.15763557783261814,0.000000,STABLE,STABLE,0,STABLE (Table VII caption),AGREE,3.300E-006,1.218E-007,4.733E-006,3.757E-005,0.0000
88,symmetric,-15.537910461425781,298.5,17.792058944702148,0,0,0,0,14.441921234130861,0,B-,-0.02222246261402637,-0.13921110536998474,0.14097364896662351,0.15763557783261814,0.000000,STABLE,STABLE,0,STABLE (Table VII caption),AGREE,3.300E-006,1.218E-007,4.733E-006,3.757E-005,0.0000
88,symmetric,-15.537910461425781,298.5,17.792058944702148,0,0,0,0,14.441921234130861,0,C+,-0.22001270727655409,3.1738607709827016,3.1814772959972646,0.0691542597375629,1.000000,STABLE,STABLE,0,STABLE (Table VII caption),AGREE,4.420E-005,6.517E-006,1.237E-005,1.350E-003,0.0000
88,symmetric,-15.537910461425781,298.5,17.792058944702148,0,0,0,0,14.441921234130861,0,C-,-0.22001270727655409,-3.1738607709827016,3.1814772959972646,0.0691542597375629,1.000000,STABLE,STABLE,0,STABLE (Table VII caption),AGREE,4.420E-005,6.517E-006,1.237E-005,1.350E-003,0.0000
88,symmetric,-15.537910461425781,298.5,17.792058944702148,0,0,0,0,14.441921234130861,0,D,-0.47366515377798651,0,0.47366515377798651,,1.000000,STABLE,STABLE,0,STABLE (Table VII caption),AGREE,1.024E-006,1.470E-007,1.024E-005,1.426E-005,0.0000
88,symmetric,-15.537910461425781,298.5,17.792058944702148,0,0,0,0,14.441921234130861,0,E,-0.16404073536883446,0,0.16404073536883446,,1.000000,STABLE,STABLE,0,STABLE (Table VII caption),AGREE,1.003E-006,1.510E-007,1.003E-005,1.499E-004,0.0000
89,symmetric,-15.711309432983398,297.5,17.927370071411133,0,0,0,0,14.394425392150881,0,A+,-0.52020886680128442,1.3491717262121241,1.445988109186545,0.35976012769146015,0.000000,STABLE,STABLE,0,STABLE (Table VII caption),AGREE,4.921E-006,4.819E-006,4.808E-005,2.690E-004,0.0000
89,symmetric,-15.711309432983398,297.5,17.927370071411133,0,0,0,0,14.394425392150881,0,A-,-0.52020886680128442,-1.3491717262121241,1.445988109186545,0.35976012769146015,0.000000,STABLE,STABLE,0,STABLE (Table VII caption),AGREE,4.921E-006,4.819E-006,4.808E-005,2.690E-004,0.0000
89,symmetric,-15.711309432983398,297.5,17.927370071411133,0,0,0,0,14.394425392150881,0,B+,-0.022758713045206463,0.13974379690653671,0.14158491372081078,0.16074250036330875,0.000000,STABLE,STABLE,0,STABLE (Table VII caption),AGREE,3.487E-006,1.376E-007,3.880E-006,3.836E-005,0.0000
89,symmetric,-15.711309432983398,297.5,17.927370071411133,0,0,0,0,14.394425392150881,0,B-,-0.022758713045206463,-0.13974379690653671,0.14158491372081078,0.16074250036330875,0.000000,STABLE,STABLE,0,STABLE (Table VII caption),AGREE,3.487E-006,1.376E-007,3.880E-006,3.836E-005,0.0000
89,symmetric,-15.711309432983398,297.5,17.927370071411133,0,0,0,0,14.394425392150881,0,C+,-0.21765987085068644,3.1468718596331948,3.154390324663392,0.069002199616470458,1.000000,STABLE,STABLE,0,STABLE (Table VII caption),AGREE,4.441E-005,6.718E-006,1.241E-005,1.362E-003,0.0000
89,symmetric,-15.711309432983398,297.5,17.927370071411133,0,0,0,0,14.394425392150881,0,C-,-0.21765987085068644,-3.1468718596331948,3.154390324663392,0.069002199616470458,1.000000,STABLE,STABLE,0,STABLE (Table VII caption),AGREE,4.441E-005,6.718E-006,1.241E-005,1.362E-003,0.0000
89,symmetric,-15.711309432983398,297.5,17.927370071411133,0,0,0,0,14.394425392150881,0,D,-0.47315608285173566,0,0.47315608285173566,,1.000000,STABLE,STABLE,0,STABLE (Table VII caption),AGREE,9.346E-007,1.429E-007,9.346E-006,3.591E-005,0.0000
89,symmetric,-15.711309432983398,297.5,17.927370071411133,0,0,0,0,14.394425392150881,0,E,-0.16712168775955807,0,0.16712168775955807,,1.000000,STABLE,STABLE,0,STABLE (Table VII caption),AGREE,9.124E-007,1.345E-007,9.124E-006,1.580E-004,0.0000
90,symmetric,-15.903925895690918,296.4,18.077947616577148,0,0,0,0,14.340604782104492,0,A+,-0.51536254115856406,1.3459324830477812,1.441226143862433,0.35758617296339867,0.000000,STABLE,STABLE,0,STABLE (Table VII caption),AGREE,5.850E-006,4.141E-007,5.778E-005,2.672E-004,0.0000
90,symmetric,-15.903925895690918,296.4,18.077947616577148,0,0,0,0,14.340604782104492,0,A-,-0.51536254115856406,-1.3459324830477812,1.441226143862433,0.35758617296339867,0.000000,STABLE,STABLE,0,STABLE (Table VII caption),AGREE,5.850E-006,4.141E-007,5.778E-005,2.672E-004,0.0000
90,symmetric,-15.903925895690918,296.4,18.077947616577148,0,0,0,0,14.340604782104492,0,B+,-0.023364507214664727,0.14033257423870421,0.14226430188155267,0.16423309927825533,0.000000,STABLE,STABLE,0,STABLE (Table VII caption),AGREE,3.405E-006,1.994E-007,4.636E-006,3.877E-005,0.0000
90,symmetric,-15.903925895690918,296.4,18.077947616577148,0,0,0,0,14.340604782104492,0,B-,-0.023364507214664727,-0.14033257423870421,0.14226430188155267,0.16423309927825533,0.000000,STABLE,STABLE,0,STABLE (Table VII caption),AGREE,3.405E-006,1.994E-007,4.636E-006,3.877E-005,0.0000
90,symmetric,-15.903925895690918,296.4,18.077947616577148,0,0,0,0,14.340604782104492,0,C+,-0.21287472831900822,3.11707501509272,3.1243354972973325,0.068134401220084351,1.000000,STABLE,STABLE,0,STABLE (Table VII caption),AGREE,4.482E-005,6.808E-006,1.256E-005,1.384E-003,0.0000
90,symmetric,-15.903925895690918,296.4,18.077947616577148,0,0,0,0,14.340604782104492,0,C-,-0.21287472831900822,-3.11707501509272,3.1243354972973325,0.068134401220084351,1.000000,STABLE,STABLE,0,STABLE (Table VII caption),AGREE,4.482E-005,6.808E-006,1.256E-005,1.384E-003,0.0000
90,symmetric,-15.903925895690918,296.4,18.077947616577148,0,0,0,0,14.340604782104492,0,D,-0.47222337285970728,0,0.47222337285970728,,1.000000,STABLE,STABLE,0,STABLE (Table VII caption),AGREE,8.387E-007,1.200E-007,8.387E-006,4.721E-005,0.0000
90,symmetric,-15.903925895690918,296.4,18.077947616577148,0,0,0,0,14.340604782104492,0,E,-0.17065101644106592,0,0.17065101644106592,,1.000000,STABLE,STABLE,0,STABLE (Table VII caption),AGREE,7.764E-007,1.235E-007,7.764E-006,1.622E-004,0.0000
91,symmetric,-16.134092330932617,295.09999999999997,18.258279800415039,0,0,0,0,14.274869918823242,0,A+,-0.50960352418187549,1.3420440332233579,1.4355409917410944,0.35499057645424908,0.000000,STABLE,STABLE,0,STABLE (Table VII caption),AGREE,3.828E-006,2.118E-006,2.281E-005,2.699E-004,0.0000
91,symmetric,-16.134092330932617,295.09999999999997,18.258279800415039,0,0,0,0,14.274869918823242,0,A-,-0.50960352418187549,-1.3420440332233579,1.4355409917410944,0.35499057645424908,0.000000,STABLE,STABLE,0,STABLE (Table VII caption),AGREE,3.828E-006,2.118E-006,2.281E-005,2.699E-004,0.0000
91,symmetric,-16.134092330932617,295.09999999999997,18.258279800415039,0,0,0,0,14.274869918823242,0,B+,-0.024101963199341755,0.14103118684934401,0.14307585503570128,0.1684558389906366,0.000000,STABLE,STABLE,0,STABLE (Table VII caption),AGREE,3.527E-006,3.073E-007,4.207E-006,3.953E-005,0.0000
91,symmetric,-16.134092330932617,295.09999999999997,18.258279800415039,0,0,0,0,14.274869918823242,0,B-,-0.024101963199341755,-0.14103118684934401,0.14307585503570128,0.1684558389906366,0.000000,STABLE,STABLE,0,STABLE (Table VII caption),AGREE,3.527E-006,3.073E-007,4.207E-006,3.953E-005,0.0000
91,symmetric,-16.134092330932617,295.09999999999997,18.258279800415039,0,0,0,0,14.274869918823242,0,C+,-0.20444355041025625,3.0816634038691335,3.088437549967725,0.066196433342935082,1.000000,STABLE,STABLE,0,STABLE (Table VII caption),AGREE,4.530E-005,6.852E-006,1.240E-005,1.419E-003,0.0000
91,symmetric,-16.134092330932617,295.09999999999997,18.258279800415039,0,0,0,0,14.274869918823242,0,C-,-0.20444355041025625,-3.0816634038691335,3.088437549967725,0.066196433342935082,1.000000,STABLE,STABLE,0,STABLE (Table VII caption),AGREE,4.530E-005,6.852E-006,1.240E-005,1.419E-003,0.0000
91,symmetric,-16.134092330932617,295.09999999999997,18.258279800415039,0,0,0,0,14.274869918823242,0,D,-0.47099944176708708,0,0.47099944176708708,,1.000000,STABLE,STABLE,0,STABLE (Table VII caption),AGREE,6.788E-007,1.047E-007,6.788E-006,4.431E-005,0.0000
91,symmetric,-16.134092330932617,295.09999999999997,18.258279800415039,0,0,0,0,14.274869918823242,0,E,-0.17486490112468203,0,0.17486490112468203,,1.000000,STABLE,STABLE,0,STABLE (Table VII caption),AGREE,6.243E-007,9.158E-008,6.243E-006,1.608E-004,0.0000
117,turning,-5.7187328338623047,661.89495849609375,8.3022861480712891,-0.019804442301392555,0.001179154496639967,0.092685729265213013,-0.044169116765260696,0.65799397230148315,-64.52,A+,-1.3907790182152064,2.2559468577748403,2.6502004646086359,0.52478257278571094,0.001269,STABLE,STABLE,0,STABLE (Table VII caption),AGREE,3.135E-004,1.938E-005,6.077E-005,1.541E-003,0.1841
117,turning,-5.7187328338623047,661.89495849609375,8.3022861480712891,-0.019804442301392555,0.001179154496639967,0.092685729265213013,-0.044169116765260696,0.65799397230148315,-64.52,A-,-1.3907790182152064,-2.2559468577748403,2.6502004646086359,0.52478257278571094,0.001269,STABLE,STABLE,0,STABLE (Table VII caption),AGREE,3.135E-004,1.938E-005,6.077E-005,1.541E-003,0.1841
117,turning,-5.7187328338623047,661.89495849609375,8.3022861480712891,-0.019804442301392555,0.001179154496639967,0.092685729265213013,-0.044169116765260696,0.65799397230148315,-64.52,B+,-0.003212231455196285,0.12112595895684651,0.12116854527532059,0.026510440047764997,0.350745,STABLE,STABLE,0,STABLE (Table VII caption),AGREE,3.287E-007,3.445E-008,1.000E-006,4.121E-006,0.0045
117,turning,-5.7187328338623047,661.89495849609375,8.3022861480712891,-0.019804442301392555,0.001179154496639967,0.092685729265213013,-0.044169116765260696,0.65799397230148315,-64.52,B-,-0.003212231455196285,-0.12112595895684651,0.12116854527532059,0.026510440047764997,0.350745,STABLE,STABLE,0,STABLE (Table VII caption),AGREE,3.287E-007,3.445E-008,1.000E-006,4.121E-006,0.0045
117,turning,-5.7187328338623047,661.89495849609375,8.3022861480712891,-0.019804442301392555,0.001179154496639967,0.092685729265213013,-0.044169116765260696,0.65799397230148315,-64.52,C+,-0.48874079137051452,7.9629947767882,7.9779792790095438,0.061261225966883069,0.999245,STABLE,STABLE,0,STABLE (Table VII caption),AGREE,2.526E-006,1.099E-006,1.826E-006,1.595E-003,0.0603
117,turning,-5.7187328338623047,661.89495849609375,8.3022861480712891,-0.019804442301392555,0.001179154496639967,0.092685729265213013,-0.044169116765260696,0.65799397230148315,-64.52,C-,-0.48874079137051452,-7.9629947767882,7.9779792790095438,0.061261225966883069,0.999245,STABLE,STABLE,0,STABLE (Table VII caption),AGREE,2.526E-006,1.099E-006,1.826E-006,1.595E-003,0.0603
117,turning,-5.7187328338623047,661.89495849609375,8.3022861480712891,-0.019804442301392555,0.001179154496639967,0.092685729265213013,-0.044169116765260696,0.65799397230148315,-64.52,D,-1.6417014733084938,0,1.6417014733084938,,0.997753,STABLE,STABLE,0,STABLE (Table VII caption),AGREE,1.753E-007,1.418E-007,1.753E-006,6.988E-004,0.0975
117,turning,-5.7187328338623047,661.89495849609375,8.3022861480712891,-0.019804442301392555,0.001179154496639967,0.092685729265213013,-0.044169116765260696,0.65799397230148315,-64.52,E,-0.019832640899577893,0,0.019832640899577893,,0.395642,STABLE,STABLE,0,STABLE (Table VII caption),AGREE,6.669E-007,8.017E-008,6.669E-006,4.120E-006,0.0114
118,turning,-6.0750184059143066,631.4781494140625,8.7180366516113281,-0.022500144317746162,0.0021594923455268145,0.090819060802459717,-0.045697089284658432,1.2168186902999878,-63.289999999999992,A+,-1.2711675725426383,1.9206362359266547,2.3031957251259505,0.55191469777199431,0.003727,STABLE,STABLE,0,STABLE (Table VII caption),AGREE,2.965E-004,1.862E-005,6.875E-005,1.364E-003,0.1973
118,turning,-6.0750184059143066,631.4781494140625,8.7180366516113281,-0.022500144317746162,0.0021594923455268145,0.090819060802459717,-0.045697089284658432,1.2168186902999878,-63.289999999999992,A-,-1.2711675725426383,-1.9206362359266547,2.3031957251259505,0.55191469777199431,0.003727,STABLE,STABLE,0,STABLE (Table VII caption),AGREE,2.965E-004,1.862E-005,6.875E-005,1.364E-003,0.1973
118,turning,-6.0750184059143066,631.4781494140625,8.7180366516113281,-0.022500144317746162,0.0021594923455268145,0.090819060802459717,-0.045697089284658432,1.2168186902999878,-63.289999999999992,B+,-0.0035823750594384963,0.12153279622305255,0.12158558289888033,0.029463814492034533,0.333818,STABLE,STABLE,0,STABLE (Table VII caption),AGREE,3.656E-007,8.445E-008,1.000E-006,1.507E-006,0.0038
118,turning,-6.0750184059143066,631.4781494140625,8.7180366516113281,-0.022500144317746162,0.0021594923455268145,0.090819060802459717,-0.045697089284658432,1.2168186902999878,-63.289999999999992,B-,-0.0035823750594384963,-0.12153279622305255,0.12158558289888033,0.029463814492034533,0.333818,STABLE,STABLE,0,STABLE (Table VII caption),AGREE,3.656E-007,8.445E-008,1.000E-006,1.507E-006,0.0038
118,turning,-6.0750184059143066,631.4781494140625,8.7180366516113281,-0.022500144317746162,0.0021594923455268145,0.090819060802459717,-0.045697089284658432,1.2168186902999878,-63.289999999999992,C+,-0.47910329114058336,7.6163272696834365,7.6313813325311752,0.062780677607899654,0.999253,STABLE,STABLE,0,STABLE (Table VII caption),AGREE,5.425E-007,8.139E-007,1.989E-006,1.258E-003,0.0506
118,turning,-6.0750184059143066,631.4781494140625,8.7180366516113281,-0.022500144317746162,0.0021594923455268145,0.090819060802459717,-0.045697089284658432,1.2168186902999878,-63.289999999999992,C-,-0.47910329114058336,-7.6163272696834365,7.6313813325311752,0.062780677607899654,0.999253,STABLE,STABLE,0,STABLE (Table VII caption),AGREE,5.425E-007,8.139E-007,1.989E-006,1.258E-003,0.0506
118,turning,-6.0750184059143066,631.4781494140625,8.7180366516113281,-0.022500144317746162,0.0021594923455268145,0.090819060802459717,-0.045697089284658432,1.2168186902999878,-63.289999999999992,D,-1.4974424116366385,0,1.4974424116366385,,0.997256,STABLE,STABLE,0,STABLE (Table VII caption),AGREE,6.958E-007,1.058E-008,6.958E-006,4.956E-004,0.0795
118,turning,-6.0750184059143066,631.4781494140625,8.7180366516113281,-0.022500144317746162,0.0021594923455268145,0.090819060802459717,-0.045697089284658432,1.2168186902999878,-63.289999999999992,E,-0.018434342080959145,0,0.018434342080959145,,0.407078,STABLE,STABLE,0,STABLE (Table VII caption),AGREE,9.637E-007,1.250E-008,9.637E-006,7.116E-006,0.0176
119,turning,-6.2806854248046875,606.37689208984375,9.0339746475219727,-0.025012362748384476,0.00318420329131186,0.088288366794586182,-0.046904232352972031,1.8242678642272947,-62.02000000000001,A+,-1.1482213708759013,1.6215034709059162,1.9868784116538354,0.57790218271089178,0.009624,STABLE,STABLE,0,STABLE (Table VII caption),AGREE,2.587E-004,1.640E-005,3.422E-005,1.189E-003,0.2053
119,turning,-6.2806854248046875,606.37689208984375,9.0339746475219727,-0.025012362748384476,0.00318420329131186,0.088288366794586182,-0.046904232352972031,1.8242678642272947,-62.02000000000001,A-,-1.1482213708759013,-1.6215034709059162,1.9868784116538354,0.57790218271089178,0.009624,STABLE,STABLE,0,STABLE (Table VII caption),AGREE,2.587E-004,1.640E-005,3.422E-005,1.189E-003,0.2053
119,turning,-6.2806854248046875,606.37689208984375,9.0339746475219727,-0.025012362748384476,0.00318420329131186,0.088288366794586182,-0.046904232352972031,1.8242678642272947,-62.02000000000001,B+,-0.0039522013132791307,0.1212584002488441,0.12132279062950027,0.03257591828190385,0.315874,STABLE,STABLE,0,STABLE (Table VII caption),AGREE,4.585E-007,2.350E-008,1.203E-006,2.400E-006,0.0062
119,turning,-6.2806854248046875,606.37689208984375,9.0339746475219727,-0.025012362748384476,0.00318420329131186,0.088288366794586182,-0.046904232352972031,1.8242678642272947,-62.02000000000001,B-,-0.0039522013132791307,-0.1212584002488441,0.12132279062950027,0.03257591828190385,0.315874,STABLE,STABLE,0,STABLE (Table VII caption),AGREE,4.585E-007,2.350E-008,1.203E-006,2.400E-006,0.0062
119,turning,-6.2806854248046875,606.37689208984375,9.0339746475219727,-0.025012362748384476,0.00318420329131186,0.088288366794586182,-0.046904232352972031,1.8242678642272947,-62.02000000000001,C+,-0.46775749625705959,7.3257510602246985,7.3406692931699329,0.06372136893461211,0.999257,STABLE,STABLE,0,STABLE (Table VII caption),AGREE,1.657E-006,8.908E-007,2.603E-006,1.047E-003,0.0431
119,turning,-6.2806854248046875,606.37689208984375,9.0339746475219727,-0.025012362748384476,0.00318420329131186,0.088288366794586182,-0.046904232352972031,1.8242678642272947,-62.02000000000001,C-,-0.46775749625705959,-7.3257510602246985,7.3406692931699329,0.06372136893461211,0.999257,STABLE,STABLE,0,STABLE (Table VII caption),AGREE,1.657E-006,8.908E-007,2.603E-006,1.047E-003,0.0431
119,turning,-6.2806854248046875,606.37689208984375,9.0339746475219727,-0.025012362748384476,0.00318420329131186,0.088288366794586182,-0.046904232352972031,1.8242678642272947,-62.02000000000001,D,-1.3883099029857766,0,1.3883099029857766,,0.996749,STABLE,STABLE,0,STABLE (Table VII caption),AGREE,1.138E-006,1.228E-007,1.138E-005,3.734E-004,0.0655
119,turning,-6.2806854248046875,606.37689208984375,9.0339746475219727,-0.025012362748384476,0.00318420329131186,0.088288366794586182,-0.046904232352972031,1.8242678642272947,-62.02000000000001,E,-0.01628594099330857,0,0.01628594099330857,,0.416321,STABLE,STABLE,0,STABLE (Table VII caption),AGREE,1.145E-006,1.250E-007,1.145E-005,9.698E-006,0.0232
120,turning,-6.3951196670532227,585.236572265625,9.2800683975219727,-0.027322450652718544,0.0041823522187769413,0.0854162722826004,-0.047854997217655182,2.4460179805755615,-60.74,A+,-1.0335696443487206,1.3608237594782779,1.7088322077020128,0.6048397494442328,0.022403,STABLE,STABLE,0,STABLE (Table VII caption),AGREE,2.075E-004,1.382E-005,6.007E-005,1.039E-003,0.2136
120,turning,-6.3951196670532227,585.236572265625,9.2800683975219727,-0.027322450652718544,0.0041823522187769413,0.0854162722826004,-0.047854997217655182,2.4460179805755615,-60.74,A-,-1.0335696443487206,-1.3608237594782779,1.7088322077020128,0.6048397494442328,0.022403,STABLE,STABLE,0,STABLE (Table VII caption),AGREE,2.075E-004,1.382E-005,6.007E-005,1.039E-003,0.2136
120,turning,-6.3951196670532227,585.236572265625,9.2800683975219727,-0.027322450652718544,0.0041823522187769413,0.0854162722826004,-0.047854997217655182,2.4460179805755615,-60.74,B+,-0.0043118142946966705,0.12059824287374984,0.12067529957181754,0.035730711338574958,0.297455,STABLE,STABLE,0,STABLE (Table VII caption),AGREE,3.407E-007,3.929E-008,1.372E-006,3.427E-006,0.0082
120,turning,-6.3951196670532227,585.236572265625,9.2800683975219727,-0.027322450652718544,0.0041823522187769413,0.0854162722826004,-0.047854997217655182,2.4460179805755615,-60.74,B-,-0.0043118142946966705,-0.12059824287374984,0.12067529957181754,0.035730711338574958,0.297455,STABLE,STABLE,0,STABLE (Table VII caption),AGREE,3.407E-007,3.929E-008,1.372E-006,3.427E-006,0.0082
120,turning,-6.3951196670532227,585.236572265625,9.2800683975219727,-0.027322450652718544,0.0041823522187769413,0.0854162722826004,-0.047854997217655182,2.4460179805755615,-60.74,C+,-0.4560626690566113,7.078442936317737,7.0931197339967067,0.064296485349139468,0.999259,STABLE,STABLE,0,STABLE (Table VII caption),AGREE,5.190E-007,1.453E-006,3.625E-006,8.969E-004,0.0378
120,turning,-6.3951196670532227,585.236572265625,9.2800683975219727,-0.027322450652718544,0.0041823522187769413,0.0854162722826004,-0.047854997217655182,2.4460179805755615,-60.74,C-,-0.4560626690566113,-7.078442936317737,7.0931197339967067,0.064296485349139468,0.999259,STABLE,STABLE,0,STABLE (Table VII caption),AGREE,5.190E-007,1.453E-006,3.625E-006,8.969E-004,0.0378
120,turning,-6.3951196670532227,585.236572265625,9.2800683975219727,-0.027322450652718544,0.0041823522187769413,0.0854162722826004,-0.047854997217655182,2.4460179805755615,-60.74,D,-1.3038466295230045,0,1.3038466295230045,,0.996205,STABLE,STABLE,0,STABLE (Table VII caption),AGREE,1.621E-006,2.587E-008,1.621E-005,2.917E-004,0.0578
120,turning,-6.3951196670532227,585.236572265625,9.2800683975219727,-0.027322450652718544,0.0041823522187769413,0.0854162722826004,-0.047854997217655182,2.4460179805755615,-60.74,E,-0.013480712429838471,0,0.013480712429838471,,0.422474,STABLE,STABLE,0,STABLE (Table VII caption),AGREE,1.654E-006,1.895E-007,1.654E-005,1.222E-005,0.0291
121,turning,-6.4558587074279785,566.81951904296875,9.47902774810791,-0.029466582462191582,0.0051351543515920639,0.082321964204311371,-0.048607535660266876,3.0746481418609624,-59.440000000000005,A+,-0.929439355048489,1.1328293111240875,1.4653189969610119,0.634291479859398,0.048203,STABLE,STABLE,0,STABLE (Table VII caption),AGREE,1.433E-004,9.746E-006,3.126E-005,8.926E-004,0.2166
121,turning,-6.4558587074279785,566.81951904296875,9.47902774810791,-0.029466582462191582,0.0051351543515920639,0.082321964204311371,-0.048607535660266876,3.0746481418609624,-59.440000000000005,A-,-0.929439355048489,-1.1328293111240875,1.4653189969610119,0.634291479859398,0.048203,STABLE,STABLE,0,STABLE (Table VII caption),AGREE,1.433E-004,9.746E-006,3.126E-005,8.926E-004,0.2166
121,turning,-6.4558587074279785,566.81951904296875,9.47902774810791,-0.029466582462191582,0.0051351543515920639,0.082321964204311371,-0.048607535660266876,3.0746481418609624,-59.440000000000005,B+,-0.00466748748885225,0.11968504496787644,0.11977602192601489,0.038968463084667615,0.278666,STABLE,STABLE,0,STABLE (Table VII caption),AGREE,3.177E-007,1.211E-007,1.207E-006,4.194E-006,0.0097
121,turning,-6.4558587074279785,566.81951904296875,9.47902774810791,-0.029466582462191582,0.0051351543515920639,0.082321964204311371,-0.048607535660266876,3.0746481418609624,-59.440000000000005,B-,-0.00466748748885225,-0.11968504496787644,0.11977602192601489,0.038968463084667615,0.278666,STABLE,STABLE,0,STABLE (Table VII caption),AGREE,3.177E-007,1.211E-007,1.207E-006,4.194E-006,0.0097
121,turning,-6.4558587074279785,566.81951904296875,9.47902774810791,-0.029466582462191582,0.0051351543515920639,0.082321964204311371,-0.048607535660266876,3.0746481418609624,-59.440000000000005,C+,-0.44447678708487892,6.861383580959961,6.8757649944805586,0.0646439759709178,0.999260,STABLE,STABLE,0,STABLE (Table VII caption),AGREE,3.512E-006,7.648E-007,1.029E-005,7.808E-004,0.0334
121,turning,-6.4558587074279785,566.81951904296875,9.47902774810791,-0.029466582462191582,0.0051351543515920639,0.082321964204311371,-0.048607535660266876,3.0746481418609624,-59.440000000000005,C-,-0.44447678708487892,-6.861383580959961,6.8757649944805586,0.0646439759709178,0.999260,STABLE,STABLE,0,STABLE (Table VII caption),AGREE,3.512E-006,7.648E-007,1.029E-005,7.808E-004,0.0334
121,turning,-6.4558587074279785,566.81951904296875,9.47902774810791,-0.029466582462191582,0.0051351543515920639,0.082321964204311371,-0.048607535660266876,3.0746481418609624,-59.440000000000005,D,-1.2360686681504964,0,1.2360686681504964,,0.995583,STABLE,STABLE,0,STABLE (Table VII caption),AGREE,1.855E-006,1.121E-007,1.855E-005,2.330E-004,0.0551
121,turning,-6.4558587074279785,566.81951904296875,9.47902774810791,-0.029466582462191582,0.0051351543515920639,0.082321964204311371,-0.048607535660266876,3.0746481418609624,-59.440000000000005,E,-0.00999339338320122,0,0.00999339338320122,,0.424999,STABLE,STABLE,0,STABLE (Table VII caption),AGREE,1.652E-006,1.873E-007,1.652E-005,1.491E-005,0.0350
122,turning,-6.4838452339172363,550.6287841796875,9.6417036056518555,-0.031436286866664886,0.0060199829749763012,0.079111851751804352,-0.049185339361429214,3.6974945068359379,-58.129999999999995,A+,-0.83733527023823229,0.93725114700273671,1.2568094793336335,0.66623882458476646,0.094903,STABLE,STABLE,0,STABLE (Table VII caption),AGREE,6.396E-005,5.837E-006,2.924E-005,7.581E-004,0.2104
122,turning,-6.4838452339172363,550.6287841796875,9.6417036056518555,-0.031436286866664886,0.0060199829749763012,0.079111851751804352,-0.049185339361429214,3.6974945068359379,-58.129999999999995,A-,-0.83733527023823229,-0.93725114700273671,1.2568094793336335,0.66623882458476646,0.094903,STABLE,STABLE,0,STABLE (Table VII caption),AGREE,6.396E-005,5.837E-006,2.924E-005,7.581E-004,0.2104
122,turning,-6.4838452339172363,550.6287841796875,9.6417036056518555,-0.031436286866664886,0.0060199829749763012,0.079111851751804352,-0.049185339361429214,3.6974945068359379,-58.129999999999995,B+,-0.0050297027280001346,0.11858988745502552,0.11869650085881922,0.04237448190644303,0.260065,STABLE,STABLE,0,STABLE (Table VII caption),AGREE,3.770E-007,2.410E-008,1.000E-006,4.787E-006,0.0110
122,turning,-6.4838452339172363,550.6287841796875,9.6417036056518555,-0.031436286866664886,0.0060199829749763012,0.079111851751804352,-0.049185339361429214,3.6974945068359379,-58.129999999999995,B-,-0.0050297027280001346,-0.11858988745502552,0.11869650085881922,0.04237448190644303,0.260065,STABLE,STABLE,0,STABLE (Table VII caption),AGREE,3.770E-007,2.410E-008,1.000E-006,4.787E-006,0.0110
122,turning,-6.4838452339172363,550.6287841796875,9.6417036056518555,-0.031436286866664886,0.0060199829749763012,0.079111851751804352,-0.049185339361429214,3.6974945068359379,-58.129999999999995,C+,-0.433359687945453,6.6695094798050665,6.6835736937918044,0.064839516671745451,0.999261,STABLE,STABLE,0,STABLE (Table VII caption),AGREE,4.113E-006,2.904E-006,2.634E-006,6.913E-004,0.0298
122,turning,-6.4838452339172363,550.6287841796875,9.6417036056518555,-0.031436286866664886,0.0060199829749763012,0.079111851751804352,-0.049185339361429214,3.6974945068359379,-58.129999999999995,C-,-0.433359687945453,-6.6695094798050665,6.6835736937918044,0.064839516671745451,0.999261,STABLE,STABLE,0,STABLE (Table VII caption),AGREE,4.113E-006,2.904E-006,2.634E-006,6.913E-004,0.0298
122,turning,-6.4838452339172363,550.6287841796875,9.6417036056518555,-0.031436286866664886,0.0060199829749763012,0.079111851751804352,-0.049185339361429214,3.6974945068359379,-58.129999999999995,D,-1.181032529578915,0,1.181032529578915,,0.994881,STABLE,STABLE,0,STABLE (Table VII caption),AGREE,1.151E-006,1.943E-007,1.151E-005,1.897E-004,0.0526
122,turning,-6.4838452339172363,550.6287841796875,9.6417036056518555,-0.031436286866664886,0.0060199829749763012,0.079111851751804352,-0.049185339361429214,3.6974945068359379,-58.129999999999995,E,-0.0058388463024539221,0,0.0058388463024539221,,0.423537,STABLE,STABLE,0,STABLE (Table VII caption),AGREE,8.762E-007,1.491E-007,8.762E-006,1.728E-005,0.0403
123,turning,-6.4925141334533691,536.32025146484375,9.7756729125976563,-0.033224660903215408,0.0068233213387429714,0.075864352285861969,-0.049606431275606155,4.3049159049987793,-56.82,A+,-0.75737933587294992,0.774488898266696,1.0832619775223866,0.699165438821375,0.167034,STABLE,STABLE,0,STABLE (Table VII caption),AGREE,2.760E-005,4.841E-006,1.092E-004,6.262E-004,0.0424
123,turning,-6.4925141334533691,536.32025146484375,9.7756729125976563,-0.033224660903215408,0.0068233213387429714,0.075864352285861969,-0.049606431275606155,4.3049159049987793,-56.82,A-,-0.75737933587294992,-0.774488898266696,1.0832619775223866,0.699165438821375,0.167034,STABLE,STABLE,0,STABLE (Table VII caption),AGREE,2.760E-005,4.841E-006,1.092E-004,6.262E-004,0.0424
123,turning,-6.4925141334533691,536.32025146484375,9.7756729125976563,-0.033224660903215408,0.0068233213387429714,0.075864352285861969,-0.049606431275606155,4.3049159049987793,-56.82,B+,-0.0054226403980969264,0.11735778146802736,0.11748299408843962,0.046156811376588135,0.242420,STABLE,STABLE,0,STABLE (Table VII caption),AGREE,4.893E-007,4.360E-008,1.229E-006,5.185E-006,0.0026
123,turning,-6.4925141334533691,536.32025146484375,9.7756729125976563,-0.033224660903215408,0.0068233213387429714,0.075864352285861969,-0.049606431275606155,4.3049159049987793,-56.82,B-,-0.0054226403980969264,-0.11735778146802736,0.11748299408843962,0.046156811376588135,0.242420,STABLE,STABLE,0,STABLE (Table VII caption),AGREE,4.893E-007,4.360E-008,1.229E-006,5.185E-006,0.0026
123,turning,-6.4925141334533691,536.32025146484375,9.7756729125976563,-0.033224660903215408,0.0068233213387429714,0.075864352285861969,-0.049606431275606155,4.3049159049987793,-56.82,C+,-0.42290975966838817,6.4992254410524453,6.5129704435415743,0.064933468274488509,0.999263,STABLE,STABLE,0,STABLE (Table VII caption),AGREE,1.435E-006,3.620E-007,1.160E-005,6.166E-004,0.0062
123,turning,-6.4925141334533691,536.32025146484375,9.7756729125976563,-0.033224660903215408,0.0068233213387429714,0.075864352285861969,-0.049606431275606155,4.3049159049987793,-56.82,C-,-0.42290975966838817,-6.4992254410524453,6.5129704435415743,0.064933468274488509,0.999263,STABLE,STABLE,0,STABLE (Table VII caption),AGREE,1.435E-006,3.620E-007,1.160E-005,6.166E-004,0.0062
123,turning,-6.4925141334533691,536.32025146484375,9.7756729125976563,-0.033224660903215408,0.0068233213387429714,0.075864352285861969,-0.049606431275606155,4.3049159049987793,-56.82,D,-1.135725360677782,0,1.135725360677782,,0.994166,STABLE,STABLE,0,STABLE (Table VII caption),AGREE,1.740E-006,6.680E-009,1.740E-005,1.582E-004,0.0108
123,turning,-6.4925141334533691,536.32025146484375,9.7756729125976563,-0.033224660903215408,0.0068233213387429714,0.075864352285861969,-0.049606431275606155,4.3049159049987793,-56.82,E,-0.0011118672698481648,0,0.0011118672698481648,,0.418597,STABLE,STABLE,0,STABLE (Table VII caption),AGREE,8.114E-007,1.240E-007,8.114E-006,1.899E-005,0.0094
124,turning,-6.4927515983581543,533.3702392578125,9.8021278381347656,-0.033596880733966827,0.006989932619035244,0.0751442089676857,-0.049680307507514954,4.43698263168335,-56.53,A+,-0.74121677824926113,0.74288772407543524,1.0494210227264338,0.7063102055298579,0.186041,STABLE,NEAR_NEUTRAL,0,STABLE (Table VII caption),UNRESOLVED,5.004E-005,3.461E-006,1.126E-004,6.007E-004,0.1892
124,turning,-6.4927515983581543,533.3702392578125,9.8021278381347656,-0.033596880733966827,0.006989932619035244,0.0751442089676857,-0.049680307507514954,4.43698263168335,-56.53,A-,-0.74121677824926113,-0.74288772407543524,1.0494210227264338,0.7063102055298579,0.186041,STABLE,NEAR_NEUTRAL,0,STABLE (Table VII caption),UNRESOLVED,5.004E-005,3.461E-006,1.126E-004,6.007E-004,0.1892
124,turning,-6.4927515983581543,533.3702392578125,9.8021278381347656,-0.033596880733966827,0.006989932619035244,0.0751442089676857,-0.049680307507514954,4.43698263168335,-56.53,B+,-0.005517432760660029,0.11707007833976202,0.11720002263970097,0.047077062242742468,0.238721,STABLE,NEAR_NEUTRAL,0,STABLE (Table VII caption),UNRESOLVED,4.996E-007,1.743E-007,1.546E-006,5.241E-006,0.0124
124,turning,-6.4927515983581543,533.3702392578125,9.8021278381347656,-0.033596880733966827,0.006989932619035244,0.0751442089676857,-0.049680307507514954,4.43698263168335,-56.53,B-,-0.005517432760660029,-0.11707007833976202,0.11720002263970097,0.047077062242742468,0.238721,STABLE,NEAR_NEUTRAL,0,STABLE (Table VII caption),UNRESOLVED,4.996E-007,1.743E-007,1.546E-006,5.241E-006,0.0124
124,turning,-6.4927515983581543,533.3702392578125,9.8021278381347656,-0.033596880733966827,0.006989932619035244,0.0751442089676857,-0.049680307507514954,4.43698263168335,-56.53,C+,-0.42068960844008541,6.4640423372074594,6.47771742852835,0.064944112348485142,0.999264,STABLE,NEAR_NEUTRAL,0,STABLE (Table VII caption),UNRESOLVED,3.035E-006,5.821E-007,2.366E-005,6.025E-004,0.0266
124,turning,-6.4927515983581543,533.3702392578125,9.8021278381347656,-0.033596880733966827,0.006989932619035244,0.0751442089676857,-0.049680307507514954,4.43698263168335,-56.53,C-,-0.42068960844008541,-6.4640423372074594,6.47771742852835,0.064944112348485142,0.999264,STABLE,NEAR_NEUTRAL,0,STABLE (Table VII caption),UNRESOLVED,3.035E-006,5.821E-007,2.366E-005,6.025E-004,0.0266
124,turning,-6.4927515983581543,533.3702392578125,9.8021278381347656,-0.033596880733966827,0.006989932619035244,0.0751442089676857,-0.049680307507514954,4.43698263168335,-56.53,D,-1.1267120094355612,0,1.1267120094355612,,0.994022,STABLE,NEAR_NEUTRAL,0,STABLE (Table VII caption),UNRESOLVED,2.739E-006,9.582E-008,2.739E-005,1.530E-004,0.0508
124,turning,-6.4927515983581543,533.3702392578125,9.8021278381347656,-0.033596880733966827,0.006989932619035244,0.0751442089676857,-0.049680307507514954,4.43698263168335,-56.53,E,-6.7850521865934614E-06,0,6.7850521865934614E-06,,0.417199,NEAR_NEUTRAL,NEAR_NEUTRAL,0,STABLE (Table VII caption),UNRESOLVED,1.355E-006,3.971E-007,1.355E-005,1.913E-005,0.0443
125,turning,-6.4889464378356934,520.71728515625,9.9109859466552734,-0.03519725427031517,0.0077020772732794285,0.071848571300506592,-0.049936056137084961,5.0305614471435547,-55.2,A+,-0.67371295666000286,0.619097264300847,0.91497025669491339,0.73632224843418592,0.279312,STABLE,UNSTABLE,1,STABLE (Table VII caption),DISAGREE,1.584E-004,1.091E-005,5.358E-005,4.615E-004,0.1521
125,turning,-6.4889464378356934,520.71728515625,9.9109859466552734,-0.03519725427031517,0.0077020772732794285,0.071848571300506592,-0.049936056137084961,5.0305614471435547,-55.2,A-,-0.67371295666000286,-0.619097264300847,0.91497025669491339,0.73632224843418592,0.279312,STABLE,UNSTABLE,1,STABLE (Table VII caption),DISAGREE,1.584E-004,1.091E-005,5.358E-005,4.615E-004,0.1521
125,turning,-6.4889464378356934,520.71728515625,9.9109859466552734,-0.03519725427031517,0.0077020772732794285,0.071848571300506592,-0.049936056137084961,5.0305614471435547,-55.2,B+,-0.0060039399425675316,0.11570789995666739,0.11586356376020938,0.051819051198815649,0.223082,STABLE,UNSTABLE,1,STABLE (Table VII caption),DISAGREE,8.761E-007,9.571E-008,3.068E-006,5.570E-006,0.0128
125,turning,-6.4889464378356934,520.71728515625,9.9109859466552734,-0.03519725427031517,0.0077020772732794285,0.071848571300506592,-0.049936056137084961,5.0305614471435547,-55.2,B-,-0.0060039399425675316,-0.11570789995666739,0.11586356376020938,0.051819051198815649,0.223082,STABLE,UNSTABLE,1,STABLE (Table VII caption),DISAGREE,8.761E-007,9.571E-008,3.068E-006,5.570E-006,0.0128
125,turning,-6.4889464378356934,520.71728515625,9.9109859466552734,-0.03519725427031517,0.0077020772732794285,0.071848571300506592,-0.049936056137084961,5.0305614471435547,-55.2,C+,-0.41094306039411732,6.3128715220317364,6.3262327693948608,0.064958574142605613,0.999267,STABLE,UNSTABLE,1,STABLE (Table VII caption),DISAGREE,2.498E-006,2.570E-006,7.163E-006,5.400E-004,0.0242
125,turning,-6.4889464378356934,520.71728515625,9.9109859466552734,-0.03519725427031517,0.0077020772732794285,0.071848571300506592,-0.049936056137084961,5.0305614471435547,-55.2,C-,-0.41094306039411732,-6.3128715220317364,6.3262327693948608,0.064958574142605613,0.999267,STABLE,UNSTABLE,1,STABLE (Table VII caption),DISAGREE,2.498E-006,2.570E-006,7.163E-006,5.400E-004,0.0242
125,turning,-6.4889464378356934,520.71728515625,9.9109859466552734,-0.03519725427031517,0.0077020772732794285,0.071848571300506592,-0.049936056137084961,5.0305614471435547,-55.2,D,-1.0888492591392196,0,1.0888492591392196,,0.993545,STABLE,UNSTABLE,1,STABLE (Table VII caption),DISAGREE,7.902E-006,3.073E-007,7.902E-005,1.335E-004,0.0491
125,turning,-6.4889464378356934,520.71728515625,9.9109859466552734,-0.03519725427031517,0.0077020772732794285,0.071848571300506592,-0.049936056137084961,5.0305614471435547,-55.2,E,0.0051467947719835826,0,0.0051467947719835826,,0.410930,UNSTABLE,UNSTABLE,1,STABLE (Table VII caption),DISAGREE,5.266E-006,3.613E-008,5.266E-005,1.922E-005,0.0414
126,turning,-6.480341911315918,509.32797241210938,10.002463340759277,-0.036627314984798431,0.0083304001018404961,0.06858004629611969,-0.050064451992511749,5.6032896041870117,-53.870000000000005,A+,-0.61614029830503592,0.531493255950935,0.81370384558311182,0.75720460416836421,0.363464,STABLE,UNSTABLE,1,STABLE (Table VII caption),DISAGREE,2.711E-004,1.723E-005,3.654E-005,3.288E-004,0.1069
126,turning,-6.480341911315918,509.32797241210938,10.002463340759277,-0.036627314984798431,0.0083304001018404961,0.06858004629611969,-0.050064451992511749,5.6032896041870117,-53.870000000000005,A-,-0.61614029830503592,-0.531493255950935,0.81370384558311182,0.75720460416836421,0.363464,STABLE,UNSTABLE,1,STABLE (Table VII caption),DISAGREE,2.711E-004,1.723E-005,3.654E-005,3.288E-004,0.1069
126,turning,-6.480341911315918,509.32797241210938,10.002463340759277,-0.036627314984798431,0.0083304001018404961,0.06858004629611969,-0.050064451992511749,5.6032896041870117,-53.870000000000005,B+,-0.0065787342393398493,0.1143474126092245,0.114536502978815,0.057437882842962917,0.209908,STABLE,UNSTABLE,1,STABLE (Table VII caption),DISAGREE,1.457E-006,2.065E-007,2.863E-006,5.519E-006,0.0121
126,turning,-6.480341911315918,509.32797241210938,10.002463340759277,-0.036627314984798431,0.0083304001018404961,0.06858004629611969,-0.050064451992511749,5.6032896041870117,-53.870000000000005,B-,-0.0065787342393398493,-0.1143474126092245,0.114536502978815,0.057437882842962917,0.209908,STABLE,UNSTABLE,1,STABLE (Table VII caption),DISAGREE,1.457E-006,2.065E-007,2.863E-006,5.519E-006,0.0121
126,turning,-6.480341911315918,509.32797241210938,10.002463340759277,-0.036627314984798431,0.0083304001018404961,0.06858004629611969,-0.050064451992511749,5.6032896041870117,-53.870000000000005,C+,-0.40188669264714444,6.1764497896511923,6.1895108787212836,0.0649302829450995,0.999271,STABLE,UNSTABLE,1,STABLE (Table VII caption),DISAGREE,5.092E-006,3.719E-006,5.281E-006,4.896E-004,0.0226
126,turning,-6.480341911315918,509.32797241210938,10.002463340759277,-0.036627314984798431,0.0083304001018404961,0.06858004629611969,-0.050064451992511749,5.6032896041870117,-53.870000000000005,C-,-0.40188669264714444,-6.1764497896511923,6.1895108787212836,0.0649302829450995,0.999271,STABLE,UNSTABLE,1,STABLE (Table VII caption),DISAGREE,5.092E-006,3.719E-006,5.281E-006,4.896E-004,0.0226
126,turning,-6.480341911315918,509.32797241210938,10.002463340759277,-0.036627314984798431,0.0083304001018404961,0.06858004629611969,-0.050064451992511749,5.6032896041870117,-53.870000000000005,D,-1.0549873559430989,0,1.0549873559430989,,0.993544,STABLE,UNSTABLE,1,STABLE (Table VII caption),DISAGREE,1.334E-005,7.487E-007,1.334E-004,1.221E-004,0.0479
126,turning,-6.480341911315918,509.32797241210938,10.002463340759277,-0.036627314984798431,0.0083304001018404961,0.06858004629611969,-0.050064451992511749,5.6032896041870117,-53.870000000000005,E,0.00992595071025999,0,0.00992595071025999,,0.408801,UNSTABLE,UNSTABLE,1,STABLE (Table VII caption),DISAGREE,1.124E-005,1.148E-006,1.124E-004,1.634E-005,0.0309
127,turning,-6.4697251319885254,498.86163330078125,10.08095645904541,-0.0379108227789402,0.008885623887181282,0.065306134521961212,-0.050074949860572815,6.1625475883483887,-52.52,A+,-0.56631742376875827,0.48104543177898662,0.74304786649280885,0.76215469999500907,0.417854,STABLE,UNSTABLE,1,STABLE (Table VII caption),DISAGREE,3.713E-004,2.275E-005,9.003E-005,2.068E-004,0.0717
127,turning,-6.4697251319885254,498.86163330078125,10.08095645904541,-0.0379108227789402,0.008885623887181282,0.065306134521961212,-0.050074949860572815,6.1625475883483887,-52.52,A-,-0.56631742376875827,-0.48104543177898662,0.74304786649280885,0.76215469999500907,0.417854,STABLE,UNSTABLE,1,STABLE (Table VII caption),DISAGREE,3.713E-004,2.275E-005,9.003E-005,2.068E-004,0.0717
127,turning,-6.4697251319885254,498.86163330078125,10.08095645904541,-0.0379108227789402,0.008885623887181282,0.065306134521961212,-0.050074949860572815,6.1625475883483887,-52.52,B+,-0.0071986456907311832,0.11309653125606745,0.11332539822094305,0.063521909507844476,0.198557,STABLE,UNSTABLE,1,STABLE (Table VII caption),DISAGREE,2.253E-006,2.136E-007,1.000E-006,4.738E-006,0.0099
127,turning,-6.4697251319885254,498.86163330078125,10.08095645904541,-0.0379108227789402,0.008885623887181282,0.065306134521961212,-0.050074949860572815,6.1625475883483887,-52.52,B-,-0.0071986456907311832,-0.11309653125606745,0.11332539822094305,0.063521909507844476,0.198557,STABLE,UNSTABLE,1,STABLE (Table VII caption),DISAGREE,2.253E-006,2.136E-007,1.000E-006,4.738E-006,0.0099
127,turning,-6.4697251319885254,498.86163330078125,10.08095645904541,-0.0379108227789402,0.008885623887181282,0.065306134521961212,-0.050074949860572815,6.1625475883483887,-52.52,C+,-0.3933587172251668,6.0508136300932849,6.0635861226290588,0.064872289973282954,0.999277,STABLE,UNSTABLE,1,STABLE (Table VII caption),DISAGREE,1.055E-006,3.520E-006,6.737E-006,4.446E-004,0.0210
127,turning,-6.4697251319885254,498.86163330078125,10.08095645904541,-0.0379108227789402,0.008885623887181282,0.065306134521961212,-0.050074949860572815,6.1625475883483887,-52.52,C-,-0.3933587172251668,-6.0508136300932849,6.0635861226290588,0.064872289973282954,0.999277,STABLE,UNSTABLE,1,STABLE (Table VII caption),DISAGREE,1.055E-006,3.520E-006,6.737E-006,4.446E-004,0.0210
127,turning,-6.4697251319885254,498.86163330078125,10.08095645904541,-0.0379108227789402,0.008885623887181282,0.065306134521961212,-0.050074949860572815,6.1625475883483887,-52.52,D,-1.0231917163140922,0,1.0231917163140922,,0.994063,STABLE,UNSTABLE,1,STABLE (Table VII caption),DISAGREE,1.650E-005,8.317E-007,1.650E-004,1.138E-004,0.0445
127,turning,-6.4697251319885254,498.86163330078125,10.08095645904541,-0.0379108227789402,0.008885623887181282,0.065306134521961212,-0.050074949860572815,6.1625475883483887,-52.52,E,0.01347506558591269,0,0.01347506558591269,,0.417136,UNSTABLE,UNSTABLE,1,STABLE (Table VII caption),DISAGREE,1.829E-005,1.411E-006,1.829E-004,9.480E-006,0.0126
128,turning,-6.4590091705322266,489.34036254882813,10.14762020111084,-0.039030622690916061,0.0093617383390665054,0.062087621539831161,-0.049973275512456894,6.6993322372436523,-51.17,A+,-0.52343900639013885,0.46760605006425759,0.701885896330303,0.74576082683361378,0.433617,STABLE,UNSTABLE,1,STABLE (Table VII caption),DISAGREE,4.373E-004,2.785E-005,4.667E-005,1.482E-004,0.0684
128,turning,-6.4590091705322266,489.34036254882813,10.14762020111084,-0.039030622690916061,0.0093617383390665054,0.062087621539831161,-0.049973275512456894,6.6993322372436523,-51.17,A-,-0.52343900639013885,-0.46760605006425759,0.701885896330303,0.74576082683361378,0.433617,STABLE,UNSTABLE,1,STABLE (Table VII caption),DISAGREE,4.373E-004,2.785E-005,4.667E-005,1.482E-004,0.0684
128,turning,-6.4590091705322266,489.34036254882813,10.14762020111084,-0.039030622690916061,0.0093617383390665054,0.062087621539831161,-0.049973275512456894,6.6993322372436523,-51.17,B+,-0.00774208231651925,0.11210019686611616,0.11236722821186683,0.068899824617206562,0.187606,STABLE,UNSTABLE,1,STABLE (Table VII caption),DISAGREE,3.151E-006,2.136E-007,3.198E-006,3.590E-006,0.0068
128,turning,-6.4590091705322266,489.34036254882813,10.14762020111084,-0.039030622690916061,0.0093617383390665054,0.062087621539831161,-0.049973275512456894,6.6993322372436523,-51.17,B-,-0.00774208231651925,-0.11210019686611616,0.11236722821186683,0.068899824617206562,0.187606,STABLE,UNSTABLE,1,STABLE (Table VII caption),DISAGREE,3.151E-006,2.136E-007,3.198E-006,3.590E-006,0.0068
128,turning,-6.4590091705322266,489.34036254882813,10.14762020111084,-0.039030622690916061,0.0093617383390665054,0.062087621539831161,-0.049973275512456894,6.6993322372436523,-51.17,C+,-0.38545177447747547,5.93631466762052,5.9488154201869765,0.064794710753584,0.999285,STABLE,UNSTABLE,1,STABLE (Table VII caption),DISAGREE,1.753E-006,1.044E-006,9.920E-006,4.073E-004,0.0198
128,turning,-6.4590091705322266,489.34036254882813,10.14762020111084,-0.039030622690916061,0.0093617383390665054,0.062087621539831161,-0.049973275512456894,6.6993322372436523,-51.17,C-,-0.38545177447747547,-5.93631466762052,5.9488154201869765,0.064794710753584,0.999285,STABLE,UNSTABLE,1,STABLE (Table VII caption),DISAGREE,1.753E-006,1.044E-006,9.920E-006,4.073E-004,0.0198
128,turning,-6.4590091705322266,489.34036254882813,10.14762020111084,-0.039030622690916061,0.0093617383390665054,0.062087621539831161,-0.049973275512456894,6.6993322372436523,-51.17,D,-0.99365917955710048,0,0.99365917955710048,,0.994851,STABLE,UNSTABLE,1,STABLE (Table VII caption),DISAGREE,1.602E-005,8.426E-007,1.602E-004,1.049E-004,0.0397
128,turning,-6.4590091705322266,489.34036254882813,10.14762020111084,-0.039030622690916061,0.0093617383390665054,0.062087621539831161,-0.049973275512456894,6.6993322372436523,-51.17,E,0.014914529664940303,0,0.014914529664940303,,0.440825,UNSTABLE,UNSTABLE,1,STABLE (Table VII caption),DISAGREE,2.391E-005,1.590E-006,2.391E-004,1.130E-006,0.0072
129,turning,-6.449134349822998,480.57626342773438,10.204906463623047,-0.039998430758714676,0.0097659192979335785,0.05890939012169838,-0.049764674156904221,7.2175030708313,-49.810000000000009,A+,-0.48572365257879951,0.48476824649351025,0.68624173545688916,0.70780255336031439,0.415272,STABLE,UNSTABLE,1,STABLE (Table VII caption),DISAGREE,4.610E-004,2.832E-005,6.868E-005,1.730E-004,0.0844
129,turning,-6.449134349822998,480.57626342773438,10.204906463623047,-0.039998430758714676,0.0097659192979335785,0.05890939012169838,-0.049764674156904221,7.2175030708313,-49.810000000000009,A-,-0.48572365257879951,-0.48476824649351025,0.68624173545688916,0.70780255336031439,0.415272,STABLE,UNSTABLE,1,STABLE (Table VII caption),DISAGREE,4.610E-004,2.832E-005,6.868E-005,1.730E-004,0.0844
129,turning,-6.449134349822998,480.57626342773438,10.204906463623047,-0.039998430758714676,0.0097659192979335785,0.05890939012169838,-0.049764674156904221,7.2175030708313,-49.810000000000009,B+,-0.0081195118810049576,0.111428499719622,0.11172393218532715,0.072674777213680125,0.175305,STABLE,UNSTABLE,1,STABLE (Table VII caption),DISAGREE,3.784E-006,2.735E-007,4.361E-006,2.167E-006,0.0035
129,turning,-6.449134349822998,480.57626342773438,10.204906463623047,-0.039998430758714676,0.0097659192979335785,0.05890939012169838,-0.049764674156904221,7.2175030708313,-49.810000000000009,B-,-0.0081195118810049576,-0.111428499719622,0.11172393218532715,0.072674777213680125,0.175305,STABLE,UNSTABLE,1,STABLE (Table VII caption),DISAGREE,3.784E-006,2.735E-007,4.361E-006,2.167E-006,0.0035
129,turning,-6.449134349822998,480.57626342773438,10.204906463623047,-0.039998430758714676,0.0097659192979335785,0.05890939012169838,-0.049764674156904221,7.2175030708313,-49.810000000000009,C+,-0.37806338007318657,5.83074763542947,5.8429915203959277,0.064703735878016228,0.999294,STABLE,UNSTABLE,1,STABLE (Table VII caption),DISAGREE,4.874E-006,1.092E-006,6.013E-006,3.740E-004,0.0188
129,turning,-6.449134349822998,480.57626342773438,10.204906463623047,-0.039998430758714676,0.0097659192979335785,0.05890939012169838,-0.049764674156904221,7.2175030708313,-49.810000000000009,C-,-0.37806338007318657,-5.83074763542947,5.8429915203959277,0.064703735878016228,0.999294,STABLE,UNSTABLE,1,STABLE (Table VII caption),DISAGREE,4.874E-006,1.092E-006,6.013E-006,3.740E-004,0.0188
129,turning,-6.449134349822998,480.57626342773438,10.204906463623047,-0.039998430758714676,0.0097659192979335785,0.05890939012169838,-0.049764674156904221,7.2175030708313,-49.810000000000009,D,-0.96654067185299353,0,0.96654067185299353,,0.995610,STABLE,UNSTABLE,1,STABLE (Table VII caption),DISAGREE,1.271E-005,9.109E-007,1.271E-004,9.443E-005,0.0340
129,turning,-6.449134349822998,480.57626342773438,10.204906463623047,-0.039998430758714676,0.0097659192979335785,0.05890939012169838,-0.049764674156904221,7.2175030708313,-49.810000000000009,E,0.014098389896653825,0,0.014098389896653825,,0.480458,UNSTABLE,UNSTABLE,1,STABLE (Table VII caption),DISAGREE,2.542E-005,1.728E-006,2.542E-004,6.459E-006,0.0217
130,turning,-6.4406437873840332,472.48178100585938,10.254279136657715,-0.040815666317939758,0.010101249441504478,0.055778726935386658,-0.049453079700469971,7.7169418334960938,-48.44,A+,-0.45229279300528158,0.52349439015476773,0.69182016964528481,0.653772198109206,0.373449,STABLE,UNSTABLE,1,STABLE (Table VII caption),DISAGREE,4.521E-004,2.812E-005,9.010E-005,2.075E-004,0.0957
130,turning,-6.4406437873840332,472.48178100585938,10.254279136657715,-0.040815666317939758,0.010101249441504478,0.055778726935386658,-0.049453079700469971,7.7169418334960938,-48.44,A-,-0.45229279300528158,-0.52349439015476773,0.69182016964528481,0.653772198109206,0.373449,STABLE,UNSTABLE,1,STABLE (Table VII caption),DISAGREE,4.521E-004,2.812E-005,9.010E-005,2.075E-004,0.0957
130,turning,-6.4406437873840332,472.48178100585938,10.254279136657715,-0.040815666317939758,0.010101249441504478,0.055778726935386658,-0.049453079700469971,7.7169418334960938,-48.44,B+,-0.00832957025611267,0.1110940351739424,0.1114058633640109,0.074767790532679415,0.161252,STABLE,UNSTABLE,1,STABLE (Table VII caption),DISAGREE,3.974E-006,2.225E-007,2.030E-006,8.732E-007,0.0011
130,turning,-6.4406437873840332,472.48178100585938,10.254279136657715,-0.040815666317939758,0.010101249441504478,0.055778726935386658,-0.049453079700469971,7.7169418334960938,-48.44,B-,-0.00832957025611267,-0.1110940351739424,0.1114058633640109,0.074767790532679415,0.161252,STABLE,UNSTABLE,1,STABLE (Table VII caption),DISAGREE,3.974E-006,2.225E-007,2.030E-006,8.732E-007,0.0011
130,turning,-6.4406437873840332,472.48178100585938,10.254279136657715,-0.040815666317939758,0.010101249441504478,0.055778726935386658,-0.049453079700469971,7.7169418334960938,-48.44,C+,-0.37115469059084205,5.7331052710233177,5.74510677472429,0.064603619244074692,0.999305,STABLE,UNSTABLE,1,STABLE (Table VII caption),DISAGREE,1.589E-006,1.332E-006,4.017E-006,3.430E-004,0.0179
130,turning,-6.4406437873840332,472.48178100585938,10.254279136657715,-0.040815666317939758,0.010101249441504478,0.055778726935386658,-0.049453079700469971,7.7169418334960938,-48.44,C-,-0.37115469059084205,-5.7331052710233177,5.74510677472429,0.064603619244074692,0.999305,STABLE,UNSTABLE,1,STABLE (Table VII caption),DISAGREE,1.589E-006,1.332E-006,4.017E-006,3.430E-004,0.0179
130,turning,-6.4406437873840332,472.48178100585938,10.254279136657715,-0.040815666317939758,0.010101249441504478,0.055778726935386658,-0.049453079700469971,7.7169418334960938,-48.44,D,-0.94218966618069466,0,0.94218966618069466,,0.996198,STABLE,UNSTABLE,1,STABLE (Table VII caption),DISAGREE,8.784E-006,5.753E-007,8.784E-005,8.338E-005,0.0284
130,turning,-6.4406437873840332,472.48178100585938,10.254279136657715,-0.040815666317939758,0.010101249441504478,0.055778726935386658,-0.049453079700469971,7.7169418334960938,-48.44,E,0.011650607804707237,0,0.011650607804707237,,0.531070,UNSTABLE,UNSTABLE,1,STABLE (Table VII caption),DISAGREE,2.278E-005,1.377E-006,2.278E-004,1.072E-005,0.0275
131,turning,-6.4337759017944336,464.98403930664063,10.296929359436035,-0.04148363322019577,0.010370960459113121,0.052701469510793686,-0.049041837453842163,8.1977052688598633,-47.06,A+,-0.42269225914593611,0.57514477159110666,0.7137648451909645,0.59220100568674927,0.320878,STABLE,UNSTABLE,1,STABLE (Table VII caption),DISAGREE,4.249E-004,2.711E-005,1.006E-004,2.248E-004,0.0973
131,turning,-6.4337759017944336,464.98403930664063,10.296929359436035,-0.04148363322019577,0.010370960459113121,0.052701469510793686,-0.049041837453842163,8.1977052688598633,-47.06,A-,-0.42269225914593611,-0.57514477159110666,0.7137648451909645,0.59220100568674927,0.320878,STABLE,UNSTABLE,1,STABLE (Table VII caption),DISAGREE,4.249E-004,2.711E-005,1.006E-004,2.248E-004,0.0973
131,turning,-6.4337759017944336,464.98403930664063,10.296929359436035,-0.04148363322019577,0.010370960459113121,0.052701469510793686,-0.049041837453842163,8.1977052688598633,-47.06,B+,-0.0084452063542336045,0.11103991210058065,0.1113606016042939,0.075836572652890288,0.146365,STABLE,UNSTABLE,1,STABLE (Table VII caption),DISAGREE,3.759E-006,2.462E-007,2.432E-006,3.654E-007,0.0014
131,turning,-6.4337759017944336,464.98403930664063,10.296929359436035,-0.04148363322019577,0.010370960459113121,0.052701469510793686,-0.049041837453842163,8.1977052688598633,-47.06,B-,-0.0084452063542336045,-0.11103991210058065,0.1113606016042939,0.075836572652890288,0.146365,STABLE,UNSTABLE,1,STABLE (Table VII caption),DISAGREE,3.759E-006,2.462E-007,2.432E-006,3.654E-007,0.0014
131,turning,-6.4337759017944336,464.98403930664063,10.296929359436035,-0.04148363322019577,0.010370960459113121,0.052701469510793686,-0.049041837453842163,8.1977052688598633,-47.06,C+,-0.36468939498846525,5.6425375575733874,5.654310607266221,0.064497587826146577,0.999318,STABLE,UNSTABLE,1,STABLE (Table VII caption),DISAGREE,2.848E-006,2.127E-006,1.168E-005,3.173E-004,0.0170
131,turning,-6.4337759017944336,464.98403930664063,10.296929359436035,-0.04148363322019577,0.010370960459113121,0.052701469510793686,-0.049041837453842163,8.1977052688598633,-47.06,C-,-0.36468939498846525,-5.6425375575733874,5.654310607266221,0.064497587826146577,0.999318,STABLE,UNSTABLE,1,STABLE (Table VII caption),DISAGREE,2.848E-006,2.127E-006,1.168E-005,3.173E-004,0.0170
131,turning,-6.4337759017944336,464.98403930664063,10.296929359436035,-0.04148363322019577,0.010370960459113121,0.052701469510793686,-0.049041837453842163,8.1977052688598633,-47.06,D,-0.92062051807422085,0,0.92062051807422085,,0.996610,STABLE,UNSTABLE,1,STABLE (Table VII caption),DISAGREE,5.749E-006,3.646E-007,5.749E-005,7.309E-005,0.0233
131,turning,-6.4337759017944336,464.98403930664063,10.296929359436035,-0.04148363322019577,0.010370960459113121,0.052701469510793686,-0.049041837453842163,8.1977052688598633,-47.06,E,0.0085616843474035989,0,0.0085616843474035989,,0.584657,UNSTABLE,UNSTABLE,1,STABLE (Table VII caption),DISAGREE,1.784E-005,1.037E-006,1.784E-004,1.133E-005,0.0260
132,turning,-6.4286069869995117,458.07009887695313,10.333596229553223,-0.042000316083431244,0.01057704258710146,0.049703836441040039,-0.048537824302911758,8.6567173004150391,-45.68,A+,-0.39679953621284952,0.63289761200056582,0.74700017350382941,0.531190688151581,0.268449,STABLE,UNSTABLE,1,STABLE (Table VII caption),DISAGREE,3.888E-004,2.457E-005,6.291E-005,2.317E-004,0.0936
132,turning,-6.4286069869995117,458.07009887695313,10.333596229553223,-0.042000316083431244,0.01057704258710146,0.049703836441040039,-0.048537824302911758,8.6567173004150391,-45.68,A-,-0.39679953621284952,-0.63289761200056582,0.74700017350382941,0.531190688151581,0.268449,STABLE,UNSTABLE,1,STABLE (Table VII caption),DISAGREE,3.888E-004,2.457E-005,6.291E-005,2.317E-004,0.0936
132,turning,-6.4286069869995117,458.07009887695313,10.333596229553223,-0.042000316083431244,0.01057704258710146,0.049703836441040039,-0.048537824302911758,8.6567173004150391,-45.68,B+,-0.0085379270411657156,0.11116722101447921,0.11149460626524646,0.076577041053034672,0.131945,STABLE,UNSTABLE,1,STABLE (Table VII caption),DISAGREE,3.256E-006,1.922E-007,6.384E-006,7.676E-007,0.0021
132,turning,-6.4286069869995117,458.07009887695313,10.333596229553223,-0.042000316083431244,0.01057704258710146,0.049703836441040039,-0.048537824302911758,8.6567173004150391,-45.68,B-,-0.0085379270411657156,-0.11116722101447921,0.11149460626524646,0.076577041053034672,0.131945,STABLE,UNSTABLE,1,STABLE (Table VII caption),DISAGREE,3.256E-006,1.922E-007,6.384E-006,7.676E-007,0.0021
132,turning,-6.4286069869995117,458.07009887695313,10.333596229553223,-0.042000316083431244,0.01057704258710146,0.049703836441040039,-0.048537824302911758,8.6567173004150391,-45.68,C+,-0.35867501155744885,5.5589168682188355,5.57047614766311,0.064388573265486082,0.999333,STABLE,UNSTABLE,1,STABLE (Table VII caption),DISAGREE,2.598E-006,7.184E-007,5.068E-006,2.913E-004,0.0163
132,turning,-6.4286069869995117,458.07009887695313,10.333596229553223,-0.042000316083431244,0.01057704258710146,0.049703836441040039,-0.048537824302911758,8.6567173004150391,-45.68,C-,-0.35867501155744885,-5.5589168682188355,5.57047614766311,0.064388573265486082,0.999333,STABLE,UNSTABLE,1,STABLE (Table VII caption),DISAGREE,2.598E-006,7.184E-007,5.068E-006,2.913E-004,0.0163
132,turning,-6.4286069869995117,458.07009887695313,10.333596229553223,-0.042000316083431244,0.01057704258710146,0.049703836441040039,-0.048537824302911758,8.6567173004150391,-45.68,D,-0.90171703047900209,0,0.90171703047900209,,0.996895,STABLE,UNSTABLE,1,STABLE (Table VII caption),DISAGREE,3.480E-006,2.359E-007,3.480E-005,6.436E-005,0.0194
132,turning,-6.4286069869995117,458.07009887695313,10.333596229553223,-0.042000316083431244,0.01057704258710146,0.049703836441040039,-0.048537824302911758,8.6567173004150391,-45.68,E,0.0056489809058590393,0,0.0056489809058590393,,0.634262,UNSTABLE,UNSTABLE,1,STABLE (Table VII caption),DISAGREE,1.261E-005,9.806E-007,1.261E-004,9.732E-006,0.0212
133,turning,-6.42501163482666,451.63272094726563,10.365408897399902,-0.042372193187475204,0.010724823921918869,0.0467672273516655,-0.047940898686647415,9.0977840423583984,-44.29,A+,-0.37409964198955692,0.69304789429228042,0.78756963242603417,0.47500516346367772,0.221688,STABLE,UNSTABLE,1,STABLE (Table VII caption),DISAGREE,3.533E-004,2.256E-005,6.298E-005,2.311E-004,0.0863
133,turning,-6.42501163482666,451.63272094726563,10.365408897399902,-0.042372193187475204,0.010724823921918869,0.0467672273516655,-0.047940898686647415,9.0977840423583984,-44.29,A-,-0.37409964198955692,-0.69304789429228042,0.78756963242603417,0.47500516346367772,0.221688,STABLE,UNSTABLE,1,STABLE (Table VII caption),DISAGREE,3.533E-004,2.256E-005,6.298E-005,2.311E-004,0.0863
133,turning,-6.42501163482666,451.63272094726563,10.365408897399902,-0.042372193187475204,0.010724823921918869,0.0467672273516655,-0.047940898686647415,9.0977840423583984,-44.29,B+,-0.0086394068309594112,0.11138556091583302,0.11172010799728747,0.077330813457226283,0.118583,STABLE,UNSTABLE,1,STABLE (Table VII caption),DISAGREE,2.750E-006,1.747E-007,8.210E-006,9.648E-007,0.0024
133,turning,-6.42501163482666,451.63272094726563,10.365408897399902,-0.042372193187475204,0.010724823921918869,0.0467672273516655,-0.047940898686647415,9.0977840423583984,-44.29,B-,-0.0086394068309594112,-0.11138556091583302,0.11172010799728747,0.077330813457226283,0.118583,STABLE,UNSTABLE,1,STABLE (Table VII caption),DISAGREE,2.750E-006,1.747E-007,8.210E-006,9.648E-007,0.0024
133,turning,-6.42501163482666,451.63272094726563,10.365408897399902,-0.042372193187475204,0.010724823921918869,0.0467672273516655,-0.047940898686647415,9.0977840423583984,-44.29,C+,-0.3530333765757655,5.48096123748514,5.4923190595404341,0.064277652617891673,0.999350,STABLE,UNSTABLE,1,STABLE (Table VII caption),DISAGREE,1.722E-006,4.986E-007,5.960E-006,2.716E-004,0.0156
133,turning,-6.42501163482666,451.63272094726563,10.365408897399902,-0.042372193187475204,0.010724823921918869,0.0467672273516655,-0.047940898686647415,9.0977840423583984,-44.29,C-,-0.3530333765757655,-5.48096123748514,5.4923190595404341,0.064277652617891673,0.999350,STABLE,UNSTABLE,1,STABLE (Table VII caption),DISAGREE,1.722E-006,4.986E-007,5.960E-006,2.716E-004,0.0156
133,turning,-6.42501163482666,451.63272094726563,10.365408897399902,-0.042372193187475204,0.010724823921918869,0.0467672273516655,-0.047940898686647415,9.0977840423583984,-44.29,D,-0.88498358194784887,0,0.88498358194784887,,0.997103,STABLE,UNSTABLE,1,STABLE (Table VII caption),DISAGREE,2.072E-006,1.525E-007,2.072E-005,5.655E-005,0.0170
133,turning,-6.42501163482666,451.63272094726563,10.365408897399902,-0.042372193187475204,0.010724823921918869,0.0467672273516655,-0.047940898686647415,9.0977840423583984,-44.29,E,0.0032737186491433169,0,0.0032737186491433169,,0.677331,UNSTABLE,UNSTABLE,1,STABLE (Table VII caption),DISAGREE,8.535E-006,5.760E-007,8.535E-005,7.370E-006,0.0156
134,turning,-6.4228639602661133,445.66998291015625,10.39285945892334,-0.042599201202392578,0.01081688329577446,0.043915312737226486,-0.047258507460355759,9.5182428359985352,-42.9,A+,-0.35438519296917509,0.7527304769501304,0.8319807905987795,0.42595357606047951,0.182822,STABLE,UNSTABLE,1,STABLE (Table VII caption),DISAGREE,3.171E-004,2.064E-005,1.931E-005,2.245E-004,0.0787
134,turning,-6.4228639602661133,445.66998291015625,10.39285945892334,-0.042599201202392578,0.01081688329577446,0.043915312737226486,-0.047258507460355759,9.5182428359985352,-42.9,A-,-0.35438519296917509,-0.7527304769501304,0.8319807905987795,0.42595357606047951,0.182822,STABLE,UNSTABLE,1,STABLE (Table VII caption),DISAGREE,3.171E-004,2.064E-005,1.931E-005,2.245E-004,0.0787
134,turning,-6.4228639602661133,445.66998291015625,10.39285945892334,-0.042599201202392578,0.01081688329577446,0.043915312737226486,-0.047258507460355759,9.5182428359985352,-42.9,B+,-0.0087480554340429346,0.11163602711095907,0.11197826138584166,0.078122801030995684,0.106553,STABLE,UNSTABLE,1,STABLE (Table VII caption),DISAGREE,2.290E-006,1.123E-007,8.401E-006,1.016E-006,0.0025
134,turning,-6.4228639602661133,445.66998291015625,10.39285945892334,-0.042599201202392578,0.01081688329577446,0.043915312737226486,-0.047258507460355759,9.5182428359985352,-42.9,B-,-0.0087480554340429346,-0.11163602711095907,0.11197826138584166,0.078122801030995684,0.106553,STABLE,UNSTABLE,1,STABLE (Table VII caption),DISAGREE,2.290E-006,1.123E-007,8.401E-006,1.016E-006,0.0025
134,turning,-6.4228639602661133,445.66998291015625,10.39285945892334,-0.042599201202392578,0.01081688329577446,0.043915312737226486,-0.047258507460355759,9.5182428359985352,-42.9,C+,-0.347772908997229,5.4086653383564478,5.4198345674541448,0.0641667018926351,0.999368,STABLE,UNSTABLE,1,STABLE (Table VII caption),DISAGREE,1.807E-006,8.144E-007,1.119E-005,2.512E-004,0.0150
134,turning,-6.4228639602661133,445.66998291015625,10.39285945892334,-0.042599201202392578,0.01081688329577446,0.043915312737226486,-0.047258507460355759,9.5182428359985352,-42.9,C-,-0.347772908997229,-5.4086653383564478,5.4198345674541448,0.0641667018926351,0.999368,STABLE,UNSTABLE,1,STABLE (Table VII caption),DISAGREE,1.807E-006,8.144E-007,1.119E-005,2.512E-004,0.0150
134,turning,-6.4228639602661133,445.66998291015625,10.39285945892334,-0.042599201202392578,0.01081688329577446,0.043915312737226486,-0.047258507460355759,9.5182428359985352,-42.9,D,-0.87019724154428335,0,0.87019724154428335,,0.997264,STABLE,UNSTABLE,1,STABLE (Table VII caption),DISAGREE,1.192E-006,1.871E-008,1.192E-005,5.018E-005,0.0155
134,turning,-6.4228639602661133,445.66998291015625,10.39285945892334,-0.042599201202392578,0.01081688329577446,0.043915312737226486,-0.047258507460355759,9.5182428359985352,-42.9,E,0.0015207423505405198,0,0.0015207423505405198,,0.713457,UNSTABLE,UNSTABLE,1,STABLE (Table VII caption),DISAGREE,5.594E-006,4.645E-007,5.594E-005,5.273E-006,0.0109
135,turning,-6.4219646453857422,440.097412109375,10.416746139526367,-0.042685549706220627,0.010857348330318928,0.0411297045648098,-0.046488672494888306,9.9216480255126953,-41.5,A+,-0.33716392018629315,0.8109955646615572,0.87828999480587677,0.38388678247531954,0.151246,STABLE,UNSTABLE,1,STABLE (Table VII caption),DISAGREE,2.856E-004,1.951E-005,3.386E-005,2.124E-004,0.0240
135,turning,-6.4219646453857422,440.097412109375,10.416746139526367,-0.042685549706220627,0.010857348330318928,0.0411297045648098,-0.046488672494888306,9.9216480255126953,-41.5,A-,-0.33716392018629315,-0.8109955646615572,0.87828999480587677,0.38388678247531954,0.151246,STABLE,UNSTABLE,1,STABLE (Table VII caption),DISAGREE,2.856E-004,1.951E-005,3.386E-005,2.124E-004,0.0240
135,turning,-6.4219646453857422,440.097412109375,10.416746139526367,-0.042685549706220627,0.010857348330318928,0.0411297045648098,-0.046488672494888306,9.9216480255126953,-41.5,B+,-0.0088531294461888475,0.1118932357658533,0.11224292454824852,0.078874721785988908,0.095697,STABLE,UNSTABLE,1,STABLE (Table VII caption),DISAGREE,1.968E-006,1.636E-007,8.445E-006,9.823E-007,0.0008
135,turning,-6.4219646453857422,440.097412109375,10.416746139526367,-0.042685549706220627,0.010857348330318928,0.0411297045648098,-0.046488672494888306,9.9216480255126953,-41.5,B-,-0.0088531294461888475,-0.1118932357658533,0.11224292454824852,0.078874721785988908,0.095697,STABLE,UNSTABLE,1,STABLE (Table VII caption),DISAGREE,1.968E-006,1.636E-007,8.445E-006,9.823E-007,0.0008
135,turning,-6.4219646453857422,440.097412109375,10.416746139526367,-0.042685549706220627,0.010857348330318928,0.0411297045648098,-0.046488672494888306,9.9216480255126953,-41.5,C+,-0.34282619038185935,5.3410158974919693,5.3520071575133086,0.06405563002668814,0.999388,STABLE,UNSTABLE,1,STABLE (Table VII caption),DISAGREE,1.744E-006,1.249E-006,4.598E-006,2.359E-004,0.0046
135,turning,-6.4219646453857422,440.097412109375,10.416746139526367,-0.042685549706220627,0.010857348330318928,0.0411297045648098,-0.046488672494888306,9.9216480255126953,-41.5,C-,-0.34282619038185935,-5.3410158974919693,5.3520071575133086,0.06405563002668814,0.999388,STABLE,UNSTABLE,1,STABLE (Table VII caption),DISAGREE,1.744E-006,1.249E-006,4.598E-006,2.359E-004,0.0046
135,turning,-6.4219646453857422,440.097412109375,10.416746139526367,-0.042685549706220627,0.010857348330318928,0.0411297045648098,-0.046488672494888306,9.9216480255126953,-41.5,D,-0.85695833581802594,0,0.85695833581802594,,0.997402,STABLE,UNSTABLE,1,STABLE (Table VII caption),DISAGREE,5.161E-007,9.619E-008,5.161E-006,4.477E-005,0.0046
135,turning,-6.4219646453857422,440.097412109375,10.416746139526367,-0.042685549706220627,0.010857348330318928,0.0411297045648098,-0.046488672494888306,9.9216480255126953,-41.5,E,0.00029837904248211541,0,0.00029837904248211541,,0.743981,UNSTABLE,UNSTABLE,1,STABLE (Table VII caption),DISAGREE,3.522E-006,2.391E-007,3.522E-005,3.594E-006,0.0026
136,turning,-6.4219117164611816,438.39178466796875,10.42371654510498,-0.042683642357587814,0.01085985079407692,0.040252991020679474,-0.046224236488342285,10.04715633392334,-41.05,A+,-0.33212492391458903,0.82919913707691184,0.89324026667765422,0.37182036715597794,0.142514,STABLE,NEAR_NEUTRAL,0,STABLE (Table VII caption),UNRESOLVED,2.766E-004,1.718E-005,9.331E-005,2.082E-004,0.0686
136,turning,-6.4219117164611816,438.39178466796875,10.42371654510498,-0.042683642357587814,0.01085985079407692,0.040252991020679474,-0.046224236488342285,10.04715633392334,-41.05,A-,-0.33212492391458903,-0.82919913707691184,0.89324026667765422,0.37182036715597794,0.142514,STABLE,NEAR_NEUTRAL,0,STABLE (Table VII caption),UNRESOLVED,2.766E-004,1.718E-005,9.331E-005,2.082E-004,0.0686
136,turning,-6.4219117164611816,438.39178466796875,10.42371654510498,-0.042683642357587814,0.01085985079407692,0.040252991020679474,-0.046224236488342285,10.04715633392334,-41.05,B+,-0.0088841668783925434,0.111975203140983,0.11232708729236922,0.079091936705066479,0.092452,STABLE,NEAR_NEUTRAL,0,STABLE (Table VII caption),UNRESOLVED,1.899E-006,9.148E-008,8.538E-006,9.668E-007,0.0024
136,turning,-6.4219117164611816,438.39178466796875,10.42371654510498,-0.042683642357587814,0.01085985079407692,0.040252991020679474,-0.046224236488342285,10.04715633392334,-41.05,B-,-0.0088841668783925434,-0.111975203140983,0.11232708729236922,0.079091936705066479,0.092452,STABLE,NEAR_NEUTRAL,0,STABLE (Table VII caption),UNRESOLVED,1.899E-006,9.148E-008,8.538E-006,9.668E-007,0.0024
136,turning,-6.4219117164611816,438.39178466796875,10.42371654510498,-0.042683642357587814,0.01085985079407692,0.040252991020679474,-0.046224236488342285,10.04715633392334,-41.05,C+,-0.34130635399032094,5.320291310484107,5.3312277812607922,0.064020215979142564,0.999394,STABLE,NEAR_NEUTRAL,0,STABLE (Table VII caption),UNRESOLVED,2.076E-006,1.385E-006,1.900E-006,2.290E-004,0.0142
136,turning,-6.4219117164611816,438.39178466796875,10.42371654510498,-0.042683642357587814,0.01085985079407692,0.040252991020679474,-0.046224236488342285,10.04715633392334,-41.05,C-,-0.34130635399032094,-5.320291310484107,5.3312277812607922,0.064020215979142564,0.999394,STABLE,NEAR_NEUTRAL,0,STABLE (Table VII caption),UNRESOLVED,2.076E-006,1.385E-006,1.900E-006,2.290E-004,0.0142
136,turning,-6.4219117164611816,438.39178466796875,10.42371654510498,-0.042683642357587814,0.01085985079407692,0.040252991020679474,-0.046224236488342285,10.04715633392334,-41.05,D,-0.8530118549615906,0,0.8530118549615906,,0.997443,STABLE,NEAR_NEUTRAL,0,STABLE (Table VII caption),UNRESOLVED,5.087E-007,1.666E-008,5.087E-006,4.312E-005,0.0137
136,turning,-6.4219117164611816,438.39178466796875,10.42371654510498,-0.042683642357587814,0.01085985079407692,0.040252991020679474,-0.046224236488342285,10.04715633392334,-41.05,E,7.7667467586327E-07,0,7.7667467586327E-07,,0.752764,NEAR_NEUTRAL,NEAR_NEUTRAL,0,STABLE (Table VII caption),UNRESOLVED,3.036E-006,2.777E-007,3.036E-005,3.192E-006,0.0062
137,turning,-6.4223837852478027,433.29794311523438,10.443573951721191,-0.042586281895637512,0.010836484842002392,0.037565115839242935,-0.045343935489654541,10.427699089050293,-39.64,A+,-0.31772959193743155,0.8843694781392657,0.93971350285980448,0.33811325576411722,0.118911,STABLE,STABLE,0,STABLE (Table VII caption),AGREE,2.472E-004,1.605E-005,8.197E-005,1.987E-004,0.0613
137,turning,-6.4223837852478027,433.29794311523438,10.443573951721191,-0.042586281895637512,0.010836484842002392,0.037565115839242935,-0.045343935489654541,10.427699089050293,-39.64,A-,-0.31772959193743155,-0.8843694781392657,0.93971350285980448,0.33811325576411722,0.118911,STABLE,STABLE,0,STABLE (Table VII caption),AGREE,2.472E-004,1.605E-005,8.197E-005,1.987E-004,0.0613
137,turning,-6.4223837852478027,433.29794311523438,10.443573951721191,-0.042586281895637512,0.010836484842002392,0.037565115839242935,-0.045343935489654541,10.427699089050293,-39.64,B+,-0.0089686871458902872,0.1122285239823014,0.11258631774939111,0.079660542463551628,0.082972,STABLE,STABLE,0,STABLE (Table VII caption),AGREE,1.668E-006,9.778E-008,7.800E-006,9.723E-007,0.0023
137,turning,-6.4223837852478027,433.29794311523438,10.443573951721191,-0.042586281895637512,0.010836484842002392,0.037565115839242935,-0.045343935489654541,10.427699089050293,-39.64,B-,-0.0089686871458902872,-0.1122285239823014,0.11258631774939111,0.079660542463551628,0.082972,STABLE,STABLE,0,STABLE (Table VII caption),AGREE,1.668E-006,9.778E-008,7.800E-006,9.723E-007,0.0023
137,turning,-6.4223837852478027,433.29794311523438,10.443573951721191,-0.042586281895637512,0.010836484842002392,0.037565115839242935,-0.045343935489654541,10.427699089050293,-39.64,C+,-0.336750877685885,5.2583457194775027,5.2691176547093335,0.063910297653898482,0.999416,STABLE,STABLE,0,STABLE (Table VII caption),AGREE,2.822E-006,1.598E-006,3.431E-006,2.132E-004,0.0136
137,turning,-6.4223837852478027,433.29794311523438,10.443573951721191,-0.042586281895637512,0.010836484842002392,0.037565115839242935,-0.045343935489654541,10.427699089050293,-39.64,C-,-0.336750877685885,-5.2583457194775027,5.2691176547093335,0.063910297653898482,0.999416,STABLE,STABLE,0,STABLE (Table VII caption),AGREE,2.822E-006,1.598E-006,3.431E-006,2.132E-004,0.0136
137,turning,-6.4223837852478027,433.29794311523438,10.443573951721191,-0.042586281895637512,0.010836484842002392,0.037565115839242935,-0.045343935489654541,10.427699089050293,-39.64,D,-0.84150511795072047,0,0.84150511795072047,,0.997565,STABLE,STABLE,0,STABLE (Table VII caption),AGREE,2.183E-007,2.141E-008,2.183E-006,3.901E-005,0.0125
137,turning,-6.4223837852478027,433.29794311523438,10.443573951721191,-0.042586281895637512,0.010836484842002392,0.037565115839242935,-0.045343935489654541,10.427699089050293,-39.64,E,-0.00069449469246671747,0,0.00069449469246671747,,0.777656,STABLE,STABLE,0,STABLE (Table VII caption),AGREE,1.835E-006,1.796E-007,1.835E-005,1.923E-006,0.0037
138,turning,-6.423675537109375,428.55841064453125,10.460766792297363,-0.042353492230176926,0.010768495500087738,0.034967415034770966,-0.0443878136575222,10.789512634277344,-38.23,A+,-0.30521232233114876,0.93654035809960878,0.98501898664549437,0.30985425303379843,0.100025,STABLE,STABLE,0,STABLE (Table VII caption),AGREE,2.224E-004,1.396E-005,6.198E-005,1.860E-004,0.0551
138,turning,-6.423675537109375,428.55841064453125,10.460766792297363,-0.042353492230176926,0.010768495500087738,0.034967415034770966,-0.0443878136575222,10.789512634277344,-38.23,A-,-0.30521232233114876,-0.93654035809960878,0.98501898664549437,0.30985425303379843,0.100025,STABLE,STABLE,0,STABLE (Table VII caption),AGREE,2.224E-004,1.396E-005,6.198E-005,1.860E-004,0.0551
138,turning,-6.423675537109375,428.55841064453125,10.460766792297363,-0.042353492230176926,0.010768495500087738,0.034967415034770966,-0.0443878136575222,10.789512634277344,-38.23,B+,-0.00903045665513263,0.11247753845163928,0.11283946917431073,0.080029237298012049,0.074433,STABLE,STABLE,0,STABLE (Table VII caption),AGREE,1.523E-006,8.562E-008,7.193E-006,9.440E-007,0.0022
138,turning,-6.423675537109375,428.55841064453125,10.460766792297363,-0.042353492230176926,0.010768495500087738,0.034967415034770966,-0.0443878136575222,10.789512634277344,-38.23,B-,-0.00903045665513263,-0.11247753845163928,0.11283946917431073,0.080029237298012049,0.074433,STABLE,STABLE,0,STABLE (Table VII caption),AGREE,1.523E-006,8.562E-008,7.193E-006,9.440E-007,0.0022
138,turning,-6.423675537109375,428.55841064453125,10.460766792297363,-0.042353492230176926,0.010768495500087738,0.034967415034770966,-0.0443878136575222,10.789512634277344,-38.23,C+,-0.3324900957043827,5.20063164288778,5.2112492886780188,0.063802377757431791,0.999439,STABLE,STABLE,0,STABLE (Table VII caption),AGREE,3.352E-006,1.870E-007,4.866E-006,1.990E-004,0.0131
138,turning,-6.423675537109375,428.55841064453125,10.460766792297363,-0.042353492230176926,0.010768495500087738,0.034967415034770966,-0.0443878136575222,10.789512634277344,-38.23,C-,-0.3324900957043827,-5.20063164288778,5.2112492886780188,0.063802377757431791,0.999439,STABLE,STABLE,0,STABLE (Table VII caption),AGREE,3.352E-006,1.870E-007,4.866E-006,1.990E-004,0.0131
138,turning,-6.423675537109375,428.55841064453125,10.460766792297363,-0.042353492230176926,0.010768495500087738,0.034967415034770966,-0.0443878136575222,10.789512634277344,-38.23,D,-0.83115515959095676,0,0.83115515959095676,,0.997682,STABLE,STABLE,0,STABLE (Table VII caption),AGREE,2.279E-007,1.078E-007,2.279E-006,3.494E-005,0.0115
138,turning,-6.423675537109375,428.55841064453125,10.460766792297363,-0.042353492230176926,0.010768495500087738,0.034967415034770966,-0.0443878136575222,10.789512634277344,-38.23,E,-0.0011119046932569162,0,0.0011119046932569162,,0.799316,STABLE,STABLE,0,STABLE (Table VII caption),AGREE,1.121E-006,1.943E-007,1.121E-005,1.140E-006,0.0020
139,turning,-6.4256258010864258,424.113525390625,10.475769996643068,-0.041986193507909775,0.010658226907253265,0.032442919909954071,-0.043351568281650543,11.135658264160158,-36.81,A+,-0.29422070504374614,0.98598882807000532,1.02895082115488,0.285942436698303,0.084681,STABLE,STABLE,0,STABLE (Table VII caption),AGREE,1.981E-004,1.230E-005,3.631E-005,1.743E-004,0.0493
139,turning,-6.4256258010864258,424.113525390625,10.475769996643068,-0.041986193507909775,0.010658226907253265,0.032442919909954071,-0.043351568281650543,11.135658264160158,-36.81,A-,-0.29422070504374614,-0.98598882807000532,1.02895082115488,0.285942436698303,0.084681,STABLE,STABLE,0,STABLE (Table VII caption),AGREE,1.981E-004,1.230E-005,3.631E-005,1.743E-004,0.0493
139,turning,-6.4256258010864258,424.113525390625,10.475769996643068,-0.041986193507909775,0.010658226907253265,0.032442919909954071,-0.043351568281650543,11.135658264160158,-36.81,B+,-0.00906786490448598,0.11272625337308531,0.1130903814365264,0.080182459279929549,0.066670,STABLE,STABLE,0,STABLE (Table VII caption),AGREE,1.384E-006,7.572E-008,5.936E-006,8.964E-007,0.0022
139,turning,-6.4256258010864258,424.113525390625,10.475769996643068,-0.041986193507909775,0.010658226907253265,0.032442919909954071,-0.043351568281650543,11.135658264160158,-36.81,B-,-0.00906786490448598,-0.11272625337308531,0.1130903814365264,0.080182459279929549,0.066670,STABLE,STABLE,0,STABLE (Table VII caption),AGREE,1.384E-006,7.572E-008,5.936E-006,8.964E-007,0.0022
139,turning,-6.4256258010864258,424.113525390625,10.475769996643068,-0.041986193507909775,0.010658226907253265,0.032442919909954071,-0.043351568281650543,11.135658264160158,-36.81,C+,-0.32847332650391481,5.1464274148573619,5.1568992488335441,0.0636958976032377,0.999464,STABLE,STABLE,0,STABLE (Table VII caption),AGREE,4.839E-006,4.778E-007,5.621E-006,1.852E-004,0.0125
139,turning,-6.4256258010864258,424.113525390625,10.475769996643068,-0.041986193507909775,0.010658226907253265,0.032442919909954071,-0.043351568281650543,11.135658264160158,-36.81,C-,-0.32847332650391481,-5.1464274148573619,5.1568992488335441,0.0636958976032377,0.999464,STABLE,STABLE,0,STABLE (Table VII caption),AGREE,4.839E-006,4.778E-007,5.621E-006,1.852E-004,0.0125
139,turning,-6.4256258010864258,424.113525390625,10.475769996643068,-0.041986193507909775,0.010658226907253265,0.032442919909954071,-0.043351568281650543,11.135658264160158,-36.81,D,-0.82174248239263215,0,0.82174248239263215,,0.997798,STABLE,STABLE,0,STABLE (Table VII caption),AGREE,9.558E-008,2.929E-008,1.000E-006,3.152E-005,0.0105
139,turning,-6.4256258010864258,424.113525390625,10.475769996643068,-0.041986193507909775,0.010658226907253265,0.032442919909954071,-0.043351568281650543,11.135658264160158,-36.81,E,-0.0013371754434952951,0,0.0013371754434952951,,0.818614,STABLE,STABLE,0,STABLE (Table VII caption),AGREE,7.017E-007,5.364E-008,7.017E-006,5.921E-007,0.0008
140,turning,-6.4280695915222168,419.97198486328125,10.488781929016113,-0.041489597409963608,0.010509085841476917,0.030010778456926346,-0.042244881391525269,11.464168548583984,-35.39,A+,-0.28462301619563724,1.0323715735512704,1.0708881021026557,0.2657822191102775,0.072175,STABLE,STABLE,0,STABLE (Table VII caption),AGREE,1.765E-004,1.143E-005,1.655E-005,1.632E-004,0.0443
140,turning,-6.4280695915222168,419.97198486328125,10.488781929016113,-0.041489597409963608,0.010509085841476917,0.030010778456926346,-0.042244881391525269,11.464168548583984,-35.39,A-,-0.28462301619563724,-1.0323715735512704,1.0708881021026557,0.2657822191102775,0.072175,STABLE,STABLE,0,STABLE (Table VII caption),AGREE,1.765E-004,1.143E-005,1.655E-005,1.632E-004,0.0443
140,turning,-6.4280695915222168,419.97198486328125,10.488781929016113,-0.041489597409963608,0.010509085841476917,0.030010778456926346,-0.042244881391525269,11.464168548583984,-35.39,B+,-0.0090806121971499752,0.11297503730978692,0.11333938668010682,0.080118769504015613,0.059651,STABLE,STABLE,0,STABLE (Table VII caption),AGREE,1.300E-006,7.602E-008,4.982E-006,8.826E-007,0.0022
140,turning,-6.4280695915222168,419.97198486328125,10.488781929016113,-0.041489597409963608,0.010509085841476917,0.030010778456926346,-0.042244881391525269,11.464168548583984,-35.39,B-,-0.0090806121971499752,-0.11297503730978692,0.11333938668010682,0.080118769504015613,0.059651,STABLE,STABLE,0,STABLE (Table VII caption),AGREE,1.300E-006,7.602E-008,4.982E-006,8.826E-007,0.0022
140,turning,-6.4280695915222168,419.97198486328125,10.488781929016113,-0.041489597409963608,0.010509085841476917,0.030010778456926346,-0.042244881391525269,11.464168548583984,-35.39,C+,-0.32471114072945689,5.0958444501087028,5.10617939213043,0.063591800403624082,0.999490,STABLE,STABLE,0,STABLE (Table VII caption),AGREE,1.020E-006,4.439E-007,9.323E-006,1.727E-004,0.0119
140,turning,-6.4280695915222168,419.97198486328125,10.488781929016113,-0.041489597409963608,0.010509085841476917,0.030010778456926346,-0.042244881391525269,11.464168548583984,-35.39,C-,-0.32471114072945689,-5.0958444501087028,5.10617939213043,0.063591800403624082,0.999490,STABLE,STABLE,0,STABLE (Table VII caption),AGREE,1.020E-006,4.439E-007,9.323E-006,1.727E-004,0.0119
140,turning,-6.4280695915222168,419.97198486328125,10.488781929016113,-0.041489597409963608,0.010509085841476917,0.030010778456926346,-0.042244881391525269,11.464168548583984,-35.39,D,-0.813214652072426,0,0.813214652072426,,0.997914,STABLE,STABLE,0,STABLE (Table VII caption),AGREE,1.955E-007,2.554E-007,2.554E-006,2.858E-005,0.0096
140,turning,-6.4280695915222168,419.97198486328125,10.488781929016113,-0.041489597409963608,0.010509085841476917,0.030010778456926346,-0.042244881391525269,11.464168548583984,-35.39,E,-0.0014299823862797165,0,0.0014299823862797165,,0.835923,STABLE,STABLE,0,STABLE (Table VII caption),AGREE,4.255E-007,3.641E-009,4.255E-006,2.098E-007,0.0000
141,turning,-6.43087100982666,416.11090087890625,10.500080108642578,-0.040867704898118973,0.01032391469925642,0.0276713315397501,-0.041070807725191116,11.775665283203125,-33.97,A+,-0.276218247188871,1.0757876127180093,1.1106824513593458,0.24869236643724052,0.061861,STABLE,STABLE,0,STABLE (Table VII caption),AGREE,1.568E-004,1.009E-005,3.653E-005,1.522E-004,0.0401
141,turning,-6.43087100982666,416.11090087890625,10.500080108642578,-0.040867704898118973,0.01032391469925642,0.0276713315397501,-0.041070807725191116,11.775665283203125,-33.97,A-,-0.276218247188871,-1.0757876127180093,1.1106824513593458,0.24869236643724052,0.061861,STABLE,STABLE,0,STABLE (Table VII caption),AGREE,1.568E-004,1.009E-005,3.653E-005,1.522E-004,0.0401
141,turning,-6.43087100982666,416.11090087890625,10.500080108642578,-0.040867704898118973,0.01032391469925642,0.0276713315397501,-0.041070807725191116,11.775665283203125,-33.97,B+,-0.0090703222670935647,0.11322531291884341,0.11358803736133019,0.0798527950460165,0.053297,STABLE,STABLE,0,STABLE (Table VII caption),AGREE,1.258E-006,9.759E-008,4.214E-006,8.961E-007,0.0023
141,turning,-6.43087100982666,416.11090087890625,10.500080108642578,-0.040867704898118973,0.01032391469925642,0.0276713315397501,-0.041070807725191116,11.775665283203125,-33.97,B-,-0.0090703222670935647,-0.11322531291884341,0.11358803736133019,0.0798527950460165,0.053297,STABLE,STABLE,0,STABLE (Table VII caption),AGREE,1.258E-006,9.759E-008,4.214E-006,8.961E-007,0.0023
141,turning,-6.43087100982666,416.11090087890625,10.500080108642578,-0.040867704898118973,0.01032391469925642,0.0276713315397501,-0.041070807725191116,11.775665283203125,-33.97,C+,-0.32118701987184151,5.0486099459127356,5.0588164117413026,0.06349054674654328,0.999516,STABLE,STABLE,0,STABLE (Table VII caption),AGREE,1.627E-006,1.344E-006,3.565E-006,1.619E-004,0.0115
141,turning,-6.43087100982666,416.11090087890625,10.500080108642578,-0.040867704898118973,0.01032391469925642,0.0276713315397501,-0.041070807725191116,11.775665283203125,-33.97,C-,-0.32118701987184151,-5.0486099459127356,5.0588164117413026,0.06349054674654328,0.999516,STABLE,STABLE,0,STABLE (Table VII caption),AGREE,1.627E-006,1.344E-006,3.565E-006,1.619E-004,0.0115
141,turning,-6.43087100982666,416.11090087890625,10.500080108642578,-0.040867704898118973,0.01032391469925642,0.0276713315397501,-0.041070807725191116,11.775665283203125,-33.97,D,-0.80546503225610322,0,0.80546503225610322,,0.998031,STABLE,STABLE,0,STABLE (Table VII caption),AGREE,2.938E-008,7.984E-008,1.000E-006,2.614E-005,0.0089
141,turning,-6.43087100982666,416.11090087890625,10.500080108642578,-0.040867704898118973,0.01032391469925642,0.0276713315397501,-0.041070807725191116,11.775665283203125,-33.97,E,-0.0014355877558336479,0,0.0014355877558336479,,0.851618,STABLE,STABLE,0,STABLE (Table VII caption),AGREE,2.427E-007,4.975E-008,2.427E-006,1.731E-007,0.0004
142,turning,-6.4339385032653809,412.48568725585938,10.509970664978027,-0.040118910372257233,0.010103699751198292,0.025409385561943054,-0.039823368191719055,12.072750091552734,-32.54,A+,-0.26879669627084146,1.1166349553070156,1.148531796399046,0.23403504989029553,0.053202,STABLE,STABLE,0,STABLE (Table VII caption),AGREE,1.403E-004,8.747E-006,3.882E-005,1.417E-004,0.0361
142,turning,-6.4339385032653809,412.48568725585938,10.509970664978027,-0.040118910372257233,0.010103699751198292,0.025409385561943054,-0.039823368191719055,12.072750091552734,-32.54,A-,-0.26879669627084146,-1.1166349553070156,1.148531796399046,0.23403504989029553,0.053202,STABLE,STABLE,0,STABLE (Table VII caption),AGREE,1.403E-004,8.747E-006,3.882E-005,1.417E-004,0.0361
142,turning,-6.4339385032653809,412.48568725585938,10.509970664978027,-0.040118910372257233,0.010103699751198292,0.025409385561943054,-0.039823368191719055,12.072750091552734,-32.54,B+,-0.0090388762739774271,0.11347954063437382,0.11383895390807477,0.079400556344503492,0.047502,STABLE,STABLE,0,STABLE (Table VII caption),AGREE,1.243E-006,8.521E-008,3.717E-006,9.022E-007,0.0023
142,turning,-6.4339385032653809,412.48568725585938,10.509970664978027,-0.040118910372257233,0.010103699751198292,0.025409385561943054,-0.039823368191719055,12.072750091552734,-32.54,B-,-0.0090388762739774271,-0.11347954063437382,0.11383895390807477,0.079400556344503492,0.047502,STABLE,STABLE,0,STABLE (Table VII caption),AGREE,1.243E-006,8.521E-008,3.717E-006,9.022E-007,0.0023
142,turning,-6.4339385032653809,412.48568725585938,10.509970664978027,-0.040118910372257233,0.010103699751198292,0.025409385561943054,-0.039823368191719055,12.072750091552734,-32.54,C+,-0.31786073049525454,5.0041806519164531,5.0142655933851321,0.063391283244864316,0.999544,STABLE,STABLE,0,STABLE (Table VII caption),AGREE,1.337E-006,9.819E-007,9.819E-006,1.515E-004,0.0109
142,turning,-6.4339385032653809,412.48568725585938,10.509970664978027,-0.040118910372257233,0.010103699751198292,0.025409385561943054,-0.039823368191719055,12.072750091552734,-32.54,C-,-0.31786073049525454,-5.0041806519164531,5.0142655933851321,0.063391283244864316,0.999544,STABLE,STABLE,0,STABLE (Table VII caption),AGREE,1.337E-006,9.819E-007,9.819E-006,1.515E-004,0.0109
142,turning,-6.4339385032653809,412.48568725585938,10.509970664978027,-0.040118910372257233,0.010103699751198292,0.025409385561943054,-0.039823368191719055,12.072750091552734,-32.54,D,-0.79835774996579245,0,0.79835774996579245,,0.998150,STABLE,STABLE,0,STABLE (Table VII caption),AGREE,1.765E-007,2.013E-008,1.765E-006,2.373E-005,0.0082
142,turning,-6.4339385032653809,412.48568725585938,10.509970664978027,-0.040118910372257233,0.010103699751198292,0.025409385561943054,-0.039823368191719055,12.072750091552734,-32.54,E,-0.0013854276974362824,0,0.0013854276974362824,,0.866066,STABLE,STABLE,0,STABLE (Table VII caption),AGREE,1.380E-007,6.190E-008,1.380E-006,2.851E-007,0.0007
143,turning,-6.4371585845947266,409.10641479492188,10.51857852935791,-0.039251282811164856,0.0098521094769239426,0.023242024704813957,-0.038513544946908951,12.353724479675293,-31.11,A+,-0.26226527629985996,1.1547397344612034,1.1841481873043476,0.22148011466106565,0.045906,STABLE,STABLE,0,STABLE (Table VII caption),AGREE,1.242E-004,7.710E-006,2.920E-005,1.319E-004,0.0326
143,turning,-6.4371585845947266,409.10641479492188,10.51857852935791,-0.039251282811164856,0.0098521094769239426,0.023242024704813957,-0.038513544946908951,12.353724479675293,-31.11,A-,-0.26226527629985996,-1.1547397344612034,1.1841481873043476,0.22148011466106565,0.045906,STABLE,STABLE,0,STABLE (Table VII caption),AGREE,1.242E-004,7.710E-006,2.920E-005,1.319E-004,0.0326
143,turning,-6.4371585845947266,409.10641479492188,10.51857852935791,-0.039251282811164856,0.0098521094769239426,0.023242024704813957,-0.038513544946908951,12.353724479675293,-31.11,B+,-0.0089889403035879265,0.11373594564911753,0.11409060601329316,0.078787733869522869,0.042251,STABLE,STABLE,0,STABLE (Table VII caption),AGREE,1.233E-006,8.799E-008,2.956E-006,9.225E-007,0.0023
143,turning,-6.4371585845947266,409.10641479492188,10.51857852935791,-0.039251282811164856,0.0098521094769239426,0.023242024704813957,-0.038513544946908951,12.353724479675293,-31.11,B-,-0.0089889403035879265,-0.11373594564911753,0.11409060601329316,0.078787733869522869,0.042251,STABLE,STABLE,0,STABLE (Table VII caption),AGREE,1.233E-006,8.799E-008,2.956E-006,9.225E-007,0.0023
143,turning,-6.4371585845947266,409.10641479492188,10.51857852935791,-0.039251282811164856,0.0098521094769239426,0.023242024704813957,-0.038513544946908951,12.353724479675293,-31.11,C+,-0.31474489474939404,4.9626839136433194,4.9726548216727231,0.063295142340790672,0.999572,STABLE,STABLE,0,STABLE (Table VII caption),AGREE,1.469E-006,5.562E-007,1.463E-005,1.410E-004,0.0104
143,turning,-6.4371585845947266,409.10641479492188,10.51857852935791,-0.039251282811164856,0.0098521094769239426,0.023242024704813957,-0.038513544946908951,12.353724479675293,-31.11,C-,-0.31474489474939404,-4.9626839136433194,4.9726548216727231,0.063295142340790672,0.999572,STABLE,STABLE,0,STABLE (Table VII caption),AGREE,1.469E-006,5.562E-007,1.463E-005,1.410E-004,0.0104
143,turning,-6.4371585845947266,409.10641479492188,10.51857852935791,-0.039251282811164856,0.0098521094769239426,0.023242024704813957,-0.038513544946908951,12.353724479675293,-31.11,D,-0.791874590382476,0,0.791874590382476,,0.998270,STABLE,STABLE,0,STABLE (Table VII caption),AGREE,1.299E-007,2.654E-008,1.299E-006,2.176E-005,0.0075
143,turning,-6.4371585845947266,409.10641479492188,10.51857852935791,-0.039251282811164856,0.0098521094769239426,0.023242024704813957,-0.038513544946908951,12.353724479675293,-31.11,E,-0.0013018065007191965,0,0.0013018065007191965,,0.879347,STABLE,STABLE,0,STABLE (Table VII caption),AGREE,1.123E-007,2.898E-008,1.123E-006,3.734E-007,0.0009
144,turning,-6.4404540061950684,405.95712280273438,10.526084899902344,-0.038269024342298508,0.0095714554190635681,0.021169517189264297,-0.037144236266613007,12.619100570678711,-29.68,A+,-0.25650311607400322,1.1902419724830275,1.2175671651354441,0.2106685556401888,0.039695,STABLE,STABLE,0,STABLE (Table VII caption),AGREE,1.094E-004,6.787E-006,2.339E-005,1.213E-004,0.0294
144,turning,-6.4404540061950684,405.95712280273438,10.526084899902344,-0.038269024342298508,0.0095714554190635681,0.021169517189264297,-0.037144236266613007,12.619100570678711,-29.68,A-,-0.25650311607400322,-1.1902419724830275,1.2175671651354441,0.2106685556401888,0.039695,STABLE,STABLE,0,STABLE (Table VII caption),AGREE,1.094E-004,6.787E-006,2.339E-005,1.213E-004,0.0294
144,turning,-6.4404540061950684,405.95712280273438,10.526084899902344,-0.038269024342298508,0.0095714554190635681,0.021169517189264297,-0.037144236266613007,12.619100570678711,-29.68,B+,-0.00892314864785852,0.11399398748460352,0.11434269440778332,0.078038642469239569,0.037490,STABLE,STABLE,0,STABLE (Table VII caption),AGREE,1.254E-006,9.230E-008,2.571E-006,9.471E-007,0.0024
144,turning,-6.4404540061950684,405.95712280273438,10.526084899902344,-0.038269024342298508,0.0095714554190635681,0.021169517189264297,-0.037144236266613007,12.619100570678711,-29.68,B-,-0.00892314864785852,-0.11399398748460352,0.11434269440778332,0.078038642469239569,0.037490,STABLE,STABLE,0,STABLE (Table VII caption),AGREE,1.254E-006,9.230E-008,2.571E-006,9.471E-007,0.0024
144,turning,-6.4404540061950684,405.95712280273438,10.526084899902344,-0.038269024342298508,0.0095714554190635681,0.021169517189264297,-0.037144236266613007,12.619100570678711,-29.68,C+,-0.31182639550936775,4.923929271956915,4.933793183360093,0.06320216189058063,0.999601,STABLE,STABLE,0,STABLE (Table VII caption),AGREE,5.215E-007,3.235E-007,5.212E-006,1.316E-004,0.0099
144,turning,-6.4404540061950684,405.95712280273438,10.526084899902344,-0.038269024342298508,0.0095714554190635681,0.021169517189264297,-0.037144236266613007,12.619100570678711,-29.68,C-,-0.31182639550936775,-4.923929271956915,4.933793183360093,0.06320216189058063,0.999601,STABLE,STABLE,0,STABLE (Table VII caption),AGREE,5.215E-007,3.235E-007,5.212E-006,1.316E-004,0.0099
144,turning,-6.4404540061950684,405.95712280273438,10.526084899902344,-0.038269024342298508,0.0095714554190635681,0.021169517189264297,-0.037144236266613007,12.619100570678711,-29.68,D,-0.78595157881832722,0,0.78595157881832722,,0.998390,STABLE,STABLE,0,STABLE (Table VII caption),AGREE,5.633E-008,1.744E-008,1.000E-006,2.000E-005,0.0070
144,turning,-6.4404540061950684,405.95712280273438,10.526084899902344,-0.038269024342298508,0.0095714554190635681,0.021169517189264297,-0.037144236266613007,12.619100570678711,-29.68,E,-0.0012003852310958289,0,0.0012003852310958289,,0.891604,STABLE,STABLE,0,STABLE (Table VII caption),AGREE,4.797E-008,5.258E-008,1.000E-006,4.274E-007,0.0010
145,turning,-6.4437665939331055,403.02362060546875,10.532647132873535,-0.037176374346017838,0.0092638880014419556,0.019192123785614967,-0.035718277096748352,12.869353294372559,-28.25,A+,-0.25140866018978281,1.2232771792005943,1.2488448148474591,0.20131297115606095,0.034360,STABLE,STABLE,0,STABLE (Table VII caption),AGREE,9.622E-005,6.017E-006,8.385E-005,1.127E-004,0.0268
145,turning,-6.4437665939331055,403.02362060546875,10.532647132873535,-0.037176374346017838,0.0092638880014419556,0.019192123785614967,-0.035718277096748352,12.869353294372559,-28.25,A-,-0.25140866018978281,-1.2232771792005943,1.2488448148474591,0.20131297115606095,0.034360,STABLE,STABLE,0,STABLE (Table VII caption),AGREE,9.622E-005,6.017E-006,8.385E-005,1.127E-004,0.0268
145,turning,-6.4437665939331055,403.02362060546875,10.532647132873535,-0.037176374346017838,0.0092638880014419556,0.019192123785614967,-0.035718277096748352,12.869353294372559,-28.25,B+,-0.0088442033962048191,0.11425281505235479,0.11459461453794864,0.0771781765824258,0.033170,STABLE,STABLE,0,STABLE (Table VII caption),AGREE,1.273E-006,8.492E-008,2.073E-006,9.588E-007,0.0024
145,turning,-6.4437665939331055,403.02362060546875,10.532647132873535,-0.037176374346017838,0.0092638880014419556,0.019192123785614967,-0.035718277096748352,12.869353294372559,-28.25,B-,-0.0088442033962048191,-0.11425281505235479,0.11459461453794864,0.0771781765824258,0.033170,STABLE,STABLE,0,STABLE (Table VII caption),AGREE,1.273E-006,8.492E-008,2.073E-006,9.588E-007,0.0024
145,turning,-6.4437665939331055,403.02362060546875,10.532647132873535,-0.037176374346017838,0.0092638880014419556,0.019192123785614967,-0.035718277096748352,12.869353294372559,-28.25,C+,-0.30909386928161187,4.8877440767474347,4.8975076497956707,0.0631124832024525,0.999630,STABLE,STABLE,0,STABLE (Table VII caption),AGREE,1.117E-006,8.031E-007,5.488E-006,1.231E-004,0.0095
145,turning,-6.4437665939331055,403.02362060546875,10.532647132873535,-0.037176374346017838,0.0092638880014419556,0.019192123785614967,-0.035718277096748352,12.869353294372559,-28.25,C-,-0.30909386928161187,-4.8877440767474347,4.8975076497956707,0.0631124832024525,0.999630,STABLE,STABLE,0,STABLE (Table VII caption),AGREE,1.117E-006,8.031E-007,5.488E-006,1.231E-004,0.0095
145,turning,-6.4437665939331055,403.02362060546875,10.532647132873535,-0.037176374346017838,0.0092638880014419556,0.019192123785614967,-0.035718277096748352,12.869353294372559,-28.25,D,-0.78053417911071377,0,0.78053417911071377,,0.998510,STABLE,STABLE,0,STABLE (Table VII caption),AGREE,1.116E-007,2.125E-008,1.116E-006,1.818E-005,0.0064
145,turning,-6.4437665939331055,403.02362060546875,10.532647132873535,-0.037176374346017838,0.0092638880014419556,0.019192123785614967,-0.035718277096748352,12.869353294372559,-28.25,E,-0.0010915874351844527,0,0.0010915874351844527,,0.902945,STABLE,STABLE,0,STABLE (Table VII caption),AGREE,1.059E-008,2.828E-008,1.000E-006,4.488E-007,0.0010
146,turning,-6.4470744132995605,400.27496337890625,10.538437843322754,-0.035968903452157974,0.0089290011674165726,0.017297279089689255,-0.034227944910526276,13.106518745422363,-26.81,A+,-0.24685789956942261,1.2541831003395374,1.2782464831780767,0.19312229903865266,0.029709,STABLE,STABLE,0,STABLE (Table VII caption),AGREE,8.391E-005,6.249E-006,4.367E-005,1.046E-004,0.0243
146,turning,-6.4470744132995605,400.27496337890625,10.538437843322754,-0.035968903452157974,0.0089290011674165726,0.017297279089689255,-0.034227944910526276,13.106518745422363,-26.81,A-,-0.24685789956942261,-1.2541831003395374,1.2782464831780767,0.19312229903865266,0.029709,STABLE,STABLE,0,STABLE (Table VII caption),AGREE,8.391E-005,6.249E-006,4.367E-005,1.046E-004,0.0243
146,turning,-6.4470744132995605,400.27496337890625,10.538437843322754,-0.035968903452157974,0.0089290011674165726,0.017297279089689255,-0.034227944910526276,13.106518745422363,-26.81,B+,-0.0087540207619643748,0.11451308648664761,0.11484720221319863,0.076223195630954019,0.029223,STABLE,STABLE,0,STABLE (Table VII caption),AGREE,1.308E-006,7.882E-008,1.835E-006,9.660E-007,0.0024
146,turning,-6.4470744132995605,400.27496337890625,10.538437843322754,-0.035968903452157974,0.0089290011674165726,0.017297279089689255,-0.034227944910526276,13.106518745422363,-26.81,B-,-0.0087540207619643748,-0.11451308648664761,0.11484720221319863,0.076223195630954019,0.029223,STABLE,STABLE,0,STABLE (Table VII caption),AGREE,1.308E-006,7.882E-008,1.835E-006,9.660E-007,0.0024
146,turning,-6.4470744132995605,400.27496337890625,10.538437843322754,-0.035968903452157974,0.0089290011674165726,0.017297279089689255,-0.034227944910526276,13.106518745422363,-26.81,C+,-0.30651994607812216,4.8537513729056592,4.86342028487435,0.063025592715362316,0.999659,STABLE,STABLE,0,STABLE (Table VII caption),AGREE,6.667E-007,4.148E-007,5.055E-006,1.150E-004,0.0090
146,turning,-6.4470744132995605,400.27496337890625,10.538437843322754,-0.035968903452157974,0.0089290011674165726,0.017297279089689255,-0.034227944910526276,13.106518745422363,-26.81,C-,-0.30651994607812216,-4.8537513729056592,4.86342028487435,0.063025592715362316,0.999659,STABLE,STABLE,0,STABLE (Table VII caption),AGREE,6.667E-007,4.148E-007,5.055E-006,1.150E-004,0.0090
146,turning,-6.4470744132995605,400.27496337890625,10.538437843322754,-0.035968903452157974,0.0089290011674165726,0.017297279089689255,-0.034227944910526276,13.106518745422363,-26.81,D,-0.77554278500242335,0,0.77554278500242335,,0.998631,STABLE,STABLE,0,STABLE (Table VII caption),AGREE,6.113E-008,1.105E-008,1.000E-006,1.664E-005,0.0059
146,turning,-6.4470744132995605,400.27496337890625,10.538437843322754,-0.035968903452157974,0.0089290011674165726,0.017297279089689255,-0.034227944910526276,13.106518745422363,-26.81,E,-0.0009816329564963052,0,0.0009816329564963052,,0.913523,STABLE,STABLE,0,STABLE (Table VII caption),AGREE,4.649E-008,1.016E-008,1.000E-006,3.945E-007,0.0009
147,turning,-6.4503211975097656,397.72097778320313,10.543526649475098,-0.03465835377573967,0.0085707679390907288,0.015499413944780827,-0.032685849815607071,13.329204559326172,-25.37,A+,-0.24281492450409439,1.2828432477038807,1.3056208813209789,0.18597659395461202,0.025655,STABLE,STABLE,0,STABLE (Table VII caption),AGREE,7.394E-005,4.762E-006,3.733E-005,9.665E-005,0.0220
147,turning,-6.4503211975097656,397.72097778320313,10.543526649475098,-0.03465835377573967,0.0085707679390907288,0.015499413944780827,-0.032685849815607071,13.329204559326172,-25.37,A-,-0.24281492450409439,-1.2828432477038807,1.3056208813209789,0.18597659395461202,0.025655,STABLE,STABLE,0,STABLE (Table VII caption),AGREE,7.394E-005,4.762E-006,3.733E-005,9.665E-005,0.0220
147,turning,-6.4503211975097656,397.72097778320313,10.543526649475098,-0.03465835377573967,0.0085707679390907288,0.015499413944780827,-0.032685849815607071,13.329204559326172,-25.37,B+,-0.0086556240465976379,0.11477166778945519,0.11509759143791456,0.075202477640608292,0.025641,STABLE,STABLE,0,STABLE (Table VII caption),AGREE,1.337E-006,8.520E-008,1.799E-006,9.788E-007,0.0024
147,turning,-6.4503211975097656,397.72097778320313,10.543526649475098,-0.03465835377573967,0.0085707679390907288,0.015499413944780827,-0.032685849815607071,13.329204559326172,-25.37,B-,-0.0086556240465976379,-0.11477166778945519,0.11509759143791456,0.075202477640608292,0.025641,STABLE,STABLE,0,STABLE (Table VII caption),AGREE,1.337E-006,8.520E-008,1.799E-006,9.788E-007,0.0024
147,turning,-6.4503211975097656,397.72097778320313,10.543526649475098,-0.03465835377573967,0.0085707679390907288,0.015499413944780827,-0.032685849815607071,13.329204559326172,-25.37,C+,-0.30411574792406615,4.8220738858554029,4.83165426627196,0.062942365319263158,0.999688,STABLE,STABLE,0,STABLE (Table VII caption),AGREE,1.752E-006,3.712E-007,4.689E-006,1.068E-004,0.0085
147,turning,-6.4503211975097656,397.72097778320313,10.543526649475098,-0.03465835377573967,0.0085707679390907288,0.015499413944780827,-0.032685849815607071,13.329204559326172,-25.37,C-,-0.30411574792406615,-4.8220738858554029,4.83165426627196,0.062942365319263158,0.999688,STABLE,STABLE,0,STABLE (Table VII caption),AGREE,1.752E-006,3.712E-007,4.689E-006,1.068E-004,0.0085
147,turning,-6.4503211975097656,397.72097778320313,10.543526649475098,-0.03465835377573967,0.0085707679390907288,0.015499413944780827,-0.032685849815607071,13.329204559326172,-25.37,D,-0.77097609735154027,0,0.77097609735154027,,0.998751,STABLE,STABLE,0,STABLE (Table VII caption),AGREE,5.509E-008,2.981E-008,1.000E-006,1.521E-005,0.0055
147,turning,-6.4503211975097656,397.72097778320313,10.543526649475098,-0.03465835377573967,0.0085707679390907288,0.015499413944780827,-0.032685849815607071,13.329204559326172,-25.37,E,-0.00087567403596224122,0,0.00087567403596224122,,0.923321,STABLE,STABLE,0,STABLE (Table VII caption),AGREE,5.371E-008,1.977E-008,1.000E-006,3.743E-007,0.0009
148,turning,-6.4534854888916016,395.3515625,10.548018455505373,-0.033249299973249435,0.0081909755244851112,0.013798796571791172,-0.031094789505004883,13.537790298461914,-23.93,A+,-0.23920332307795433,1.3093734641713328,1.3310436125264915,0.17971110850674213,0.022102,STABLE,STABLE,0,STABLE (Table VII caption),AGREE,6.334E-005,4.426E-006,4.326E-005,8.914E-005,0.0201
148,turning,-6.4534854888916016,395.3515625,10.548018455505373,-0.033249299973249435,0.0081909755244851112,0.013798796571791172,-0.031094789505004883,13.537790298461914,-23.93,A-,-0.23920332307795433,-1.3093734641713328,1.3310436125264915,0.17971110850674213,0.022102,STABLE,STABLE,0,STABLE (Table VII caption),AGREE,6.334E-005,4.426E-006,4.326E-005,8.914E-005,0.0201
148,turning,-6.4534854888916016,395.3515625,10.548018455505373,-0.033249299973249435,0.0081909755244851112,0.013798796571791172,-0.031094789505004883,13.537790298461914,-23.93,B+,-0.0085514139475488665,0.1150271636329874,0.11534459265155168,0.0741379699816715,0.022390,STABLE,STABLE,0,STABLE (Table VII caption),AGREE,1.373E-006,9.505E-008,1.398E-006,9.614E-007,0.0024
148,turning,-6.4534854888916016,395.3515625,10.548018455505373,-0.033249299973249435,0.0081909755244851112,0.013798796571791172,-0.031094789505004883,13.537790298461914,-23.93,B-,-0.0085514139475488665,-0.1150271636329874,0.11534459265155168,0.0741379699816715,0.022390,STABLE,STABLE,0,STABLE (Table VII caption),AGREE,1.373E-006,9.505E-008,1.398E-006,9.614E-007,0.0024
148,turning,-6.4534854888916016,395.3515625,10.548018455505373,-0.033249299973249435,0.0081909755244851112,0.013798796571791172,-0.031094789505004883,13.537790298461914,-23.93,C+,-0.30187255254731082,4.7925893239882011,4.8020869907142574,0.06286278302143182,0.999717,STABLE,STABLE,0,STABLE (Table VII caption),AGREE,7.296E-007,2.794E-007,4.979E-006,9.914E-005,0.0081
148,turning,-6.4534854888916016,395.3515625,10.548018455505373,-0.033249299973249435,0.0081909755244851112,0.013798796571791172,-0.031094789505004883,13.537790298461914,-23.93,C-,-0.30187255254731082,-4.7925893239882011,4.8020869907142574,0.06286278302143182,0.999717,STABLE,STABLE,0,STABLE (Table VII caption),AGREE,7.296E-007,2.794E-007,4.979E-006,9.914E-005,0.0081
148,turning,-6.4534854888916016,395.3515625,10.548018455505373,-0.033249299973249435,0.0081909755244851112,0.013798796571791172,-0.031094789505004883,13.537790298461914,-23.93,D,-0.76679845187881368,0,0.76679845187881368,,0.998868,STABLE,STABLE,0,STABLE (Table VII caption),AGREE,5.104E-008,1.571E-008,1.000E-006,1.399E-005,0.0050
148,turning,-6.4534854888916016,395.3515625,10.548018455505373,-0.033249299973249435,0.0081909755244851112,0.013798796571791172,-0.031094789505004883,13.537790298461914,-23.93,E,-0.00077639122115057255,0,0.00077639122115057255,,0.932391,STABLE,STABLE,0,STABLE (Table VII caption),AGREE,4.031E-008,1.743E-009,1.000E-006,3.459E-007,0.0008
149,turning,-6.4565753936767578,393.1429443359375,10.552030563354492,-0.031735643744468689,0.00778846675530076,0.012184907682240009,-0.029446037486195564,13.733926773071289,-22.48,A+,-0.23595088005336351,1.3340395034111165,1.3547450736058555,0.17416625802915464,0.018950,STABLE,STABLE,0,STABLE (Table VII caption),AGREE,5.461E-005,4.834E-006,7.289E-005,8.248E-005,0.0180
149,turning,-6.4565753936767578,393.1429443359375,10.552030563354492,-0.031735643744468689,0.00778846675530076,0.012184907682240009,-0.029446037486195564,13.733926773071289,-22.48,A-,-0.23595088005336351,-1.3340395034111165,1.3547450736058555,0.17416625802915464,0.018950,STABLE,STABLE,0,STABLE (Table VII caption),AGREE,5.461E-005,4.834E-006,7.289E-005,8.248E-005,0.0180
149,turning,-6.4565753936767578,393.1429443359375,10.552030563354492,-0.031735643744468689,0.00778846675530076,0.012184907682240009,-0.029446037486195564,13.733926773071289,-22.48,B+,-0.0084428010553235268,0.1152799018418707,0.11558865280956915,0.073041780919732111,0.019420,STABLE,STABLE,0,STABLE (Table VII caption),AGREE,1.405E-006,9.813E-008,1.211E-006,9.642E-007,0.0023
149,turning,-6.4565753936767578,393.1429443359375,10.552030563354492,-0.031735643744468689,0.00778846675530076,0.012184907682240009,-0.029446037486195564,13.733926773071289,-22.48,B-,-0.0084428010553235268,-0.1152799018418707,0.11558865280956915,0.073041780919732111,0.019420,STABLE,STABLE,0,STABLE (Table VII caption),AGREE,1.405E-006,9.813E-008,1.211E-006,9.642E-007,0.0023
149,turning,-6.4565753936767578,393.1429443359375,10.552030563354492,-0.031735643744468689,0.00778846675530076,0.012184907682240009,-0.029446037486195564,13.733926773071289,-22.48,C+,-0.29976936741245452,4.76500503809005,4.7744250634670582,0.062786484954226118,0.999745,STABLE,STABLE,0,STABLE (Table VII caption),AGREE,7.634E-007,1.860E-007,3.330E-006,9.212E-005,0.0075
149,turning,-6.4565753936767578,393.1429443359375,10.552030563354492,-0.031735643744468689,0.00778846675530076,0.012184907682240009,-0.029446037486195564,13.733926773071289,-22.48,C-,-0.29976936741245452,-4.76500503809005,4.7744250634670582,0.062786484954226118,0.999745,STABLE,STABLE,0,STABLE (Table VII caption),AGREE,7.634E-007,1.860E-007,3.330E-006,9.212E-005,0.0075
149,turning,-6.4565753936767578,393.1429443359375,10.552030563354492,-0.031735643744468689,0.00778846675530076,0.012184907682240009,-0.029446037486195564,13.733926773071289,-22.48,D,-0.76295331048160853,0,0.76295331048160853,,0.998984,STABLE,STABLE,0,STABLE (Table VII caption),AGREE,7.981E-008,2.253E-009,1.000E-006,1.275E-005,0.0046
149,turning,-6.4565753936767578,393.1429443359375,10.552030563354492,-0.031735643744468689,0.00778846675530076,0.012184907682240009,-0.029446037486195564,13.733926773071289,-22.48,E,-0.00068461259450305575,0,0.00068461259450305575,,0.940833,STABLE,STABLE,0,STABLE (Table VII caption),AGREE,5.694E-008,3.050E-009,1.000E-006,3.321E-007,0.0007
150,turning,-6.4595417976379395,391.11752319335938,10.555584907531738,-0.030143063515424728,0.00737038953229785,0.010680278763175011,-0.027765125036239624,13.915226936340332,-21.04,A+,-0.23304976709451292,1.3565984769197534,1.3764707121925266,0.16930964460790962,0.016184,STABLE,STABLE,0,STABLE (Table VII caption),AGREE,4.674E-005,6.388E-006,6.140E-005,7.715E-005,0.0164
150,turning,-6.4595417976379395,391.11752319335938,10.555584907531738,-0.030143063515424728,0.00737038953229785,0.010680278763175011,-0.027765125036239624,13.915226936340332,-21.04,A-,-0.23304976709451292,-1.3565984769197534,1.3764707121925266,0.16930964460790962,0.016184,STABLE,STABLE,0,STABLE (Table VII caption),AGREE,4.674E-005,6.388E-006,6.140E-005,7.715E-005,0.0164
150,turning,-6.4595417976379395,391.11752319335938,10.555584907531738,-0.030143063515424728,0.00737038953229785,0.010680278763175011,-0.027765125036239624,13.915226936340332,-21.04,B+,-0.0083333362552611666,0.11552491507065854,0.11582508577689947,0.071947594075714424,0.016748,STABLE,STABLE,0,STABLE (Table VII caption),AGREE,1.433E-006,1.101E-007,1.026E-006,9.466E-007,0.0023
150,turning,-6.4595417976379395,391.11752319335938,10.555584907531738,-0.030143063515424728,0.00737038953229785,0.010680278763175011,-0.027765125036239624,13.915226936340332,-21.04,B-,-0.0083333362552611666,-0.11552491507065854,0.11582508577689947,0.071947594075714424,0.016748,STABLE,STABLE,0,STABLE (Table VII caption),AGREE,1.433E-006,1.101E-007,1.026E-006,9.466E-007,0.0023
150,turning,-6.4595417976379395,391.11752319335938,10.555584907531738,-0.030143063515424728,0.00737038953229785,0.010680278763175011,-0.027765125036239624,13.915226936340332,-21.04,C+,-0.29782967199246657,4.7396037289906907,4.7489520971875052,0.062714819163758609,0.999773,STABLE,STABLE,0,STABLE (Table VII caption),AGREE,6.027E-007,4.025E-007,5.185E-006,8.534E-005,0.0071
150,turning,-6.4595417976379395,391.11752319335938,10.555584907531738,-0.030143063515424728,0.00737038953229785,0.010680278763175011,-0.027765125036239624,13.915226936340332,-21.04,C-,-0.29782967199246657,-4.7396037289906907,4.7489520971875052,0.062714819163758609,0.999773,STABLE,STABLE,0,STABLE (Table VII caption),AGREE,6.027E-007,4.025E-007,5.185E-006,8.534E-005,0.0071
150,turning,-6.4595417976379395,391.11752319335938,10.555584907531738,-0.030143063515424728,0.00737038953229785,0.010680278763175011,-0.027765125036239624,13.915226936340332,-21.04,D,-0.7594670635474341,0,0.7594670635474341,,0.999096,STABLE,STABLE,0,STABLE (Table VII caption),AGREE,2.164E-008,1.475E-008,1.000E-006,1.173E-005,0.0042
150,turning,-6.4595417976379395,391.11752319335938,10.555584907531738,-0.030143063515424728,0.00737038953229785,0.010680278763175011,-0.027765125036239624,13.915226936340332,-21.04,E,-0.00060198662303175509,0,0.00060198662303175509,,0.948565,STABLE,STABLE,0,STABLE (Table VII caption),AGREE,3.265E-008,5.016E-010,1.000E-006,2.636E-007,0.0006
151,turning,-6.4624252319335938,389.2398681640625,10.55880069732666,-0.0284543726593256,0.0069324574433267117,0.0092642856761813164,-0.026031514629721642,14.084502220153809,-19.59,A+,-0.23041180124384975,1.3774516071305782,1.3965896061975573,0.16498175285092045,0.013716,STABLE,STABLE,0,STABLE (Table VII caption),AGREE,3.845E-005,4.246E-006,8.055E-005,7.055E-005,0.0148
151,turning,-6.4624252319335938,389.2398681640625,10.55880069732666,-0.0284543726593256,0.0069324574433267117,0.0092642856761813164,-0.026031514629721642,14.084502220153809,-19.59,A-,-0.23041180124384975,-1.3774516071305782,1.3965896061975573,0.16498175285092045,0.013716,STABLE,STABLE,0,STABLE (Table VII caption),AGREE,3.845E-005,4.246E-006,8.055E-005,7.055E-005,0.0148
151,turning,-6.4624252319335938,389.2398681640625,10.55880069732666,-0.0284543726593256,0.0069324574433267117,0.0092642856761813164,-0.026031514629721642,14.084502220153809,-19.59,B+,-0.0082234119969036117,0.1157641807208282,0.11605589189194743,0.070857341775977467,0.014312,STABLE,STABLE,0,STABLE (Table VII caption),AGREE,1.476E-006,1.036E-007,1.000E-006,8.911E-007,0.0022
151,turning,-6.4624252319335938,389.2398681640625,10.55880069732666,-0.0284543726593256,0.0069324574433267117,0.0092642856761813164,-0.026031514629721642,14.084502220153809,-19.59,B-,-0.0082234119969036117,-0.1157641807208282,0.11605589189194743,0.070857341775977467,0.014312,STABLE,STABLE,0,STABLE (Table VII caption),AGREE,1.476E-006,1.036E-007,1.000E-006,8.911E-007,0.0022
151,turning,-6.4624252319335938,389.2398681640625,10.55880069732666,-0.0284543726593256,0.0069324574433267117,0.0092642856761813164,-0.026031514629721642,14.084502220153809,-19.59,C+,-0.29602034907961844,4.7159441229857926,4.7252256050048507,0.062646818125695516,0.999799,STABLE,STABLE,0,STABLE (Table VII caption),AGREE,4.910E-007,4.705E-007,4.550E-006,7.914E-005,0.0066
151,turning,-6.4624252319335938,389.2398681640625,10.55880069732666,-0.0284543726593256,0.0069324574433267117,0.0092642856761813164,-0.026031514629721642,14.084502220153809,-19.59,C-,-0.29602034907961844,-4.7159441229857926,4.7252256050048507,0.062646818125695516,0.999799,STABLE,STABLE,0,STABLE (Table VII caption),AGREE,4.910E-007,4.705E-007,4.550E-006,7.914E-005,0.0066
151,turning,-6.4624252319335938,389.2398681640625,10.55880069732666,-0.0284543726593256,0.0069324574433267117,0.0092642856761813164,-0.026031514629721642,14.084502220153809,-19.59,D,-0.75626718234193235,0,0.75626718234193235,,0.999205,STABLE,STABLE,0,STABLE (Table VII caption),AGREE,1.041E-007,6.227E-008,1.041E-006,1.056E-005,0.0039
151,turning,-6.4624252319335938,389.2398681640625,10.55880069732666,-0.0284543726593256,0.0069324574433267117,0.0092642856761813164,-0.026031514629721642,14.084502220153809,-19.59,E,-0.0005273615512120034,0,0.0005273615512120034,,0.955726,STABLE,STABLE,0,STABLE (Table VII caption),AGREE,4.875E-008,2.284E-008,1.000E-006,2.633E-007,0.0006
152,turning,-6.4652085304260254,387.51812744140625,10.561710357666016,-0.026685386896133423,0.0064789671450853348,0.0079479916021227837,-0.024259544909000397,14.24071216583252,-18.14,A+,-0.22803245375727557,1.3965129740650661,1.4150078751366086,0.16115278067640487,0.011528,STABLE,STABLE,0,STABLE (Table VII caption),AGREE,3.267E-005,4.077E-006,3.874E-005,6.438E-005,0.0133
152,turning,-6.4652085304260254,387.51812744140625,10.561710357666016,-0.026685386896133423,0.0064789671450853348,0.0079479916021227837,-0.024259544909000397,14.24071216583252,-18.14,A-,-0.22803245375727557,-1.3965129740650661,1.4150078751366086,0.16115278067640487,0.011528,STABLE,STABLE,0,STABLE (Table VII caption),AGREE,3.267E-005,4.077E-006,3.874E-005,6.438E-005,0.0133
152,turning,-6.4652085304260254,387.51812744140625,10.561710357666016,-0.026685386896133423,0.0064789671450853348,0.0079479916021227837,-0.024259544909000397,14.24071216583252,-18.14,B+,-0.00811548105987545,0.11599461395533578,0.11627816432796217,0.069793680582931839,0.012112,STABLE,STABLE,0,STABLE (Table VII caption),AGREE,1.498E-006,1.075E-007,1.000E-006,8.570E-007,0.0021
152,turning,-6.4652085304260254,387.51812744140625,10.561710357666016,-0.026685386896133423,0.0064789671450853348,0.0079479916021227837,-0.024259544909000397,14.24071216583252,-18.14,B-,-0.00811548105987545,-0.11599461395533578,0.11627816432796217,0.069793680582931839,0.012112,STABLE,STABLE,0,STABLE (Table VII caption),AGREE,1.498E-006,1.075E-007,1.000E-006,8.570E-007,0.0021
152,turning,-6.4652085304260254,387.51812744140625,10.561710357666016,-0.026685386896133423,0.0064789671450853348,0.0079479916021227837,-0.024259544909000397,14.24071216583252,-18.14,C+,-0.29435029839302795,4.6941313323546368,4.703351046175225,0.062583102027307574,0.999825,STABLE,STABLE,0,STABLE (Table VII caption),AGREE,6.813E-007,2.935E-007,4.643E-006,7.235E-005,0.0062
152,turning,-6.4652085304260254,387.51812744140625,10.561710357666016,-0.026685386896133423,0.0064789671450853348,0.0079479916021227837,-0.024259544909000397,14.24071216583252,-18.14,C-,-0.29435029839302795,-4.6941313323546368,4.703351046175225,0.062583102027307574,0.999825,STABLE,STABLE,0,STABLE (Table VII caption),AGREE,6.813E-007,2.935E-007,4.643E-006,7.235E-005,0.0062
152,turning,-6.4652085304260254,387.51812744140625,10.561710357666016,-0.026685386896133423,0.0064789671450853348,0.0079479916021227837,-0.024259544909000397,14.24071216583252,-18.14,D,-0.75335822558691268,0,0.75335822558691268,,0.999309,STABLE,STABLE,0,STABLE (Table VII caption),AGREE,5.002E-008,1.487E-008,1.000E-006,9.572E-006,0.0035
152,turning,-6.4652085304260254,387.51812744140625,10.561710357666016,-0.026685386896133423,0.0064789671450853348,0.0079479916021227837,-0.024259544909000397,14.24071216583252,-18.14,E,-0.00046071824934576505,0,0.00046071824934576505,,0.962284,STABLE,STABLE,0,STABLE (Table VII caption),AGREE,3.761E-008,7.790E-011,1.000E-006,2.163E-007,0.0005
153,turning,-6.4678974151611328,385.9464111328125,10.564366340637207,-0.024841293692588806,0.0060113002546131611,0.0067316615022718906,-0.022452032193541527,14.384097099304201,-16.69,A+,-0.22586368478929544,1.4138563001803728,1.4317835177380451,0.15774988466560821,0.009588,STABLE,STABLE,0,STABLE (Table VII caption),AGREE,2.565E-005,4.741E-006,4.538E-005,5.754E-005,0.0119
153,turning,-6.4678974151611328,385.9464111328125,10.564366340637207,-0.024841293692588806,0.0060113002546131611,0.0067316615022718906,-0.022452032193541527,14.384097099304201,-16.69,A-,-0.22586368478929544,-1.4138563001803728,1.4317835177380451,0.15774988466560821,0.009588,STABLE,STABLE,0,STABLE (Table VII caption),AGREE,2.565E-005,4.741E-006,4.538E-005,5.754E-005,0.0119
153,turning,-6.4678974151611328,385.9464111328125,10.564366340637207,-0.024841293692588806,0.0060113002546131611,0.0067316615022718906,-0.022452032193541527,14.384097099304201,-16.69,B+,-0.0080111869657528631,0.11621486266523846,0.11649065808424504,0.068771067976620429,0.010132,STABLE,STABLE,0,STABLE (Table VII caption),AGREE,1.539E-006,9.196E-008,1.000E-006,8.288E-007,0.0020
153,turning,-6.4678974151611328,385.9464111328125,10.564366340637207,-0.024841293692588806,0.0060113002546131611,0.0067316615022718906,-0.022452032193541527,14.384097099304201,-16.69,B-,-0.0080111869657528631,-0.11621486266523846,0.11649065808424504,0.068771067976620429,0.010132,STABLE,STABLE,0,STABLE (Table VII caption),AGREE,1.539E-006,9.196E-008,1.000E-006,8.288E-007,0.0020
153,turning,-6.4678974151611328,385.9464111328125,10.564366340637207,-0.024841293692588806,0.0060113002546131611,0.0067316615022718906,-0.022452032193541527,14.384097099304201,-16.69,C+,-0.29281498427220476,4.67409445743869,4.6832573719659489,0.0625237865475854,0.999850,STABLE,STABLE,0,STABLE (Table VII caption),AGREE,4.971E-007,1.708E-007,4.862E-006,6.653E-005,0.0057
153,turning,-6.4678974151611328,385.9464111328125,10.564366340637207,-0.024841293692588806,0.0060113002546131611,0.0067316615022718906,-0.022452032193541527,14.384097099304201,-16.69,C-,-0.29281498427220476,-4.67409445743869,4.6832573719659489,0.0625237865475854,0.999850,STABLE,STABLE,0,STABLE (Table VII caption),AGREE,4.971E-007,1.708E-007,4.862E-006,6.653E-005,0.0057
153,turning,-6.4678974151611328,385.9464111328125,10.564366340637207,-0.024841293692588806,0.0060113002546131611,0.0067316615022718906,-0.022452032193541527,14.384097099304201,-16.69,D,-0.75072162706913126,0,0.75072162706913126,,0.999408,STABLE,STABLE,0,STABLE (Table VII caption),AGREE,1.540E-008,8.217E-009,1.000E-006,8.740E-006,0.0032
153,turning,-6.4678974151611328,385.9464111328125,10.564366340637207,-0.024841293692588806,0.0060113002546131611,0.0067316615022718906,-0.022452032193541527,14.384097099304201,-16.69,E,-0.00040137927446209974,0,0.00040137927446209974,,0.968263,STABLE,STABLE,0,STABLE (Table VII caption),AGREE,2.844E-008,5.144E-009,1.000E-006,2.171E-007,0.0005
154,turning,-6.4704999923706055,384.51962280273438,10.566815376281738,-0.022927358746528625,0.0055307797156274319,0.0056155533529818058,-0.020611787214875221,14.514875411987305,-15.24,A+,-0.22388915272596638,1.429542497749448,1.4469685917738786,0.15472979441211956,0.007871,STABLE,STABLE,0,STABLE (Table VII caption),AGREE,2.026E-005,3.103E-006,7.095E-005,5.169E-005,0.0106
154,turning,-6.4704999923706055,384.51962280273438,10.566815376281738,-0.022927358746528625,0.0055307797156274319,0.0056155533529818058,-0.020611787214875221,14.514875411987305,-15.24,A-,-0.22388915272596638,-1.429542497749448,1.4469685917738786,0.15472979441211956,0.007871,STABLE,STABLE,0,STABLE (Table VII caption),AGREE,2.026E-005,3.103E-006,7.095E-005,5.169E-005,0.0106
154,turning,-6.4704999923706055,384.51962280273438,10.566815376281738,-0.022927358746528625,0.0055307797156274319,0.0056155533529818058,-0.020611787214875221,14.514875411987305,-15.24,B+,-0.0079119065465121444,0.11642372883822885,0.11669225724870602,0.067801469720904534,0.008357,STABLE,STABLE,0,STABLE (Table VII caption),AGREE,1.568E-006,9.461E-008,1.000E-006,7.844E-007,0.0019
154,turning,-6.4704999923706055,384.51962280273438,10.566815376281738,-0.022927358746528625,0.0055307797156274319,0.0056155533529818058,-0.020611787214875221,14.514875411987305,-15.24,B-,-0.0079119065465121444,-0.11642372883822885,0.11669225724870602,0.067801469720904534,0.008357,STABLE,STABLE,0,STABLE (Table VII caption),AGREE,1.568E-006,9.461E-008,1.000E-006,7.844E-007,0.0019
154,turning,-6.4704999923706055,384.51962280273438,10.566815376281738,-0.022927358746528625,0.0055307797156274319,0.0056155533529818058,-0.020611787214875221,14.514875411987305,-15.24,C+,-0.29141084282682883,4.65577170244547,4.6648826806908055,0.06246906144779505,0.999873,STABLE,STABLE,0,STABLE (Table VII caption),AGREE,3.313E-007,4.281E-008,3.282E-006,6.045E-005,0.0052
154,turning,-6.4704999923706055,384.51962280273438,10.566815376281738,-0.022927358746528625,0.0055307797156274319,0.0056155533529818058,-0.020611787214875221,14.514875411987305,-15.24,C-,-0.29141084282682883,-4.65577170244547,4.6648826806908055,0.06246906144779505,0.999873,STABLE,STABLE,0,STABLE (Table VII caption),AGREE,3.313E-007,4.281E-008,3.282E-006,6.045E-005,0.0052
154,turning,-6.4704999923706055,384.51962280273438,10.566815376281738,-0.022927358746528625,0.0055307797156274319,0.0056155533529818058,-0.020611787214875221,14.514875411987305,-15.24,D,-0.748341118108596,0,0.748341118108596,,0.999501,STABLE,STABLE,0,STABLE (Table VII caption),AGREE,2.157E-008,2.867E-009,1.000E-006,7.915E-006,0.0029
154,turning,-6.4704999923706055,384.51962280273438,10.566815376281738,-0.022927358746528625,0.0055307797156274319,0.0056155533529818058,-0.020611787214875221,14.514875411987305,-15.24,E,-0.00034849061654671783,0,0.00034849061654671783,,0.973683,STABLE,STABLE,0,STABLE (Table VII caption),AGREE,3.314E-008,8.249E-009,1.000E-006,2.046E-007,0.0004
155,turning,-6.4730238914489746,383.23321533203125,10.569091796875,-0.020948972553014755,0.0050386725924909115,0.0045999148860573769,-0.01874161884188652,14.633237838745119,-13.79,A+,-0.2220829861961765,1.4436290247432875,1.4606113835784886,0.1520479634028831,0.006358,STABLE,STABLE,0,STABLE (Table VII caption),AGREE,1.528E-005,1.144E-006,1.564E-005,4.756E-005,0.0094
155,turning,-6.4730238914489746,383.23321533203125,10.569091796875,-0.020948972553014755,0.0050386725924909115,0.0045999148860573769,-0.01874161884188652,14.633237838745119,-13.79,A-,-0.2220829861961765,-1.4436290247432875,1.4606113835784886,0.1520479634028831,0.006358,STABLE,STABLE,0,STABLE (Table VII caption),AGREE,1.528E-005,1.144E-006,1.564E-005,4.756E-005,0.0094
155,turning,-6.4730238914489746,383.23321533203125,10.569091796875,-0.020948972553014755,0.0050386725924909115,0.0045999148860573769,-0.01874161884188652,14.633237838745119,-13.79,B+,-0.0078189136546945558,0.11661999295417688,0.11688181281692989,0.06689589651506514,0.006776,STABLE,STABLE,0,STABLE (Table VII caption),AGREE,1.597E-006,9.843E-008,1.000E-006,7.239E-007,0.0017
155,turning,-6.4730238914489746,383.23321533203125,10.569091796875,-0.020948972553014755,0.0050386725924909115,0.0045999148860573769,-0.01874161884188652,14.633237838745119,-13.79,B-,-0.0078189136546945558,-0.11661999295417688,0.11688181281692989,0.06689589651506514,0.006776,STABLE,STABLE,0,STABLE (Table VII caption),AGREE,1.597E-006,9.843E-008,1.000E-006,7.239E-007,0.0017
155,turning,-6.4730238914489746,383.23321533203125,10.569091796875,-0.020948972553014755,0.0050386725924909115,0.0045999148860573769,-0.01874161884188652,14.633237838745119,-13.79,C+,-0.29013341994251252,4.6391084616299381,4.648172191317145,0.062418819269321836,0.999895,STABLE,STABLE,0,STABLE (Table VII caption),AGREE,7.492E-008,3.783E-007,3.131E-006,5.507E-005,0.0048
155,turning,-6.4730238914489746,383.23321533203125,10.569091796875,-0.020948972553014755,0.0050386725924909115,0.0045999148860573769,-0.01874161884188652,14.633237838745119,-13.79,C-,-0.29013341994251252,-4.6391084616299381,4.648172191317145,0.062418819269321836,0.999895,STABLE,STABLE,0,STABLE (Table VII caption),AGREE,7.492E-008,3.783E-007,3.131E-006,5.507E-005,0.0048
155,turning,-6.4730238914489746,383.23321533203125,10.569091796875,-0.020948972553014755,0.0050386725924909115,0.0045999148860573769,-0.01874161884188652,14.633237838745119,-13.79,D,-0.7462031969923123,0,0.7462031969923123,,0.999587,STABLE,STABLE,0,STABLE (Table VII caption),AGREE,3.739E-008,4.588E-008,1.000E-006,6.990E-006,0.0026
155,turning,-6.4730238914489746,383.23321533203125,10.569091796875,-0.020948972553014755,0.0050386725924909115,0.0045999148860573769,-0.01874161884188652,14.633237838745119,-13.79,E,-0.00030106863440117936,0,0.00030106863440117936,,0.978559,STABLE,STABLE,0,STABLE (Table VII caption),AGREE,3.120E-008,1.847E-008,1.000E-006,1.554E-007,0.0004
156,turning,-6.475494384765625,382.07571411132813,10.571245193481445,-0.018897373229265213,0.0045327013358473778,0.0036790203303098679,-0.016831165179610252,14.740047454833986,-12.33,A+,-0.22041620023648076,1.4562452563117803,1.4728318124814017,0.14965469809151347,0.005023,STABLE,STABLE,0,STABLE (Table VII caption),AGREE,1.172E-005,4.616E-006,4.612E-005,4.216E-005,0.0081
156,turning,-6.475494384765625,382.07571411132813,10.571245193481445,-0.018897373229265213,0.0045327013358473778,0.0036790203303098679,-0.016831165179610252,14.740047454833986,-12.33,A-,-0.22041620023648076,-1.4562452563117803,1.4728318124814017,0.14965469809151347,0.005023,STABLE,STABLE,0,STABLE (Table VII caption),AGREE,1.172E-005,4.616E-006,4.612E-005,4.216E-005,0.0081
156,turning,-6.475494384765625,382.07571411132813,10.571245193481445,-0.018897373229265213,0.0045327013358473778,0.0036790203303098679,-0.016831165179610252,14.740047454833986,-12.33,B+,-0.0077327581586263388,0.11680383440226091,0.11705952024423555,0.066058344870135663,0.005369,STABLE,STABLE,0,STABLE (Table VII caption),AGREE,1.612E-006,1.191E-007,1.000E-006,6.740E-007,0.0016
156,turning,-6.475494384765625,382.07571411132813,10.571245193481445,-0.018897373229265213,0.0045327013358473778,0.0036790203303098679,-0.016831165179610252,14.740047454833986,-12.33,B-,-0.0077327581586263388,-0.11680383440226091,0.11705952024423555,0.066058344870135663,0.005369,STABLE,STABLE,0,STABLE (Table VII caption),AGREE,1.612E-006,1.191E-007,1.000E-006,6.740E-007,0.0016
156,turning,-6.475494384765625,382.07571411132813,10.571245193481445,-0.018897373229265213,0.0045327013358473778,0.0036790203303098679,-0.016831165179610252,14.740047454833986,-12.33,C+,-0.28897335310070049,4.62395870410865,4.6329795700072331,0.062373111889256469,0.999915,STABLE,STABLE,0,STABLE (Table VII caption),AGREE,2.218E-007,2.205E-007,2.065E-006,4.955E-005,0.0043
156,turning,-6.475494384765625,382.07571411132813,10.571245193481445,-0.018897373229265213,0.0045327013358473778,0.0036790203303098679,-0.016831165179610252,14.740047454833986,-12.33,C-,-0.28897335310070049,-4.62395870410865,4.6329795700072331,0.062373111889256469,0.999915,STABLE,STABLE,0,STABLE (Table VII caption),AGREE,2.218E-007,2.205E-007,2.065E-006,4.955E-005,0.0043
156,turning,-6.475494384765625,382.07571411132813,10.571245193481445,-0.018897373229265213,0.0045327013358473778,0.0036790203303098679,-0.016831165179610252,14.740047454833986,-12.33,D,-0.74428296989010834,0,0.74428296989010834,,0.999667,STABLE,STABLE,0,STABLE (Table VII caption),AGREE,2.508E-008,6.883E-009,1.000E-006,6.288E-006,0.0023
156,turning,-6.475494384765625,382.07571411132813,10.571245193481445,-0.018897373229265213,0.0045327013358473778,0.0036790203303098679,-0.016831165179610252,14.740047454833986,-12.33,E,-0.00025799666123886838,0,0.00025799666123886838,,0.982936,STABLE,STABLE,0,STABLE (Table VII caption),AGREE,1.864E-008,1.269E-008,1.000E-006,1.520E-007,0.0003
157,turning,-6.4778833389282227,381.05950927734375,10.573271751403809,-0.016806270927190781,0.004020982887595892,0.0028657061047852039,-0.014909426681697369,14.833991050720215,-10.88,A+,-0.21888874454913812,1.4672630122286776,1.483500262738322,0.14754884110711372,0.003872,STABLE,STABLE,0,STABLE (Table VII caption),AGREE,7.718E-006,1.165E-006,4.118E-005,3.706E-005,0.0070
157,turning,-6.4778833389282227,381.05950927734375,10.573271751403809,-0.016806270927190781,0.004020982887595892,0.0028657061047852039,-0.014909426681697369,14.833991050720215,-10.88,A-,-0.21888874454913812,-1.4672630122286776,1.483500262738322,0.14754884110711372,0.003872,STABLE,STABLE,0,STABLE (Table VII caption),AGREE,7.718E-006,1.165E-006,4.118E-005,3.706E-005,0.0070
157,turning,-6.4778833389282227,381.05950927734375,10.573271751403809,-0.016806270927190781,0.004020982887595892,0.0028657061047852039,-0.014909426681697369,14.833991050720215,-10.88,B+,-0.0076556244291190612,0.11697169603221598,0.11722195296979511,0.065308794429416353,0.004147,STABLE,STABLE,0,STABLE (Table VII caption),AGREE,1.636E-006,1.087E-007,1.000E-006,6.289E-007,0.0014
157,turning,-6.4778833389282227,381.05950927734375,10.573271751403809,-0.016806270927190781,0.004020982887595892,0.0028657061047852039,-0.014909426681697369,14.833991050720215,-10.88,B-,-0.0076556244291190612,-0.11697169603221598,0.11722195296979511,0.065308794429416353,0.004147,STABLE,STABLE,0,STABLE (Table VII caption),AGREE,1.636E-006,1.087E-007,1.000E-006,6.289E-007,0.0014
157,turning,-6.4778833389282227,381.05950927734375,10.573271751403809,-0.016806270927190781,0.004020982887595892,0.0028657061047852039,-0.014909426681697369,14.833991050720215,-10.88,C+,-0.2879434668448948,4.61048827900421,4.6194711397446637,0.062332561051742078,0.999933,STABLE,STABLE,0,STABLE (Table VII caption),AGREE,2.762E-007,1.508E-008,2.421E-006,4.407E-005,0.0038
157,turning,-6.4778833389282227,381.05950927734375,10.573271751403809,-0.016806270927190781,0.004020982887595892,0.0028657061047852039,-0.014909426681697369,14.833991050720215,-10.88,C-,-0.2879434668448948,-4.61048827900421,4.6194711397446637,0.062332561051742078,0.999933,STABLE,STABLE,0,STABLE (Table VII caption),AGREE,2.762E-007,1.508E-008,2.421E-006,4.407E-005,0.0038
157,turning,-6.4778833389282227,381.05950927734375,10.573271751403809,-0.016806270927190781,0.004020982887595892,0.0028657061047852039,-0.014909426681697369,14.833991050720215,-10.88,D,-0.74259631676565974,0,0.74259631676565974,,0.999738,STABLE,STABLE,0,STABLE (Table VII caption),AGREE,5.311E-009,3.219E-008,1.000E-006,5.559E-006,0.0020
157,turning,-6.4778833389282227,381.05950927734375,10.573271751403809,-0.016806270927190781,0.004020982887595892,0.0028657061047852039,-0.014909426681697369,14.833991050720215,-10.88,E,-0.00021905322461752294,0,0.00021905322461752294,,0.986767,STABLE,STABLE,0,STABLE (Table VII caption),AGREE,1.410E-008,6.427E-010,1.000E-006,1.524E-007,0.0003
158,turning,-6.4802236557006836,380.16973876953125,10.575216293334961,-0.014658547937870027,0.0034990638960152864,0.0021507833153009415,-0.012958141043782234,14.91628837585449,-9.424,A+,-0.2174729472907781,1.4768467107518415,1.4927728192400447,0.14568388738581892,0.002880,STABLE,STABLE,0,STABLE (Table VII caption),AGREE,4.514E-006,2.726E-006,3.379E-005,3.248E-006,0.0060
158,turning,-6.4802236557006836,380.16973876953125,10.575216293334961,-0.014658547937870027,0.0034990638960152864,0.0021507833153009415,-0.012958141043782234,14.91628837585449,-9.424,A-,-0.2174729472907781,-1.4768467107518415,1.4927728192400447,0.14568388738581892,0.002880,STABLE,STABLE,0,STABLE (Table VII caption),AGREE,4.514E-006,2.726E-006,3.379E-005,3.248E-006,0.0060
158,turning,-6.4802236557006836,380.16973876953125,10.575216293334961,-0.014658547937870027,0.0034990638960152864,0.0021507833153009415,-0.012958141043782234,14.91628837585449,-9.424,B+,-0.0075874575316943272,0.11712460082188936,0.11737010534834749,0.064645571452587564,0.003088,STABLE,STABLE,0,STABLE (Table VII caption),AGREE,1.655E-006,1.014E-007,1.000E-006,6.614E-008,0.0013
158,turning,-6.4802236557006836,380.16973876953125,10.575216293334961,-0.014658547937870027,0.0034990638960152864,0.0021507833153009415,-0.012958141043782234,14.91628837585449,-9.424,B-,-0.0075874575316943272,-0.11712460082188936,0.11737010534834749,0.064645571452587564,0.003088,STABLE,STABLE,0,STABLE (Table VII caption),AGREE,1.655E-006,1.014E-007,1.000E-006,6.614E-008,0.0013
158,turning,-6.4802236557006836,380.16973876953125,10.575216293334961,-0.014658547937870027,0.0034990638960152864,0.0021507833153009415,-0.012958141043782234,14.91628837585449,-9.424,C+,-0.28702952274964727,4.5985056003681306,4.607454796690571,0.062296763704727823,0.999949,STABLE,STABLE,0,STABLE (Table VII caption),AGREE,7.636E-008,2.835E-007,2.821E-006,3.818E-006,0.0034
158,turning,-6.4802236557006836,380.16973876953125,10.575216293334961,-0.014658547937870027,0.0034990638960152864,0.0021507833153009415,-0.012958141043782234,14.91628837585449,-9.424,C-,-0.28702952274964727,-4.5985056003681306,4.607454796690571,0.062296763704727823,0.999949,STABLE,STABLE,0,STABLE (Table VII caption),AGREE,7.636E-008,2.835E-007,2.821E-006,3.818E-006,0.0034
158,turning,-6.4802236557006836,380.16973876953125,10.575216293334961,-0.014658547937870027,0.0034990638960152864,0.0021507833153009415,-0.012958141043782234,14.91628837585449,-9.424,D,-0.74111478118065188,0,0.74111478118065188,,0.999802,STABLE,STABLE,0,STABLE (Table VII caption),AGREE,2.771E-008,3.849E-008,1.000E-006,6.683E-007,0.0017
158,turning,-6.4802236557006836,380.16973876953125,10.575216293334961,-0.014658547937870027,0.0034990638960152864,0.0021507833153009415,-0.012958141043782234,14.91628837585449,-9.424,E,-0.00018303670643933769,0,0.00018303670643933769,,0.990107,STABLE,STABLE,0,STABLE (Table VII caption),AGREE,1.194E-008,6.176E-009,1.000E-006,2.240E-008,0.0003
159,turning,-6.4825072288513184,379.40829467773438,10.577091217041016,-0.012468578293919563,0.0029701711609959602,0.0015380139229819179,-0.010988063178956509,14.986637115478517,-7.9680000000000009,A+,-0.21616601916046485,1.4849782294040064,1.5006292312371967,0.14405025216138589,0.002044,STABLE,STABLE,0,STABLE (Table VII caption),AGREE,4.310E-006,2.810E-006,4.263E-005,5.448E-006,0.0049
159,turning,-6.4825072288513184,379.40829467773438,10.577091217041016,-0.012468578293919563,0.0029701711609959602,0.0015380139229819179,-0.010988063178956509,14.986637115478517,-7.9680000000000009,A-,-0.21616601916046485,-1.4849782294040064,1.5006292312371967,0.14405025216138589,0.002044,STABLE,STABLE,0,STABLE (Table VII caption),AGREE,4.310E-006,2.810E-006,4.263E-005,5.448E-006,0.0049
159,turning,-6.4825072288513184,379.40829467773438,10.577091217041016,-0.012468578293919563,0.0029701711609959602,0.0015380139229819179,-0.010988063178956509,14.986637115478517,-7.9680000000000009,B+,-0.007529292192196833,0.11726105207426324,0.11750253007692452,0.064077702729189639,0.002193,STABLE,STABLE,0,STABLE (Table VII caption),AGREE,1.667E-006,1.159E-007,1.000E-006,4.159E-008,0.0011
159,turning,-6.4825072288513184,379.40829467773438,10.577091217041016,-0.012468578293919563,0.0029701711609959602,0.0015380139229819179,-0.010988063178956509,14.986637115478517,-7.9680000000000009,B-,-0.007529292192196833,-0.11726105207426324,0.11750253007692452,0.064077702729189639,0.002193,STABLE,STABLE,0,STABLE (Table VII caption),AGREE,1.667E-006,1.159E-007,1.000E-006,4.159E-008,0.0011
159,turning,-6.4825072288513184,379.40829467773438,10.577091217041016,-0.012468578293919563,0.0029701711609959602,0.0015380139229819179,-0.010988063178956509,14.986637115478517,-7.9680000000000009,C+,-0.28623437750264258,4.5880390970975924,4.5969590900246668,0.062266026714000333,0.999963,STABLE,STABLE,0,STABLE (Table VII caption),AGREE,2.540E-007,1.720E-007,2.488E-006,3.446E-006,0.0029
159,turning,-6.4825072288513184,379.40829467773438,10.577091217041016,-0.012468578293919563,0.0029701711609959602,0.0015380139229819179,-0.010988063178956509,14.986637115478517,-7.9680000000000009,C-,-0.28623437750264258,-4.5880390970975924,4.5969590900246668,0.062266026714000333,0.999963,STABLE,STABLE,0,STABLE (Table VII caption),AGREE,2.540E-007,1.720E-007,2.488E-006,3.446E-006,0.0029
159,turning,-6.4825072288513184,379.40829467773438,10.577091217041016,-0.012468578293919563,0.0029701711609959602,0.0015380139229819179,-0.010988063178956509,14.986637115478517,-7.9680000000000009,D,-0.73983768484613655,0,0.73983768484613655,,0.999858,STABLE,STABLE,0,STABLE (Table VII caption),AGREE,2.555E-008,1.544E-008,1.000E-006,4.030E-007,0.0015
159,turning,-6.4825072288513184,379.40829467773438,10.577091217041016,-0.012468578293919563,0.0029701711609959602,0.0015380139229819179,-0.010988063178956509,14.986637115478517,-7.9680000000000009,E,-0.00014959210071023785,0,0.00014959210071023785,,0.992950,STABLE,STABLE,0,STABLE (Table VII caption),AGREE,8.702E-009,2.883E-009,1.000E-006,1.592E-008,0.0003
160,turning,-6.4847354888916016,378.77304077148438,10.578909873962402,-0.010242274031043053,0.0024354059714823961,0.0010275637032464147,-0.0090020475909113884,15.045132637023928,-6.512,A+,-0.21495192186392284,1.4916852744633036,1.5070929920756897,0.14262684717807211,0.001357,STABLE,STABLE,0,STABLE (Table VII caption),AGREE,2.093E-006,1.415E-006,2.060E-005,3.948E-006,0.0039
160,turning,-6.4847354888916016,378.77304077148438,10.578909873962402,-0.010242274031043053,0.0024354059714823961,0.0010275637032464147,-0.0090020475909113884,15.045132637023928,-6.512,A-,-0.21495192186392284,-1.4916852744633036,1.5070929920756897,0.14262684717807211,0.001357,STABLE,STABLE,0,STABLE (Table VII caption),AGREE,2.093E-006,1.415E-006,2.060E-005,3.948E-006,0.0039
160,turning,-6.4847354888916016,378.77304077148438,10.578909873962402,-0.010242274031043053,0.0024354059714823961,0.0010275637032464147,-0.0090020475909113884,15.045132637023928,-6.512,B+,-0.00748175696428803,0.11738031495876448,0.11761851481417125,0.063610367603337492,0.001456,STABLE,STABLE,0,STABLE (Table VII caption),AGREE,1.684E-006,1.029E-007,1.000E-006,5.719E-008,0.0009
160,turning,-6.4847354888916016,378.77304077148438,10.578909873962402,-0.010242274031043053,0.0024354059714823961,0.0010275637032464147,-0.0090020475909113884,15.045132637023928,-6.512,B-,-0.00748175696428803,-0.11738031495876448,0.11761851481417125,0.063610367603337492,0.001456,STABLE,STABLE,0,STABLE (Table VII caption),AGREE,1.684E-006,1.029E-007,1.000E-006,5.719E-008,0.0009
160,turning,-6.4847354888916016,378.77304077148438,10.578909873962402,-0.010242274031043053,0.0024354059714823961,0.0010275637032464147,-0.0090020475909113884,15.045132637023928,-6.512,C+,-0.28555642763310085,4.5790641374029342,4.587959333713874,0.062240400767011123,0.999975,STABLE,STABLE,0,STABLE (Table VII caption),AGREE,1.231E-007,1.054E-007,1.225E-006,3.092E-006,0.0024
160,turning,-6.4847354888916016,378.77304077148438,10.578909873962402,-0.010242274031043053,0.0024354059714823961,0.0010275637032464147,-0.0090020475909113884,15.045132637023928,-6.512,C-,-0.28555642763310085,-4.5790641374029342,4.587959333713874,0.062240400767011123,0.999975,STABLE,STABLE,0,STABLE (Table VII caption),AGREE,1.231E-007,1.054E-007,1.225E-006,3.092E-006,0.0024
160,turning,-6.4847354888916016,378.77304077148438,10.578909873962402,-0.010242274031043053,0.0024354059714823961,0.0010275637032464147,-0.0090020475909113884,15.045132637023928,-6.512,D,-0.73875886034294835,0,0.73875886034294835,,0.999905,STABLE,STABLE,0,STABLE (Table VII caption),AGREE,1.103E-008,8.923E-009,1.000E-006,4.744E-007,0.0012
160,turning,-6.4847354888916016,378.77304077148438,10.578909873962402,-0.010242274031043053,0.0024354059714823961,0.0010275637032464147,-0.0090020475909113884,15.045132637023928,-6.512,E,-0.00011823842126533403,0,0.00011823842126533403,,0.995304,STABLE,STABLE,0,STABLE (Table VII caption),AGREE,6.652E-009,3.674E-009,1.000E-006,2.293E-008,0.0003
161,turning,-6.4869046211242676,378.26211547851563,10.580681800842285,-0.0079856235533952713,0.0018958497093990445,0.00061957648722454906,-0.0070029525086283684,15.091850280761717,-5.056,A+,-0.21382745410499543,1.4969873522598383,1.5121816401990023,0.14140328676180453,0.000814,STABLE,STABLE,0,STABLE (Table VII caption),AGREE,4.183E-006,6.886E-007,4.166E-005,1.815E-006,0.0029
161,turning,-6.4869046211242676,378.26211547851563,10.580681800842285,-0.0079856235533952713,0.0018958497093990445,0.00061957648722454906,-0.0070029525086283684,15.091850280761717,-5.056,A-,-0.21382745410499543,-1.4969873522598383,1.5121816401990023,0.14140328676180453,0.000814,STABLE,STABLE,0,STABLE (Table VII caption),AGREE,4.183E-006,6.886E-007,4.166E-005,1.815E-006,0.0029
161,turning,-6.4869046211242676,378.26211547851563,10.580681800842285,-0.0079856235533952713,0.0018958497093990445,0.00061957648722454906,-0.0070029525086283684,15.091850280761717,-5.056,B+,-0.00744527372361836,0.11748179889784868,0.11771748032086893,0.06324696810808704,0.000873,STABLE,STABLE,0,STABLE (Table VII caption),AGREE,1.700E-006,1.100E-007,1.000E-006,3.571E-008,0.0007
161,turning,-6.4869046211242676,378.26211547851563,10.580681800842285,-0.0079856235533952713,0.0018958497093990445,0.00061957648722454906,-0.0070029525086283684,15.091850280761717,-5.056,B-,-0.00744527372361836,-0.11748179889784868,0.11771748032086893,0.06324696810808704,0.000873,STABLE,STABLE,0,STABLE (Table VII caption),AGREE,1.700E-006,1.100E-007,1.000E-006,3.571E-008,0.0007
161,turning,-6.4869046211242676,378.26211547851563,10.580681800842285,-0.0079856235533952713,0.0018958497093990445,0.00061957648722454906,-0.0070029525086283684,15.091850280761717,-5.056,C+,-0.28499425317107335,4.5715593764094216,4.5804341340507708,0.0622199216996566,0.999985,STABLE,STABLE,0,STABLE (Table VII caption),AGREE,1.100E-007,4.399E-008,1.043E-006,2.310E-006,0.0020
161,turning,-6.4869046211242676,378.26211547851563,10.580681800842285,-0.0079856235533952713,0.0018958497093990445,0.00061957648722454906,-0.0070029525086283684,15.091850280761717,-5.056,C-,-0.28499425317107335,-4.5715593764094216,4.5804341340507708,0.0622199216996566,0.999985,STABLE,STABLE,0,STABLE (Table VII caption),AGREE,1.100E-007,4.399E-008,1.043E-006,2.310E-006,0.0020
161,turning,-6.4869046211242676,378.26211547851563,10.580681800842285,-0.0079856235533952713,0.0018958497093990445,0.00061957648722454906,-0.0070029525086283684,15.091850280761717,-5.056,D,-0.73787308193901679,0,0.73787308193901679,,0.999942,STABLE,STABLE,0,STABLE (Table VII caption),AGREE,1.755E-008,2.497E-008,1.000E-006,2.978E-007,0.0009
161,turning,-6.4869046211242676,378.26211547851563,10.580681800842285,-0.0079856235533952713,0.0018958497093990445,0.00061957648722454906,-0.0070029525086283684,15.091850280761717,-5.056,E,-8.8692365183651707E-05,0,8.8692365183651707E-05,,0.997175,STABLE,STABLE,0,STABLE (Table VII caption),AGREE,8.011E-009,4.286E-010,1.000E-006,2.186E-008,0.0002
162,turning,-6.489011287689209,377.87393188476563,10.582418441772461,-0.00570311164483428,0.0013521923683583736,0.00031399854924529791,-0.0049922540783882141,15.126870155334474,-3.5990000000000006,A+,-0.21278934982213527,1.5009018705543351,1.5159108589990471,0.14037062176772033,0.000411,STABLE,STABLE,0,STABLE (Table VII caption),AGREE,7.033E-006,4.520E-007,6.820E-005,3.017E-006,0.0019
162,turning,-6.489011287689209,377.87393188476563,10.582418441772461,-0.00570311164483428,0.0013521923683583736,0.00031399854924529791,-0.0049922540783882141,15.126870155334474,-3.5990000000000006,A-,-0.21278934982213527,-1.5009018705543351,1.5159108589990471,0.14037062176772033,0.000411,STABLE,STABLE,0,STABLE (Table VII caption),AGREE,7.033E-006,4.520E-007,6.820E-005,3.017E-006,0.0019
162,turning,-6.489011287689209,377.87393188476563,10.582418441772461,-0.00570311164483428,0.0013521923683583736,0.00031399854924529791,-0.0049922540783882141,15.126870155334474,-3.5990000000000006,B+,-0.0074201530377011916,0.11756508112577665,0.11779901090931685,0.062989943467465254,0.000440,STABLE,STABLE,0,STABLE (Table VII caption),AGREE,1.703E-006,1.097E-007,1.000E-006,4.501E-008,0.0006
162,turning,-6.489011287689209,377.87393188476563,10.582418441772461,-0.00570311164483428,0.0013521923683583736,0.00031399854924529791,-0.0049922540783882141,15.126870155334474,-3.5990000000000006,B-,-0.0074201530377011916,-0.11756508112577665,0.11779901090931685,0.062989943467465254,0.000440,STABLE,STABLE,0,STABLE (Table VII caption),AGREE,1.703E-006,1.097E-007,1.000E-006,4.501E-008,0.0006
162,turning,-6.489011287689209,377.87393188476563,10.582418441772461,-0.00570311164483428,0.0013521923683583736,0.00031399854924529791,-0.0049922540783882141,15.126870155334474,-3.5990000000000006,C+,-0.28454664651772643,4.5655064468659337,4.5743650827649169,0.062204621049996259,0.999992,STABLE,STABLE,0,STABLE (Table VII caption),AGREE,2.238E-007,2.401E-008,2.181E-006,1.950E-006,0.0015
162,turning,-6.489011287689209,377.87393188476563,10.582418441772461,-0.00570311164483428,0.0013521923683583736,0.00031399854924529791,-0.0049922540783882141,15.126870155334474,-3.5990000000000006,C-,-0.28454664651772643,-4.5655064468659337,4.5743650827649169,0.062204621049996259,0.999992,STABLE,STABLE,0,STABLE (Table VII caption),AGREE,2.238E-007,2.401E-008,2.181E-006,1.950E-006,0.0015
162,turning,-6.489011287689209,377.87393188476563,10.582418441772461,-0.00570311164483428,0.0013521923683583736,0.00031399854924529791,-0.0049922540783882141,15.126870155334474,-3.5990000000000006,D,-0.73717572348519245,0,0.73717572348519245,,0.999971,STABLE,STABLE,0,STABLE (Table VII caption),AGREE,1.707E-008,6.831E-009,1.000E-006,2.156E-007,0.0007
162,turning,-6.489011287689209,377.87393188476563,10.582418441772461,-0.00570311164483428,0.0013521923683583736,0.00031399854924529791,-0.0049922540783882141,15.126870155334474,-3.5990000000000006,E,-6.0844424573686412E-05,0,6.0844424573686412E-05,,0.998571,STABLE,STABLE,0,STABLE (Table VII caption),AGREE,2.481E-009,1.104E-009,1.000E-006,1.631E-008,0.0002
163,turning,-6.4910445213317871,377.60784912109375,10.58411979675293,-0.0034024068154394627,0.00080585724208503962,0.00011124179582111537,-0.0029741902835667133,15.150196075439453,-2.142,A+,-0.21182561067235284,1.503437203137679,1.5182863738818055,0.13951624299359147,0.000145,STABLE,STABLE,0,STABLE (Table VII caption),AGREE,5.318E-006,1.505E-006,1.683E-005,4.359E-006,0.0010
163,turning,-6.4910445213317871,377.60784912109375,10.58411979675293,-0.0034024068154394627,0.00080585724208503962,0.00011124179582111537,-0.0029741902835667133,15.150196075439453,-2.142,A-,-0.21182561067235284,-1.503437203137679,1.5182863738818055,0.13951624299359147,0.000145,STABLE,STABLE,0,STABLE (Table VII caption),AGREE,5.318E-006,1.505E-006,1.683E-005,4.359E-006,0.0010
163,turning,-6.4910445213317871,377.60784912109375,10.58411979675293,-0.0034024068154394627,0.00080585724208503962,0.00011124179582111537,-0.0029741902835667133,15.150196075439453,-2.142,B+,-0.0074066882862839252,0.11762964779853771,0.11786260251911207,0.06284171677850818,0.000155,STABLE,STABLE,0,STABLE (Table VII caption),AGREE,1.723E-006,1.043E-007,1.000E-006,2.319E-008,0.0004
163,turning,-6.4910445213317871,377.60784912109375,10.58411979675293,-0.0034024068154394627,0.00080585724208503962,0.00011124179582111537,-0.0029741902835667133,15.150196075439453,-2.142,B-,-0.0074066882862839252,-0.11762964779853771,0.11786260251911207,0.06284171677850818,0.000155,STABLE,STABLE,0,STABLE (Table VII caption),AGREE,1.723E-006,1.043E-007,1.000E-006,2.319E-008,0.0004
163,turning,-6.4910445213317871,377.60784912109375,10.58411979675293,-0.0034024068154394627,0.00080585724208503962,0.00011124179582111537,-0.0029741902835667133,15.150196075439453,-2.142,C+,-0.28421336245743162,4.5609001725617722,4.569746997315427,0.062194550950938295,0.999997,STABLE,STABLE,0,STABLE (Table VII caption),AGREE,1.294E-007,9.227E-008,1.062E-006,1.537E-006,0.0010
163,turning,-6.4910445213317871,377.60784912109375,10.58411979675293,-0.0034024068154394627,0.00080585724208503962,0.00011124179582111537,-0.0029741902835667133,15.150196075439453,-2.142,C-,-0.28421336245743162,-4.5609001725617722,4.569746997315427,0.062194550950938295,0.999997,STABLE,STABLE,0,STABLE (Table VII caption),AGREE,1.294E-007,9.227E-008,1.062E-006,1.537E-006,0.0010
163,turning,-6.4910445213317871,377.60784912109375,10.58411979675293,-0.0034024068154394627,0.00080585724208503962,0.00011124179582111537,-0.0029741902835667133,15.150196075439453,-2.142,D,-0.73666470647294369,0,0.73666470647294369,,0.999990,STABLE,STABLE,0,STABLE (Table VII caption),AGREE,1.027E-008,6.627E-009,1.000E-006,2.040E-007,0.0004
163,turning,-6.4910445213317871,377.60784912109375,10.58411979675293,-0.0034024068154394627,0.00080585724208503962,0.00011124179582111537,-0.0029741902835667133,15.150196075439453,-2.142,E,-3.4723990595599187E-05,0,3.4723990595599187E-05,,0.999495,STABLE,STABLE,0,STABLE (Table VII caption),AGREE,3.456E-009,1.566E-009,1.000E-006,1.732E-008,0.0002
164,turning,-6.4929928779602051,377.46319580078125,10.585788726806641,-0.0010887368116527796,0.0002576647384557873,1.135784805228468E-05,-0.00095079740276560187,15.161856651306154,-0.6844,A+,-0.21094825264307676,1.50459688965301,1.5193126622412778,0.13884453008631389,0.000015,STABLE,STABLE,0,STABLE (Table VII caption),AGREE,5.066E-006,3.521E-006,3.389E-005,1.052E-010,0.0011
164,turning,-6.4929928779602051,377.46319580078125,10.585788726806641,-0.0010887368116527796,0.0002576647384557873,1.135784805228468E-05,-0.00095079740276560187,15.161856651306154,-0.6844,A-,-0.21094825264307676,-1.50459688965301,1.5193126622412778,0.13884453008631389,0.000015,STABLE,STABLE,0,STABLE (Table VII caption),AGREE,5.066E-006,3.521E-006,3.389E-005,1.052E-010,0.0011
164,turning,-6.4929928779602051,377.46319580078125,10.585788726806641,-0.0010887368116527796,0.0002576647384557873,1.135784805228468E-05,-0.00095079740276560187,15.161856651306154,-0.6844,B+,-0.0074048956649342187,0.11767525760924877,0.11790800962280562,0.062802312486004111,0.000016,STABLE,STABLE,0,STABLE (Table VII caption),AGREE,1.718E-006,1.227E-007,1.000E-006,3.961E-010,0.0005
164,turning,-6.4929928779602051,377.46319580078125,10.585788726806641,-0.0010887368116527796,0.0002576647384557873,1.135784805228468E-05,-0.00095079740276560187,15.161856651306154,-0.6844,B-,-0.0074048956649342187,-0.11767525760924877,0.11790800962280562,0.062802312486004111,0.000016,STABLE,STABLE,0,STABLE (Table VII caption),AGREE,1.718E-006,1.227E-007,1.000E-006,3.961E-010,0.0005
164,turning,-6.4929928779602051,377.46319580078125,10.585788726806641,-0.0010887368116527796,0.0002576647384557873,1.135784805228468E-05,-0.00095079740276560187,15.161856651306154,-0.6844,C+,-0.28399408322110048,4.5577338155015514,4.5665731322591254,0.062189759146724977,1.000000,STABLE,STABLE,0,STABLE (Table VII caption),AGREE,9.396E-008,3.498E-008,1.000E-006,1.066E-009,0.0005
164,turning,-6.4929928779602051,377.46319580078125,10.585788726806641,-0.0010887368116527796,0.0002576647384557873,1.135784805228468E-05,-0.00095079740276560187,15.161856651306154,-0.6844,C-,-0.28399408322110048,-4.5577338155015514,4.5665731322591254,0.062189759146724977,1.000000,STABLE,STABLE,0,STABLE (Table VII caption),AGREE,9.396E-008,3.498E-008,1.000E-006,1.066E-009,0.0005
164,turning,-6.4929928779602051,377.46319580078125,10.585788726806641,-0.0010887368116527796,0.0002576647384557873,1.135784805228468E-05,-0.00095079740276560187,15.161856651306154,-0.6844,D,-0.73633805799208685,0,0.73633805799208685,,0.999999,STABLE,STABLE,0,STABLE (Table VII caption),AGREE,4.073E-008,2.913E-008,1.000E-006,2.320E-009,0.0005
164,turning,-6.4929928779602051,377.46319580078125,10.585788726806641,-0.0010887368116527796,0.0002576647384557873,1.135784805228468E-05,-0.00095079740276560187,15.161856651306154,-0.6844,E,-1.0546740700980142E-05,0,1.0546740700980142E-05,,0.999948,STABLE,STABLE,0,STABLE (Table VII caption),AGREE,2.132E-009,2.984E-010,1.000E-006,5.018E-011,0.0002
165,pitchfork,-6.4964056015014648,377.40000000000003,10.588798522949219,0,0,0,0,15.163782119750977,0,A+,-0.20946284774967922,1.5044305119466501,1.51894234579969,0.13790045970401965,0.000000,STABLE,STABLE,0,STABLE (Table VII caption),AGREE,5.105E-006,3.748E-007,4.116E-005,1.517E-003,0.0000
165,pitchfork,-6.4964056015014648,377.40000000000003,10.588798522949219,0,0,0,0,15.163782119750977,0,A-,-0.20946284774967922,-1.5044305119466501,1.51894234579969,0.13790045970401965,0.000000,STABLE,STABLE,0,STABLE (Table VII caption),AGREE,5.105E-006,3.748E-007,4.116E-005,1.517E-003,0.0000
165,pitchfork,-6.4964056015014648,377.40000000000003,10.588798522949219,0,0,0,0,15.163782119750977,0,B+,-0.0074212161429573487,0.11772705159616459,0.11796072705170349,0.062912600900675589,0.000000,STABLE,STABLE,0,STABLE (Table VII caption),AGREE,1.720E-006,1.095E-007,1.000E-006,5.295E-005,0.0000
165,pitchfork,-6.4964056015014648,377.40000000000003,10.588798522949219,0,0,0,0,15.163782119750977,0,B-,-0.0074212161429573487,-0.11772705159616459,0.11796072705170349,0.062912600900675589,0.000000,STABLE,STABLE,0,STABLE (Table VII caption),AGREE,1.720E-006,1.095E-007,1.000E-006,5.295E-005,0.0000
165,pitchfork,-6.4964056015014648,377.40000000000003,10.588798522949219,0,0,0,0,15.163782119750977,0,C+,-0.28389015325705858,4.55630234827637,4.5651379725069736,0.062186543970139535,1.000000,STABLE,STABLE,0,STABLE (Table VII caption),AGREE,3.549E-005,5.334E-006,1.948E-005,6.212E-004,0.0000
165,pitchfork,-6.4964056015014648,377.40000000000003,10.588798522949219,0,0,0,0,15.163782119750977,0,C-,-0.28389015325705858,-4.55630234827637,4.5651379725069736,0.062186543970139535,1.000000,STABLE,STABLE,0,STABLE (Table VII caption),AGREE,3.549E-005,5.334E-006,1.948E-005,6.212E-004,0.0000
165,pitchfork,-6.4964056015014648,377.40000000000003,10.588798522949219,0,0,0,0,15.163782119750977,0,D,-0.73594139879158038,0,0.73594139879158038,,1.000000,STABLE,STABLE,0,STABLE (Table VII caption),AGREE,1.845E-006,2.564E-007,1.845E-005,4.117E-004,0.0000
165,pitchfork,-6.4964056015014648,377.40000000000003,10.588798522949219,0,0,0,0,15.163782119750977,0,E,-3.0511566685229584E-05,0,3.0511566685229584E-05,,1.000000,STABLE,STABLE,0,STABLE (Table VII caption),AGREE,1.076E-006,1.602E-007,1.076E-005,4.046E-005,0.0000
166,turning,-6.491971492767334,377.52474975585938,10.584908485412598,0.0023162139113992453,-0.00054837350035086274,5.1472172344801947E-05,0.0020236803684383631,15.157129287719727,1.457,A+,-0.21140352657124462,1.5041533600977877,1.5189367273656345,0.13917862591807362,0.000067,STABLE,STABLE,0,STABLE (Table VII caption),AGREE,5.091E-006,1.920E-006,1.919E-005,3.912E-006,0.0014
166,turning,-6.491971492767334,377.52474975585938,10.584908485412598,0.0023162139113992453,-0.00054837350035086274,5.1472172344801947E-05,0.0020236803684383631,15.157129287719727,1.457,A-,-0.21140352657124462,-1.5041533600977877,1.5189367273656345,0.13917862591807362,0.000067,STABLE,STABLE,0,STABLE (Table VII caption),AGREE,5.091E-006,1.920E-006,1.919E-005,3.912E-006,0.0014
166,turning,-6.491971492767334,377.52474975585938,10.584908485412598,0.0023162139113992453,-0.00054837350035086274,5.1472172344801947E-05,0.0020236803684383631,15.157129287719727,1.457,B+,-0.0074043837014103955,0.11765346070593954,0.1178862235975085,0.062809575838909865,0.000072,STABLE,STABLE,0,STABLE (Table VII caption),AGREE,1.721E-006,1.026E-007,1.000E-006,2.417E-008,0.0006
166,turning,-6.491971492767334,377.52474975585938,10.584908485412598,0.0023162139113992453,-0.00054837350035086274,5.1472172344801947E-05,0.0020236803684383631,15.157129287719727,1.457,B-,-0.0074043837014103955,-0.11765346070593954,0.1178862235975085,0.062809575838909865,0.000072,STABLE,STABLE,0,STABLE (Table VII caption),AGREE,1.721E-006,1.026E-007,1.000E-006,2.417E-008,0.0006
166,turning,-6.491971492767334,377.52474975585938,10.584908485412598,0.0023162139113992453,-0.00054837350035086274,5.1472172344801947E-05,0.0020236803684383631,15.157129287719727,1.457,C+,-0.28409613006523704,4.5592326487598935,4.5680754105680217,0.06219164626923504,0.999999,STABLE,STABLE,0,STABLE (Table VII caption),AGREE,8.547E-008,1.104E-008,1.000E-006,1.236E-006,0.0010
166,turning,-6.491971492767334,377.52474975585938,10.584908485412598,0.0023162139113992453,-0.00054837350035086274,5.1472172344801947E-05,0.0020236803684383631,15.157129287719727,1.457,C-,-0.28409613006523704,-4.5592326487598935,4.5680754105680217,0.06219164626923504,0.999999,STABLE,STABLE,0,STABLE (Table VII caption),AGREE,8.547E-008,1.104E-008,1.000E-006,1.236E-006,0.0010
166,turning,-6.491971492767334,377.52474975585938,10.584908485412598,0.0023162139113992453,-0.00054837350035086274,5.1472172344801947E-05,0.0020236803684383631,15.157129287719727,1.457,D,-0.73648828096694507,0,0.73648828096694507,,0.999995,STABLE,STABLE,0,STABLE (Table VII caption),AGREE,1.513E-008,3.414E-009,1.000E-006,2.257E-007,0.0007
166,turning,-6.491971492767334,377.52474975585938,10.584908485412598,0.0023162139113992453,-0.00054837350035086274,5.1472172344801947E-05,0.0020236803684383631,15.157129287719727,1.457,E,-2.3091436329000532E-05,0,2.3091436329000532E-05,,0.999766,STABLE,STABLE,0,STABLE (Table VII caption),AGREE,5.966E-009,4.955E-009,1.000E-006,1.882E-008,0.0001
167,turning,-6.4899773597717285,377.73367309570313,10.583222389221191,0.0046233385801315308,-0.0010956055484712124,0.00020586185564752668,0.00404421566054225,15.139290809631349,2.914,A+,-0.21232617553221036,1.5022652969085362,1.5171959092720451,0.13994644609481255,0.000269,STABLE,STABLE,0,STABLE (Table VII caption),AGREE,4.420E-006,1.914E-006,4.201E-005,1.188E-006,0.0015
167,turning,-6.4899773597717285,377.73367309570313,10.583222389221191,0.0046233385801315308,-0.0010956055484712124,0.00020586185564752668,0.00404421566054225,15.139290809631349,2.914,A-,-0.21232617553221036,-1.5022652969085362,1.5171959092720451,0.13994644609481255,0.000269,STABLE,STABLE,0,STABLE (Table VII caption),AGREE,4.420E-006,1.914E-006,4.201E-005,1.188E-006,0.0015
167,turning,-6.4899773597717285,377.73367309570313,10.583222389221191,0.0046233385801315308,-0.0010956055484712124,0.00020586185564752668,0.00404421566054225,15.139290809631349,2.914,B+,-0.0074123694871070286,0.11759779011550059,0.11783116506876574,0.062906697755056584,0.000288,STABLE,STABLE,0,STABLE (Table VII caption),AGREE,1.712E-006,1.161E-007,1.000E-006,3.341E-008,0.0005
167,turning,-6.4899773597717285,377.73367309570313,10.583222389221191,0.0046233385801315308,-0.0010956055484712124,0.00020586185564752668,0.00404421566054225,15.139290809631349,2.914,B-,-0.0074123694871070286,-0.11759779011550059,0.11783116506876574,0.062906697755056584,0.000288,STABLE,STABLE,0,STABLE (Table VII caption),AGREE,1.712E-006,1.161E-007,1.000E-006,3.341E-008,0.0005
167,turning,-6.4899773597717285,377.73367309570313,10.583222389221191,0.0046233385801315308,-0.0010956055484712124,0.00020586185564752668,0.00404421566054225,15.139290809631349,2.914,C+,-0.28437574426867918,4.5631610337682584,4.5720135809104248,0.062199234371489213,0.999995,STABLE,STABLE,0,STABLE (Table VII caption),AGREE,1.038E-007,8.045E-008,1.000E-006,1.683E-006,0.0013
167,turning,-6.4899773597717285,377.73367309570313,10.583222389221191,0.0046233385801315308,-0.0010956055484712124,0.00020586185564752668,0.00404421566054225,15.139290809631349,2.914,C-,-0.28437574426867918,-4.5631610337682584,4.5720135809104248,0.062199234371489213,0.999995,STABLE,STABLE,0,STABLE (Table VII caption),AGREE,1.038E-007,8.045E-008,1.000E-006,1.683E-006,0.0013
167,turning,-6.4899773597717285,377.73367309570313,10.583222389221191,0.0046233385801315308,-0.0010956055484712124,0.00020586185564752668,0.00404421566054225,15.139290809631349,2.914,D,-0.7369123975016395,0,0.7369123975016395,,0.999981,STABLE,STABLE,0,STABLE (Table VII caption),AGREE,1.073E-008,4.708E-009,1.000E-006,2.599E-007,0.0006
167,turning,-6.4899773597717285,377.73367309570313,10.583222389221191,0.0046233385801315308,-0.0010956055484712124,0.00020586185564752668,0.00404421566054225,15.139290809631349,2.914,E,-4.8338416201693922E-05,0,4.8338416201693922E-05,,0.999064,STABLE,STABLE,0,STABLE (Table VII caption),AGREE,3.103E-009,1.601E-009,1.000E-006,1.611E-008,0.0002
168,turning,-6.4879035949707031,378.0643310546875,10.581502914428711,0.0069151711650192738,-0.0016406526556238532,0.00046310955076478422,0.0060587343759834766,15.109773635864256,4.371,A+,-0.21332532286322736,1.499000812815189,1.5141040684825127,0.1408921138934851,0.000608,STABLE,STABLE,0,STABLE (Table VII caption),AGREE,4.393E-006,3.147E-006,4.244E-005,1.416E-006,0.0024
168,turning,-6.4879035949707031,378.0643310546875,10.581502914428711,0.0069151711650192738,-0.0016406526556238532,0.00046310955076478422,0.0060587343759834766,15.109773635864256,4.371,A-,-0.21332532286322736,-1.499000812815189,1.5141040684825127,0.1408921138934851,0.000608,STABLE,STABLE,0,STABLE (Table VII caption),AGREE,4.393E-006,3.147E-006,4.244E-005,1.416E-006,0.0024
168,turning,-6.4879035949707031,378.0643310546875,10.581502914428711,0.0069151711650192738,-0.0016406526556238532,0.00046310955076478422,0.0060587343759834766,15.109773635864256,4.371,B+,-0.0074320489055734427,0.11752325577855205,0.11775801883407262,0.063112890138255454,0.000651,STABLE,STABLE,0,STABLE (Table VII caption),AGREE,1.713E-006,1.000E-007,1.000E-006,3.376E-008,0.0007
168,turning,-6.4879035949707031,378.0643310546875,10.581502914428711,0.0069151711650192738,-0.0016406526556238532,0.00046310955076478422,0.0060587343759834766,15.109773635864256,4.371,B-,-0.0074320489055734427,-0.11752325577855205,0.11775801883407262,0.063112890138255454,0.000651,STABLE,STABLE,0,STABLE (Table VII caption),AGREE,1.713E-006,1.000E-007,1.000E-006,3.376E-008,0.0007
168,turning,-6.4879035949707031,378.0643310546875,10.581502914428711,0.0069151711650192738,-0.0016406526556238532,0.00046310955076478422,0.0060587343759834766,15.109773635864256,4.371,C+,-0.28476947605048863,4.56853263494312,4.5773992715329515,0.062212068285474376,0.999989,STABLE,STABLE,0,STABLE (Table VII caption),AGREE,2.506E-007,1.965E-008,2.506E-006,2.366E-006,0.0018
168,turning,-6.4879035949707031,378.0643310546875,10.581502914428711,0.0069151711650192738,-0.0016406526556238532,0.00046310955076478422,0.0060587343759834766,15.109773635864256,4.371,C-,-0.28476947605048863,-4.56853263494312,4.5773992715329515,0.062212068285474376,0.999989,STABLE,STABLE,0,STABLE (Table VII caption),AGREE,2.506E-007,1.965E-008,2.506E-006,2.366E-006,0.0018
168,turning,-6.4879035949707031,378.0643310546875,10.581502914428711,0.0069151711650192738,-0.0016406526556238532,0.00046310955076478422,0.0060587343759834766,15.109773635864256,4.371,D,-0.7375217898147457,0,0.7375217898147457,,0.999957,STABLE,STABLE,0,STABLE (Table VII caption),AGREE,1.957E-008,5.352E-009,1.000E-006,2.913E-007,0.0008
168,turning,-6.4879035949707031,378.0643310546875,10.581502914428711,0.0069151711650192738,-0.0016406526556238532,0.00046310955076478422,0.0060587343759834766,15.109773635864256,4.371,E,-7.5400055533585492E-05,0,7.5400055533585492E-05,,0.997891,STABLE,STABLE,0,STABLE (Table VII caption),AGREE,5.207E-010,4.871E-010,1.000E-006,2.263E-008,0.0002
169,turning,-6.4857621192932129,378.51760864257813,10.579747200012207,0.0091855563223361969,-0.0021824645809829235,0.00082313036546111107,0.00806436687707901,15.06854248046875,5.828,A+,-0.21441101614450714,1.4943502872447341,1.5096538890860181,0.14202660470362308,0.001085,STABLE,STABLE,0,STABLE (Table VII caption),AGREE,4.219E-006,6.313E-007,4.171E-005,3.411E-006,0.0034
169,turning,-6.4857621192932129,378.51760864257813,10.579747200012207,0.0091855563223361969,-0.0021824645809829235,0.00082313036546111107,0.00806436687707901,15.06854248046875,5.828,A-,-0.21441101614450714,-1.4943502872447341,1.5096538890860181,0.14202660470362308,0.001085,STABLE,STABLE,0,STABLE (Table VII caption),AGREE,4.219E-006,6.313E-007,4.171E-005,3.411E-006,0.0034
169,turning,-6.4857621192932129,378.51760864257813,10.579747200012207,0.0091855563223361969,-0.0021824645809829235,0.00082313036546111107,0.00806436687707901,15.06854248046875,5.828,B+,-0.0074632274189800635,0.11743023115514378,0.11766715324447141,0.063426599634598735,0.001163,STABLE,STABLE,0,STABLE (Table VII caption),AGREE,1.702E-006,1.111E-007,1.000E-006,6.061E-008,0.0008
169,turning,-6.4857621192932129,378.51760864257813,10.579747200012207,0.0091855563223361969,-0.0021824645809829235,0.00082313036546111107,0.00806436687707901,15.06854248046875,5.828,B-,-0.0074632274189800635,-0.11743023115514378,0.11766715324447141,0.063426599634598735,0.001163,STABLE,STABLE,0,STABLE (Table VII caption),AGREE,1.702E-006,1.111E-007,1.000E-006,6.061E-008,0.0008
169,turning,-6.4857621192932129,378.51760864257813,10.579747200012207,0.0091855563223361969,-0.0021824645809829235,0.00082313036546111107,0.00806436687707901,15.06854248046875,5.828,C+,-0.28527789106405682,4.5753562050459946,4.58424125436073,0.062230121678846645,0.999980,STABLE,STABLE,0,STABLE (Table VII caption),AGREE,1.285E-007,9.414E-008,1.219E-006,2.737E-006,0.0022
169,turning,-6.4857621192932129,378.51760864257813,10.579747200012207,0.0091855563223361969,-0.0021824645809829235,0.00082313036546111107,0.00806436687707901,15.06854248046875,5.828,C-,-0.28527789106405682,-4.5753562050459946,4.58424125436073,0.062230121678846645,0.999980,STABLE,STABLE,0,STABLE (Table VII caption),AGREE,1.285E-007,9.414E-008,1.219E-006,2.737E-006,0.0022
169,turning,-6.4857621192932129,378.51760864257813,10.579747200012207,0.0091855563223361969,-0.0021824645809829235,0.00082313036546111107,0.00806436687707901,15.06854248046875,5.828,D,-0.738318994096571,0,0.738318994096571,,0.999923,STABLE,STABLE,0,STABLE (Table VII caption),AGREE,2.359E-008,1.791E-008,1.000E-006,3.477E-007,0.0011
169,turning,-6.4857621192932129,378.51760864257813,10.579747200012207,0.0091855563223361969,-0.0021824645809829235,0.00082313036546111107,0.00806436687707901,15.06854248046875,5.828,E,-0.00010414192657063995,0,0.00010414192657063995,,0.996243,STABLE,STABLE,0,STABLE (Table VII caption),AGREE,1.309E-009,5.246E-009,1.000E-006,2.001E-008,0.0002
170,turning,-6.4835610389709473,379.09426879882813,10.577951431274414,0.011426865123212337,-0.0027196137234568596,0.0012854620581492782,0.010056883096694946,15.015588760375975,7.284,A+,-0.21558210183741361,1.4883055333705466,1.5038380907843849,0.14335459592260255,0.001703,STABLE,STABLE,0,STABLE (Table VII caption),AGREE,5.150E-007,1.031E-006,1.011E-005,2.529E-006,0.0044
170,turning,-6.4835610389709473,379.09426879882813,10.577951431274414,0.011426865123212337,-0.0027196137234568596,0.0012854620581492782,0.010056883096694946,15.015588760375975,7.284,A-,-0.21558210183741361,-1.4883055333705466,1.5038380907843849,0.14335459592260255,0.001703,STABLE,STABLE,0,STABLE (Table VII caption),AGREE,5.150E-007,1.031E-006,1.011E-005,2.529E-006,0.0044
170,turning,-6.4835610389709473,379.09426879882813,10.577951431274414,0.011426865123212337,-0.0027196137234568596,0.0012854620581492782,0.010056883096694946,15.015588760375975,7.284,B+,-0.0075056213765950274,0.1173192531911311,0.11755909799574647,0.063845516889442247,0.001827,STABLE,STABLE,0,STABLE (Table VII caption),AGREE,1.683E-006,1.044E-007,1.000E-006,4.460E-008,0.0010
170,turning,-6.4835610389709473,379.09426879882813,10.577951431274414,0.011426865123212337,-0.0027196137234568596,0.0012854620581492782,0.010056883096694946,15.015588760375975,7.284,B-,-0.0075056213765950274,-0.1173192531911311,0.11755909799574647,0.063845516889442247,0.001827,STABLE,STABLE,0,STABLE (Table VII caption),AGREE,1.683E-006,1.044E-007,1.000E-006,4.460E-008,0.0010
170,turning,-6.4835610389709473,379.09426879882813,10.577951431274414,0.011426865123212337,-0.0027196137234568596,0.0012854620581492782,0.010056883096694946,15.015588760375975,7.284,C+,-0.28590143674430857,4.5836383748999872,4.5925461765112665,0.062253361372077473,0.999969,STABLE,STABLE,0,STABLE (Table VII caption),AGREE,2.324E-007,8.685E-008,2.305E-006,3.093E-006,0.0027
170,turning,-6.4835610389709473,379.09426879882813,10.577951431274414,0.011426865123212337,-0.0027196137234568596,0.0012854620581492782,0.010056883096694946,15.015588760375975,7.284,C-,-0.28590143674430857,-4.5836383748999872,4.5925461765112665,0.062253361372077473,0.999969,STABLE,STABLE,0,STABLE (Table VII caption),AGREE,2.324E-007,8.685E-008,2.305E-006,3.093E-006,0.0027
170,turning,-6.4835610389709473,379.09426879882813,10.577951431274414,0.011426865123212337,-0.0027196137234568596,0.0012854620581492782,0.010056883096694946,15.015588760375975,7.284,D,-0.73930653027912674,0,0.73930653027912674,,0.999881,STABLE,STABLE,0,STABLE (Table VII caption),AGREE,1.057E-008,1.840E-008,1.000E-006,3.930E-007,0.0013
170,turning,-6.4835610389709473,379.09426879882813,10.577951431274414,0.011426865123212337,-0.0027196137234568596,0.0012854620581492782,0.010056883096694946,15.015588760375975,7.284,E,-0.00013461968313850978,0,0.00013461968313850978,,0.994116,STABLE,STABLE,0,STABLE (Table VII caption),AGREE,5.847E-009,6.679E-010,1.000E-006,2.253E-008,0.0003
171,turning,-6.4813032150268555,379.79620361328125,10.576105117797852,0.013634646311402321,-0.003251401474699378,0.0018501832382753491,0.012034803628921509,14.95081901550293,8.74,A+,-0.21684633956511645,1.4808458569374281,1.4966384957602605,0.14488892286240648,0.002468,STABLE,STABLE,0,STABLE (Table VII caption),AGREE,4.253E-006,2.698E-006,4.221E-005,2.926E-006,0.0055
171,turning,-6.4813032150268555,379.79620361328125,10.576105117797852,0.013634646311402321,-0.003251401474699378,0.0018501832382753491,0.012034803628921509,14.95081901550293,8.74,A-,-0.21684633956511645,-1.4808458569374281,1.4966384957602605,0.14488892286240648,0.002468,STABLE,STABLE,0,STABLE (Table VII caption),AGREE,4.253E-006,2.698E-006,4.221E-005,2.926E-006,0.0055
171,turning,-6.4813032150268555,379.79620361328125,10.576105117797852,0.013634646311402321,-0.003251401474699378,0.0018501832382753491,0.012034803628921509,14.95081901550293,8.74,B+,-0.00755884888976085,0.11719079960139805,0.11743432082552901,0.064366607961150943,0.002648,STABLE,STABLE,0,STABLE (Table VII caption),AGREE,1.664E-006,1.017E-007,1.000E-006,5.412E-008,0.0012
171,turning,-6.4813032150268555,379.79620361328125,10.576105117797852,0.013634646311402321,-0.003251401474699378,0.0018501832382753491,0.012034803628921509,14.95081901550293,8.74,B-,-0.00755884888976085,-0.11719079960139805,0.11743432082552901,0.064366607961150943,0.002648,STABLE,STABLE,0,STABLE (Table VII caption),AGREE,1.664E-006,1.017E-007,1.000E-006,5.412E-008,0.0012
171,turning,-6.4813032150268555,379.79620361328125,10.576105117797852,0.013634646311402321,-0.003251401474699378,0.0018501832382753491,0.012034803628921509,14.95081901550293,8.74,C+,-0.28664134317621054,4.59340164421738,4.6023365722985528,0.062281699452730981,0.999956,STABLE,STABLE,0,STABLE (Table VII caption),AGREE,2.333E-007,1.582E-007,2.282E-006,3.790E-006,0.0032
171,turning,-6.4813032150268555,379.79620361328125,10.576105117797852,0.013634646311402321,-0.003251401474699378,0.0018501832382753491,0.012034803628921509,14.95081901550293,8.74,C-,-0.28664134317621054,-4.59340164421738,4.6023365722985528,0.062281699452730981,0.999956,STABLE,STABLE,0,STABLE (Table VII caption),AGREE,2.333E-007,1.582E-007,2.282E-006,3.790E-006,0.0032
171,turning,-6.4813032150268555,379.79620361328125,10.576105117797852,0.013634646311402321,-0.003251401474699378,0.0018501832382753491,0.012034803628921509,14.95081901550293,8.74,D,-0.7404897518719511,0,0.7404897518719511,,0.999829,STABLE,STABLE,0,STABLE (Table VII caption),AGREE,2.395E-008,1.424E-008,1.000E-006,4.508E-007,0.0016
171,turning,-6.4813032150268555,379.79620361328125,10.576105117797852,0.013634646311402321,-0.003251401474699378,0.0018501832382753491,0.012034803628921509,14.95081901550293,8.74,E,-0.00016703890115798829,0,0.00016703890115798829,,0.991504,STABLE,STABLE,0,STABLE (Table VII caption),AGREE,5.933E-009,2.476E-009,1.000E-006,1.671E-008,0.0003
172,turning,-6.4789834022521973,380.62783813476563,10.574189186096191,0.015808846801519394,-0.0037781680002808571,0.0025191113818436861,0.014000632800161839,14.87392044067383,10.2,A+,-0.21821584258378468,1.4719212116177038,1.4880088061448697,0.14664956395596734,0.003389,STABLE,STABLE,0,STABLE (Table VII caption),AGREE,7.190E-006,1.144E-006,7.164E-005,3.487E-005,0.0065
172,turning,-6.4789834022521973,380.62783813476563,10.574189186096191,0.015808846801519394,-0.0037781680002808571,0.0025191113818436861,0.014000632800161839,14.87392044067383,10.2,A-,-0.21821584258378468,-1.4719212116177038,1.4880088061448697,0.14664956395596734,0.003389,STABLE,STABLE,0,STABLE (Table VII caption),AGREE,7.190E-006,1.144E-006,7.164E-005,3.487E-005,0.0065
172,turning,-6.4789834022521973,380.62783813476563,10.574189186096191,0.015808846801519394,-0.0037781680002808571,0.0025191113818436861,0.014000632800161839,14.87392044067383,10.2,B+,-0.0076225692942406154,0.11704510358128395,0.11729305109425275,0.064987390328139522,0.003632,STABLE,STABLE,0,STABLE (Table VII caption),AGREE,1.643E-006,1.082E-007,1.000E-006,5.808E-007,0.0014
172,turning,-6.4789834022521973,380.62783813476563,10.574189186096191,0.015808846801519394,-0.0037781680002808571,0.0025191113818436861,0.014000632800161839,14.87392044067383,10.2,B-,-0.0076225692942406154,-0.11704510358128395,0.11729305109425275,0.064987390328139522,0.003632,STABLE,STABLE,0,STABLE (Table VII caption),AGREE,1.643E-006,1.082E-007,1.000E-006,5.808E-007,0.0014
172,turning,-6.4789834022521973,380.62783813476563,10.574189186096191,0.015808846801519394,-0.0037781680002808571,0.0025191113818436861,0.014000632800161839,14.87392044067383,10.2,C+,-0.2875017664847882,4.6047015969867617,4.6136681786864893,0.062315224101495724,0.999941,STABLE,STABLE,0,STABLE (Table VII caption),AGREE,4.451E-007,2.022E-007,4.448E-006,4.157E-005,0.0036
172,turning,-6.4789834022521973,380.62783813476563,10.574189186096191,0.015808846801519394,-0.0037781680002808571,0.0025191113818436861,0.014000632800161839,14.87392044067383,10.2,C-,-0.2875017664847882,-4.6047015969867617,4.6136681786864893,0.062315224101495724,0.999941,STABLE,STABLE,0,STABLE (Table VII caption),AGREE,4.451E-007,2.022E-007,4.448E-006,4.157E-005,0.0036
172,turning,-6.4789834022521973,380.62783813476563,10.574189186096191,0.015808846801519394,-0.0037781680002808571,0.0025191113818436861,0.014000632800161839,14.87392044067383,10.2,D,-0.74187855958306714,0,0.74187855958306714,,0.999769,STABLE,STABLE,0,STABLE (Table VII caption),AGREE,2.605E-008,4.514E-009,1.000E-006,5.246E-006,0.0019
172,turning,-6.4789834022521973,380.62783813476563,10.574189186096191,0.015808846801519394,-0.0037781680002808571,0.0025191113818436861,0.014000632800161839,14.87392044067383,10.2,E,-0.00020187027925600164,0,0.00020187027925600164,,0.988390,STABLE,STABLE,0,STABLE (Table VII caption),AGREE,1.210E-008,2.478E-009,1.000E-006,1.451E-007,0.0003
173,turning,-6.4766225814819336,381.58282470703125,10.572208404541016,0.017923017963767052,-0.0042937956750392914,0.003285024082288146,0.015932787209749222,14.785601615905763,11.65,A+,-0.21968638536089374,1.4615972654224425,1.4780151129820347,0.1486360886511206,0.004462,STABLE,STABLE,0,STABLE (Table VII caption),AGREE,1.060E-005,4.903E-006,4.891E-005,3.990E-005,0.0076
173,turning,-6.4766225814819336,381.58282470703125,10.572208404541016,0.017923017963767052,-0.0042937956750392914,0.003285024082288146,0.015932787209749222,14.785601615905763,11.65,A-,-0.21968638536089374,-1.4615972654224425,1.4780151129820347,0.1486360886511206,0.004462,STABLE,STABLE,0,STABLE (Table VII caption),AGREE,1.060E-005,4.903E-006,4.891E-005,3.990E-005,0.0076
173,turning,-6.4766225814819336,381.58282470703125,10.572208404541016,0.017923017963767052,-0.0042937956750392914,0.003285024082288146,0.015932787209749222,14.785601615905763,11.65,B+,-0.0076954763157776477,0.1168844413801404,0.11713749609955888,0.065696097082671268,0.004774,STABLE,STABLE,0,STABLE (Table VII caption),AGREE,1.618E-006,1.223E-007,1.000E-006,6.594E-007,0.0015
173,turning,-6.4766225814819336,381.58282470703125,10.572208404541016,0.017923017963767052,-0.0042937956750392914,0.003285024082288146,0.015932787209749222,14.785601615905763,11.65,B-,-0.0076954763157776477,-0.1168844413801404,0.11713749609955888,0.065696097082671268,0.004774,STABLE,STABLE,0,STABLE (Table VII caption),AGREE,1.618E-006,1.223E-007,1.000E-006,6.594E-007,0.0015
173,turning,-6.4766225814819336,381.58282470703125,10.572208404541016,0.017923017963767052,-0.0042937956750392914,0.003285024082288146,0.015932787209749222,14.785601615905763,11.65,C+,-0.28847534168177946,4.61744867858981,4.6264511585197994,0.062353482571741906,0.999924,STABLE,STABLE,0,STABLE (Table VII caption),AGREE,7.629E-008,2.018E-007,2.015E-006,4.705E-005,0.0041
173,turning,-6.4766225814819336,381.58282470703125,10.572208404541016,0.017923017963767052,-0.0042937956750392914,0.003285024082288146,0.015932787209749222,14.785601615905763,11.65,C-,-0.28847534168177946,-4.61744867858981,4.6264511585197994,0.062353482571741906,0.999924,STABLE,STABLE,0,STABLE (Table VII caption),AGREE,7.629E-008,2.018E-007,2.015E-006,4.705E-005,0.0041
173,turning,-6.4766225814819336,381.58282470703125,10.572208404541016,0.017923017963767052,-0.0042937956750392914,0.003285024082288146,0.015932787209749222,14.785601615905763,11.65,D,-0.74346522979576268,0,0.74346522979576268,,0.999701,STABLE,STABLE,0,STABLE (Table VII caption),AGREE,5.462E-008,1.509E-008,1.000E-006,5.865E-006,0.0021
173,turning,-6.4766225814819336,381.58282470703125,10.572208404541016,0.017923017963767052,-0.0042937956750392914,0.003285024082288146,0.015932787209749222,14.785601615905763,11.65,E,-0.00023930482276373187,0,0.00023930482276373187,,0.984796,STABLE,STABLE,0,STABLE (Table VII caption),AGREE,9.943E-009,3.388E-009,1.000E-006,1.343E-007,0.0003
174,turning,-6.438697338104248,407.60311889648438,10.522223472595215,0.038805078715085983,-0.00972409825772047,0.022259164601564407,0.037879213690757751,12.479973793029785,30.44,A+,-0.2594777701228338,1.1716885579775855,1.2000761601179786,0.21621775246108108,0.042875,STABLE,STABLE,0,STABLE (Table VII caption),AGREE,1.175E-004,7.719E-006,3.913E-005,1.276E-004,0.2150
174,turning,-6.438697338104248,407.60311889648438,10.522223472595215,0.038805078715085983,-0.00972409825772047,0.022259164601564407,0.037879213690757751,12.479973793029785,30.44,A-,-0.2594777701228338,-1.1716885579775855,1.2000761601179786,0.21621775246108108,0.042875,STABLE,STABLE,0,STABLE (Table VII caption),AGREE,1.175E-004,7.719E-006,3.913E-005,1.276E-004,0.2150
174,turning,-6.438697338104248,407.60311889648438,10.522223472595215,0.038805078715085983,-0.00972409825772047,0.022259164601564407,0.037879213690757751,12.479973793029785,30.44,B+,-0.0089599065085309952,0.11385670023815722,0.1142087041943967,0.078452045942839665,0.039962,STABLE,STABLE,0,STABLE (Table VII caption),AGREE,1.245E-006,8.724E-008,2.984E-006,9.424E-007,0.0280
174,turning,-6.438697338104248,407.60311889648438,10.522223472595215,0.038805078715085983,-0.00972409825772047,0.022259164601564407,0.037879213690757751,12.479973793029785,30.44,B-,-0.0089599065085309952,-0.11385670023815722,0.1142087041943967,0.078452045942839665,0.039962,STABLE,STABLE,0,STABLE (Table VII caption),AGREE,1.245E-006,8.724E-008,2.984E-006,9.424E-007,0.0280
174,turning,-6.438697338104248,407.60311889648438,10.522223472595215,0.038805078715085983,-0.00972409825772047,0.022259164601564407,0.037879213690757751,12.479973793029785,30.44,C+,-0.31335336908502853,4.9441953684381108,4.9541152767372907,0.063251125898588,0.999585,STABLE,STABLE,0,STABLE (Table VII caption),AGREE,1.030E-006,5.479E-007,9.836E-006,1.365E-004,0.1038
174,turning,-6.438697338104248,407.60311889648438,10.522223472595215,0.038805078715085983,-0.00972409825772047,0.022259164601564407,0.037879213690757751,12.479973793029785,30.44,C-,-0.31335336908502853,-4.9441953684381108,4.9541152767372907,0.063251125898588,0.999585,STABLE,STABLE,0,STABLE (Table VII caption),AGREE,1.030E-006,5.479E-007,9.836E-006,1.365E-004,0.1038
174,turning,-6.438697338104248,407.60311889648438,10.522223472595215,0.038805078715085983,-0.00972409825772047,0.022259164601564407,0.037879213690757751,12.479973793029785,30.44,D,-0.78903312154641,0,0.78903312154641,,0.998326,STABLE,STABLE,0,STABLE (Table VII caption),AGREE,5.100E-008,1.731E-008,1.000E-006,2.089E-005,0.0613
174,turning,-6.438697338104248,407.60311889648438,10.522223472595215,0.038805078715085983,-0.00972409825772047,0.022259164601564407,0.037879213690757751,12.479973793029785,30.44,E,-0.0012557977766495532,0,0.0012557977766495532,,0.885210,STABLE,STABLE,0,STABLE (Table VII caption),AGREE,6.012E-008,3.641E-008,1.000E-006,3.833E-007,0.0087
176,turning,-6.432283878326416,414.38064575195313,10.504886627197266,0.040531929582357407,-0.010224796831607819,0.026599779725074768,0.040494292974472046,11.916898727416992,33.3,A+,-0.2726167961125765,1.0952772419668912,1.1286948898144644,0.241532763701437,0.057613,STABLE,STABLE,0,STABLE (Table VII caption),AGREE,1.481E-004,1.017E-005,2.307E-005,1.471E-004,0.0713
176,turning,-6.432283878326416,414.38064575195313,10.504886627197266,0.040531929582357407,-0.010224796831607819,0.026599779725074768,0.040494292974472046,11.916898727416992,33.3,A-,-0.2726167961125765,-1.0952772419668912,1.1286948898144644,0.241532763701437,0.057613,STABLE,STABLE,0,STABLE (Table VII caption),AGREE,1.481E-004,1.017E-005,2.307E-005,1.471E-004,0.0713
176,turning,-6.432283878326416,414.38064575195313,10.504886627197266,0.040531929582357407,-0.010224796831607819,0.026599779725074768,0.040494292974472046,11.916898727416992,33.3,B+,-0.00905807858010678,0.11334413993130693,0.11370550929630048,0.079662618251000544,0.050510,STABLE,STABLE,0,STABLE (Table VII caption),AGREE,1.250E-006,7.008E-008,3.917E-006,9.133E-007,0.0046
176,turning,-6.432283878326416,414.38064575195313,10.504886627197266,0.040531929582357407,-0.010224796831607819,0.026599779725074768,0.040494292974472046,11.916898727416992,33.3,B-,-0.00905807858010678,-0.11334413993130693,0.11370550929630048,0.079662618251000544,0.050510,STABLE,STABLE,0,STABLE (Table VII caption),AGREE,1.250E-006,7.008E-008,3.917E-006,9.133E-007,0.0046
176,turning,-6.432283878326416,414.38064575195313,10.504886627197266,0.040531929582357407,-0.010224796831607819,0.026599779725074768,0.040494292974472046,11.916898727416992,33.3,C+,-0.31960183033059059,5.0274138018452685,5.0375623931555387,0.063443746277927759,0.999529,STABLE,STABLE,0,STABLE (Table VII caption),AGREE,6.520E-007,5.330E-007,4.388E-006,1.561E-004,0.0221
176,turning,-6.432283878326416,414.38064575195313,10.504886627197266,0.040531929582357407,-0.010224796831607819,0.026599779725074768,0.040494292974472046,11.916898727416992,33.3,C-,-0.31960183033059059,-5.0274138018452685,5.0375623931555387,0.063443746277927759,0.999529,STABLE,STABLE,0,STABLE (Table VII caption),AGREE,6.520E-007,5.330E-007,4.388E-006,1.561E-004,0.0221
176,turning,-6.432283878326416,414.38064575195313,10.504886627197266,0.040531929582357407,-0.010224796831607819,0.026599779725074768,0.040494292974472046,11.916898727416992,33.3,D,-0.80205284250068076,0,0.80205284250068076,,0.998087,STABLE,STABLE,0,STABLE (Table VII caption),AGREE,5.291E-008,7.521E-008,1.000E-006,2.518E-005,0.0165
176,turning,-6.432283878326416,414.38064575195313,10.504886627197266,0.040531929582357407,-0.010224796831607819,0.026599779725074768,0.040494292974472046,11.916898727416992,33.3,E,-0.0014175124396184325,0,0.0014175124396184325,,0.858544,STABLE,STABLE,0,STABLE (Table VII caption),AGREE,1.699E-007,5.380E-008,1.699E-006,1.787E-007,0.0014
177,turning,-6.42933464050293,418.143798828125,10.494231224060059,0.041215885430574417,-0.01042733620852232,0.028911883011460304,0.041707385331392288,11.611028671264648,34.73,A+,-0.28057807207519825,1.0529127428352214,1.0896555871256863,0.25749243650033704,0.067141,STABLE,STABLE,0,STABLE (Table VII caption),AGREE,1.668E-004,1.040E-005,3.623E-005,1.561E-004,0.0424
177,turning,-6.42933464050293,418.143798828125,10.494231224060059,0.041215885430574417,-0.01042733620852232,0.028911883011460304,0.041707385331392288,11.611028671264648,34.73,A-,-0.28057807207519825,-1.0529127428352214,1.0896555871256863,0.25749243650033704,0.067141,STABLE,STABLE,0,STABLE (Table VII caption),AGREE,1.668E-004,1.040E-005,3.623E-005,1.561E-004,0.0424
177,turning,-6.42933464050293,418.143798828125,10.494231224060059,0.041215885430574417,-0.01042733620852232,0.028911883011460304,0.041707385331392288,11.611028671264648,34.73,B+,-0.0090786240293733462,0.11309113509959125,0.11345495252469465,0.080019636228725141,0.056620,STABLE,STABLE,0,STABLE (Table VII caption),AGREE,1.251E-006,1.059E-007,4.045E-006,9.004E-007,0.0022
177,turning,-6.42933464050293,418.143798828125,10.494231224060059,0.041215885430574417,-0.01042733620852232,0.028911883011460304,0.041707385331392288,11.611028671264648,34.73,B-,-0.0090786240293733462,-0.11309113509959125,0.11345495252469465,0.080019636228725141,0.056620,STABLE,STABLE,0,STABLE (Table VII caption),AGREE,1.251E-006,1.059E-007,4.045E-006,9.004E-007,0.0022
177,turning,-6.42933464050293,418.143798828125,10.494231224060059,0.041215885430574417,-0.01042733620852232,0.028911883011460304,0.041707385331392288,11.611028671264648,34.73,C+,-0.32304483332863709,5.0734891213157631,5.0837633529158026,0.0635444277994085,0.999502,STABLE,STABLE,0,STABLE (Table VII caption),AGREE,1.990E-006,9.738E-007,2.198E-006,1.671E-004,0.0117
177,turning,-6.42933464050293,418.143798828125,10.494231224060059,0.041215885430574417,-0.01042733620852232,0.028911883011460304,0.041707385331392288,11.611028671264648,34.73,C-,-0.32304483332863709,-5.0734891213157631,5.0837633529158026,0.0635444277994085,0.999502,STABLE,STABLE,0,STABLE (Table VII caption),AGREE,1.990E-006,9.738E-007,2.198E-006,1.671E-004,0.0117
177,turning,-6.42933464050293,418.143798828125,10.494231224060059,0.041215885430574417,-0.01042733620852232,0.028911883011460304,0.041707385331392288,11.611028671264648,34.73,D,-0.80952144218771127,0,0.80952144218771127,,0.997968,STABLE,STABLE,0,STABLE (Table VII caption),AGREE,1.224E-007,4.353E-008,1.224E-006,2.748E-005,0.0093
177,turning,-6.42933464050293,418.143798828125,10.494231224060059,0.041215885430574417,-0.01042733620852232,0.028911883011460304,0.041707385331392288,11.611028671264648,34.73,E,-0.0014411892617789068,0,0.0014411892617789068,,0.843400,STABLE,STABLE,0,STABLE (Table VII caption),AGREE,4.177E-007,8.971E-008,4.177E-006,4.287E-008,0.0002
178,turning,-6.4267091751098633,422.15231323242188,10.482047080993652,0.041771221905946732,-0.010593564249575138,0.031300980597734451,0.042845766991376877,11.290501594543457,36.15,A+,-0.2895951387489003,1.0079246233912094,1.0487027180403921,0.27614607435178423,0.078559,STABLE,STABLE,0,STABLE (Table VII caption),AGREE,1.864E-004,1.311E-005,3.623E-005,1.674E-004,0.0469
178,turning,-6.4267091751098633,422.15231323242188,10.482047080993652,0.041771221905946732,-0.010593564249575138,0.031300980597734451,0.042845766991376877,11.290501594543457,36.15,A-,-0.2895951387489003,-1.0079246233912094,1.0487027180403921,0.27614607435178423,0.078559,STABLE,STABLE,0,STABLE (Table VII caption),AGREE,1.864E-004,1.311E-005,3.623E-005,1.674E-004,0.0469
178,turning,-6.4267091751098633,422.15231323242188,10.482047080993652,0.041771221905946732,-0.010593564249575138,0.031300980597734451,0.042845766991376877,11.290501594543457,36.15,B+,-0.00907682406896556,0.11284176996688269,0.11320624445867737,0.08017953525769321,0.063320,STABLE,STABLE,0,STABLE (Table VII caption),AGREE,1.316E-006,8.061E-008,4.937E-006,8.799E-007,0.0022
178,turning,-6.4267091751098633,422.15231323242188,10.482047080993652,0.041771221905946732,-0.010593564249575138,0.031300980597734451,0.042845766991376877,11.290501594543457,36.15,B-,-0.00907682406896556,-0.11284176996688269,0.11320624445867737,0.08017953525769321,0.063320,STABLE,STABLE,0,STABLE (Table VII caption),AGREE,1.316E-006,8.061E-008,4.937E-006,8.799E-007,0.0022
178,turning,-6.4267091751098633,422.15231323242188,10.482047080993652,0.041771221905946732,-0.010593564249575138,0.031300980597734451,0.042845766991376877,11.290501594543457,36.15,C+,-0.32669373009468294,5.1224842201565561,5.1328913274134393,0.063647116070799425,0.999476,STABLE,STABLE,0,STABLE (Table VII caption),AGREE,7.442E-007,7.968E-007,4.173E-006,1.783E-004,0.0122
178,turning,-6.4267091751098633,422.15231323242188,10.482047080993652,0.041771221905946732,-0.010593564249575138,0.031300980597734451,0.042845766991376877,11.290501594543457,36.15,C-,-0.32669373009468294,-5.1224842201565561,5.1328913274134393,0.063647116070799425,0.999476,STABLE,STABLE,0,STABLE (Table VII caption),AGREE,7.442E-007,7.968E-007,4.173E-006,1.783E-004,0.0122
178,turning,-6.4267091751098633,422.15231323242188,10.482047080993652,0.041771221905946732,-0.010593564249575138,0.031300980597734451,0.042845766991376877,11.290501594543457,36.15,D,-0.81767571392472271,0,0.81767571392472271,,0.997852,STABLE,STABLE,0,STABLE (Table VII caption),AGREE,1.709E-007,8.160E-008,1.709E-006,3.004E-005,0.0101
178,turning,-6.4267091751098633,422.15231323242188,10.482047080993652,0.041771221905946732,-0.010593564249575138,0.031300980597734451,0.042845766991376877,11.290501594543457,36.15,E,-0.0013936675647820778,0,0.0013936675647820778,,0.826881,STABLE,STABLE,0,STABLE (Table VII caption),AGREE,5.624E-007,1.250E-007,5.624E-006,3.299E-007,0.0004
179,turning,-6.4245109558105469,426.45315551757813,10.46800708770752,0.042199116200208664,-0.010722269304096699,0.033782593905925751,0.043915141373872757,10.952631950378418,37.570000000000007,A+,-0.29991016536836157,0.95991087885414261,1.0056714188211826,0.29821884141831051,0.092491,STABLE,STABLE,0,STABLE (Table VII caption),AGREE,2.089E-004,1.490E-005,4.783E-005,1.809E-004,0.0524
179,turning,-6.4245109558105469,426.45315551757813,10.46800708770752,0.042199116200208664,-0.010722269304096699,0.033782593905925751,0.043915141373872757,10.952631950378418,37.570000000000007,A-,-0.29991016536836157,-0.95991087885414261,1.0056714188211826,0.29821884141831051,0.092491,STABLE,STABLE,0,STABLE (Table VII caption),AGREE,2.089E-004,1.490E-005,4.783E-005,1.809E-004,0.0524
179,turning,-6.4245109558105469,426.45315551757813,10.46800708770752,0.042199116200208664,-0.010722269304096699,0.033782593905925751,0.043915141373872757,10.952631950378418,37.570000000000007,B+,-0.00905105547449507,0.11259326578533627,0.11295647438464854,0.080128700225484045,0.070727,STABLE,STABLE,0,STABLE (Table VII caption),AGREE,1.387E-006,9.768E-008,5.541E-006,8.853E-007,0.0022
179,turning,-6.4245109558105469,426.45315551757813,10.46800708770752,0.042199116200208664,-0.010722269304096699,0.033782593905925751,0.043915141373872757,10.952631950378418,37.570000000000007,B-,-0.00905105547449507,-0.11259326578533627,0.11295647438464854,0.080128700225484045,0.070727,STABLE,STABLE,0,STABLE (Table VII caption),AGREE,1.387E-006,9.768E-008,5.541E-006,8.853E-007,0.0022
179,turning,-6.4245109558105469,426.45315551757813,10.46800708770752,0.042199116200208664,-0.010722269304096699,0.033782593905925751,0.043915141373872757,10.952631950378418,37.570000000000007,C+,-0.33059003692276767,5.1749675916350917,5.1855163047652351,0.063752578816302558,0.999451,STABLE,STABLE,0,STABLE (Table VII caption),AGREE,2.976E-006,3.568E-007,1.054E-005,1.919E-004,0.0128
179,turning,-6.4245109558105469,426.45315551757813,10.46800708770752,0.042199116200208664,-0.010722269304096699,0.033782593905925751,0.043915141373872757,10.952631950378418,37.570000000000007,C-,-0.33059003692276767,-5.1749675916350917,5.1855163047652351,0.063752578816302558,0.999451,STABLE,STABLE,0,STABLE (Table VII caption),AGREE,2.976E-006,3.568E-007,1.054E-005,1.919E-004,0.0128
179,turning,-6.4245109558105469,426.45315551757813,10.46800708770752,0.042199116200208664,-0.010722269304096699,0.033782593905925751,0.043915141373872757,10.952631950378418,37.570000000000007,D,-0.82666276789972426,0,0.82666276789972426,,0.997736,STABLE,STABLE,0,STABLE (Table VII caption),AGREE,2.506E-007,7.556E-008,2.506E-006,3.348E-005,0.0110
179,turning,-6.4245109558105469,426.45315551757813,10.46800708770752,0.042199116200208664,-0.010722269304096699,0.033782593905925751,0.043915141373872757,10.952631950378418,37.570000000000007,E,-0.0012365012867469971,0,0.0012365012867469971,,0.808563,STABLE,STABLE,0,STABLE (Table VII caption),AGREE,1.041E-006,1.008E-007,1.041E-005,9.095E-007,0.0014
180,turning,-6.4228978157043457,431.0372314453125,10.451929092407227,0.042493928223848343,-0.010810011066496372,0.036337912082672119,0.044905625283718109,10.599347114562988,38.98,A+,-0.3116543169250357,0.90917007762912094,0.961102826608138,0.32426740229753148,0.109555,STABLE,STABLE,0,STABLE (Table VII caption),AGREE,2.352E-004,1.620E-005,3.890E-005,1.908E-004,0.0581
180,turning,-6.4228978157043457,431.0372314453125,10.451929092407227,0.042493928223848343,-0.010810011066496372,0.036337912082672119,0.044905625283718109,10.599347114562988,38.98,A-,-0.3116543169250357,-0.90917007762912094,0.961102826608138,0.32426740229753148,0.109555,STABLE,STABLE,0,STABLE (Table VII caption),AGREE,2.352E-004,1.620E-005,3.890E-005,1.908E-004,0.0581
180,turning,-6.4228978157043457,431.0372314453125,10.451929092407227,0.042493928223848343,-0.010810011066496372,0.036337912082672119,0.044905625283718109,10.599347114562988,38.98,B+,-0.00900065894697408,0.11234550153249875,0.11270547269795031,0.0798599990889153,0.078866,STABLE,STABLE,0,STABLE (Table VII caption),AGREE,1.559E-006,1.164E-007,6.879E-006,9.218E-007,0.0022
180,turning,-6.4228978157043457,431.0372314453125,10.451929092407227,0.042493928223848343,-0.010810011066496372,0.036337912082672119,0.044905625283718109,10.599347114562988,38.98,B-,-0.00900065894697408,-0.11234550153249875,0.11270547269795031,0.0798599990889153,0.078866,STABLE,STABLE,0,STABLE (Table VII caption),AGREE,1.559E-006,1.164E-007,6.879E-006,9.218E-007,0.0022
180,turning,-6.4228978157043457,431.0372314453125,10.451929092407227,0.042493928223848343,-0.010810011066496372,0.036337912082672119,0.044905625283718109,10.599347114562988,38.98,C+,-0.33472168514026768,5.2308260395318786,5.2415245551602538,0.063859604513487572,0.999427,STABLE,STABLE,0,STABLE (Table VII caption),AGREE,4.397E-006,1.716E-006,4.802E-006,2.059E-004,0.0133
180,turning,-6.4228978157043457,431.0372314453125,10.451929092407227,0.042493928223848343,-0.010810011066496372,0.036337912082672119,0.044905625283718109,10.599347114562988,38.98,C-,-0.33472168514026768,-5.2308260395318786,5.2415245551602538,0.063859604513487572,0.999427,STABLE,STABLE,0,STABLE (Table VII caption),AGREE,4.397E-006,1.716E-006,4.802E-006,2.059E-004,0.0133
180,turning,-6.4228978157043457,431.0372314453125,10.451929092407227,0.042493928223848343,-0.010810011066496372,0.036337912082672119,0.044905625283718109,10.599347114562988,38.98,D,-0.83652663011654027,0,0.83652663011654027,,0.997620,STABLE,STABLE,0,STABLE (Table VII caption),AGREE,7.799E-008,1.520E-007,1.520E-006,3.686E-005,0.0120
180,turning,-6.4228978157043457,431.0372314453125,10.451929092407227,0.042493928223848343,-0.010810011066496372,0.036337912082672119,0.044905625283718109,10.599347114562988,38.98,E,-0.00091866747533049151,0,0.00091866747533049151,,0.788146,STABLE,STABLE,0,STABLE (Table VII caption),AGREE,1.557E-006,1.410E-007,1.557E-005,1.517E-006,0.0028
181,turning,-6.4220185279846191,435.9613037109375,10.433369636535645,0.042655181139707565,-0.010854686610400677,0.038983646780252457,0.045821830630302429,10.227659225463867,40.39,A+,-0.32513430543808519,0.85538686707765454,0.915095081913148,0.35530111773559264,0.130801,STABLE,STABLE,0,STABLE (Table VII caption),AGREE,2.622E-004,1.677E-005,4.684E-005,2.031E-004,0.0651
181,turning,-6.4220185279846191,435.9613037109375,10.433369636535645,0.042655181139707565,-0.010854686610400677,0.038983646780252457,0.045821830630302429,10.227659225463867,40.39,A-,-0.32513430543808519,-0.85538686707765454,0.915095081913148,0.35530111773559264,0.130801,STABLE,STABLE,0,STABLE (Table VII caption),AGREE,2.622E-004,1.677E-005,4.684E-005,2.031E-004,0.0651
181,turning,-6.4220185279846191,435.9613037109375,10.433369636535645,0.042655181139707565,-0.010854686610400677,0.038983646780252457,0.045821830630302429,10.227659225463867,40.39,B+,-0.008926367908555246,0.11209442122031579,0.11244927439853256,0.079381285084323613,0.087889,STABLE,STABLE,0,STABLE (Table VII caption),AGREE,1.758E-006,1.701E-007,7.772E-006,9.649E-007,0.0023
181,turning,-6.4220185279846191,435.9613037109375,10.433369636535645,0.042655181139707565,-0.010854686610400677,0.038983646780252457,0.045821830630302429,10.227659225463867,40.39,B-,-0.008926367908555246,-0.11209442122031579,0.11244927439853256,0.079381285084323613,0.087889,STABLE,STABLE,0,STABLE (Table VII caption),AGREE,1.758E-006,1.701E-007,7.772E-006,9.649E-007,0.0023
181,turning,-6.4220185279846191,435.9613037109375,10.433369636535645,0.042655181139707565,-0.010854686610400677,0.038983646780252457,0.045821830630302429,10.227659225463867,40.39,C+,-0.33913620336027173,5.2907451492350059,5.3016033045281086,0.063968611734984943,0.999404,STABLE,STABLE,0,STABLE (Table VII caption),AGREE,8.170E-007,6.040E-007,5.496E-006,2.216E-004,0.0139
181,turning,-6.4220185279846191,435.9613037109375,10.433369636535645,0.042655181139707565,-0.010854686610400677,0.038983646780252457,0.045821830630302429,10.227659225463867,40.39,C-,-0.33913620336027173,-5.2907451492350059,5.3016033045281086,0.063968611734984943,0.999404,STABLE,STABLE,0,STABLE (Table VII caption),AGREE,8.170E-007,6.040E-007,5.496E-006,2.216E-004,0.0139
181,turning,-6.4220185279846191,435.9613037109375,10.433369636535645,0.042655181139707565,-0.010854686610400677,0.038983646780252457,0.045821830630302429,10.227659225463867,40.39,D,-0.84747028538025282,0,0.84747028538025282,,0.997501,STABLE,STABLE,0,STABLE (Table VII caption),AGREE,3.282E-007,2.329E-007,3.282E-006,4.100E-005,0.0131
181,turning,-6.4220185279846191,435.9613037109375,10.433369636535645,0.042655181139707565,-0.010854686610400677,0.038983646780252457,0.045821830630302429,10.227659225463867,40.39,E,-0.0003655884267793519,0,0.0003655884267793519,,0.764875,STABLE,STABLE,0,STABLE (Table VII caption),AGREE,2.452E-006,9.868E-008,2.452E-005,2.483E-006,0.0049
182,turning,-6.4219117164611816,438.39178466796875,10.42371654510498,0.042683642357587814,-0.01085985079407692,0.040252991020679474,0.046224236488342285,10.04715633392334,41.05,A+,-0.33212492391458903,0.82919913707691184,0.89324026667765422,0.37182036715597794,0.142514,STABLE,NEAR_NEUTRAL,0,STABLE (Table VII caption),UNRESOLVED,2.766E-004,1.718E-005,9.331E-005,2.082E-004,0.0336
182,turning,-6.4219117164611816,438.39178466796875,10.42371654510498,0.042683642357587814,-0.01085985079407692,0.040252991020679474,0.046224236488342285,10.04715633392334,41.05,A-,-0.33212492391458903,-0.82919913707691184,0.89324026667765422,0.37182036715597794,0.142514,STABLE,NEAR_NEUTRAL,0,STABLE (Table VII caption),UNRESOLVED,2.766E-004,1.718E-005,9.331E-005,2.082E-004,0.0336
182,turning,-6.4219117164611816,438.39178466796875,10.42371654510498,0.042683642357587814,-0.01085985079407692,0.040252991020679474,0.046224236488342285,10.04715633392334,41.05,B+,-0.0088841668783925434,0.111975203140983,0.11232708729236922,0.079091936705066479,0.092452,STABLE,NEAR_NEUTRAL,0,STABLE (Table VII caption),UNRESOLVED,1.899E-006,9.148E-008,8.538E-006,9.668E-007,0.0011
182,turning,-6.4219117164611816,438.39178466796875,10.42371654510498,0.042683642357587814,-0.01085985079407692,0.040252991020679474,0.046224236488342285,10.04715633392334,41.05,B-,-0.0088841668783925434,-0.111975203140983,0.11232708729236922,0.079091936705066479,0.092452,STABLE,NEAR_NEUTRAL,0,STABLE (Table VII caption),UNRESOLVED,1.899E-006,9.148E-008,8.538E-006,9.668E-007,0.0011
182,turning,-6.4219117164611816,438.39178466796875,10.42371654510498,0.042683642357587814,-0.01085985079407692,0.040252991020679474,0.046224236488342285,10.04715633392334,41.05,C+,-0.34130635399032094,5.320291310484107,5.3312277812607922,0.064020215979142564,0.999394,STABLE,NEAR_NEUTRAL,0,STABLE (Table VII caption),UNRESOLVED,2.076E-006,1.385E-006,1.900E-006,2.290E-004,0.0067
182,turning,-6.4219117164611816,438.39178466796875,10.42371654510498,0.042683642357587814,-0.01085985079407692,0.040252991020679474,0.046224236488342285,10.04715633392334,41.05,C-,-0.34130635399032094,-5.320291310484107,5.3312277812607922,0.064020215979142564,0.999394,STABLE,NEAR_NEUTRAL,0,STABLE (Table VII caption),UNRESOLVED,2.076E-006,1.385E-006,1.900E-006,2.290E-004,0.0067
182,turning,-6.4219117164611816,438.39178466796875,10.42371654510498,0.042683642357587814,-0.01085985079407692,0.040252991020679474,0.046224236488342285,10.04715633392334,41.05,D,-0.8530118549615906,0,0.8530118549615906,,0.997443,STABLE,NEAR_NEUTRAL,0,STABLE (Table VII caption),UNRESOLVED,5.087E-007,1.666E-008,5.087E-006,4.312E-005,0.0066
182,turning,-6.4219117164611816,438.39178466796875,10.42371654510498,0.042683642357587814,-0.01085985079407692,0.040252991020679474,0.046224236488342285,10.04715633392334,41.05,E,7.7667467586327E-07,0,7.7667467586327E-07,,0.752764,NEAR_NEUTRAL,NEAR_NEUTRAL,0,STABLE (Table VII caption),UNRESOLVED,3.036E-006,2.777E-007,3.036E-005,3.192E-006,0.0033
183,turning,-6.4224462509155273,443.83343505859375,10.400920867919924,0.042642336338758469,-0.010835421271622181,0.043010387569665909,0.047019913792610168,9.6500701904296875,42.45,A+,-0.34858090647712314,0.77170455918787639,0.8467801220102934,0.4116545693698816,0.171897,STABLE,UNSTABLE,1,STABLE (Table VII caption),DISAGREE,3.072E-004,2.102E-005,9.584E-005,2.210E-004,0.0760
183,turning,-6.4224462509155273,443.83343505859375,10.400920867919924,0.042642336338758469,-0.010835421271622181,0.043010387569665909,0.047019913792610168,9.6500701904296875,42.45,A-,-0.34858090647712314,-0.77170455918787639,0.8467801220102934,0.4116545693698816,0.171897,STABLE,UNSTABLE,1,STABLE (Table VII caption),DISAGREE,3.072E-004,2.102E-005,9.584E-005,2.210E-004,0.0760
183,turning,-6.4224462509155273,443.83343505859375,10.400920867919924,0.042642336338758469,-0.010835421271622181,0.043010387569665909,0.047019913792610168,9.6500701904296875,42.45,B+,-0.0087828482512418617,0.11171883664149471,0.11206353949404473,0.078373825161114061,0.102932,STABLE,UNSTABLE,1,STABLE (Table VII caption),DISAGREE,2.213E-006,1.278E-007,9.013E-006,1.002E-006,0.0025
183,turning,-6.4224462509155273,443.83343505859375,10.400920867919924,0.042642336338758469,-0.010835421271622181,0.043010387569665909,0.047019913792610168,9.6500701904296875,42.45,B-,-0.0087828482512418617,-0.11171883664149471,0.11206353949404473,0.078373825161114061,0.102932,STABLE,UNSTABLE,1,STABLE (Table VII caption),DISAGREE,2.213E-006,1.278E-007,9.013E-006,1.002E-006,0.0025
183,turning,-6.4224462509155273,443.83343505859375,10.400920867919924,0.042642336338758469,-0.010835421271622181,0.043010387569665909,0.047019913792610168,9.6500701904296875,42.45,C+,-0.34614577846578454,5.3863785611122363,5.3974893148165846,0.064130887210018889,0.999374,STABLE,UNSTABLE,1,STABLE (Table VII caption),DISAGREE,4.640E-007,1.265E-006,1.000E-006,2.448E-004,0.0148
183,turning,-6.4224462509155273,443.83343505859375,10.400920867919924,0.042642336338758469,-0.010835421271622181,0.043010387569665909,0.047019913792610168,9.6500701904296875,42.45,C-,-0.34614577846578454,-5.3863785611122363,5.3974893148165846,0.064130887210018889,0.999374,STABLE,UNSTABLE,1,STABLE (Table VII caption),DISAGREE,4.640E-007,1.265E-006,1.000E-006,2.448E-004,0.0148
183,turning,-6.4224462509155273,443.83343505859375,10.400920867919924,0.042642336338758469,-0.010835421271622181,0.043010387569665909,0.047019913792610168,9.6500701904296875,42.45,D,-0.86577423829571187,0,0.86577423829571187,,0.997311,STABLE,UNSTABLE,1,STABLE (Table VII caption),DISAGREE,9.937E-007,1.041E-008,9.937E-006,4.826E-005,0.0150
183,turning,-6.4224462509155273,443.83343505859375,10.400920867919924,0.042642336338758469,-0.010835421271622181,0.043010387569665909,0.047019913792610168,9.6500701904296875,42.45,E,0.0010741945348323643,0,0.0010741945348323643,,0.723845,UNSTABLE,UNSTABLE,1,STABLE (Table VII caption),DISAGREE,4.787E-006,3.433E-007,4.787E-005,4.748E-006,0.0096
184,turning,-6.4241843223571777,449.69622802734375,10.374538421630861,0.042459525167942047,-0.010759796015918255,0.045855239033699036,0.04773394763469696,9.2330722808837891,43.85,A+,-0.36755421682079609,0.71207112541842132,0.80133725107310838,0.45867606470133138,0.208523,STABLE,UNSTABLE,1,STABLE (Table VII caption),DISAGREE,3.420E-004,2.163E-005,4.794E-005,2.278E-004,0.0843
184,turning,-6.4241843223571777,449.69622802734375,10.374538421630861,0.042459525167942047,-0.010759796015918255,0.045855239033699036,0.04773394763469696,9.2330722808837891,43.85,A-,-0.36755421682079609,-0.71207112541842132,0.80133725107310838,0.45867606470133138,0.208523,STABLE,UNSTABLE,1,STABLE (Table VII caption),DISAGREE,3.420E-004,2.163E-005,4.794E-005,2.278E-004,0.0843
184,turning,-6.4241843223571777,449.69622802734375,10.374538421630861,0.042459525167942047,-0.010759796015918255,0.045855239033699036,0.04773394763469696,9.2330722808837891,43.85,B+,-0.00867352206853017,0.1114631773344137,0.11180013366072616,0.077580605537120734,0.114632,STABLE,UNSTABLE,1,STABLE (Table VII caption),DISAGREE,2.596E-006,1.674E-007,8.397E-006,9.666E-007,0.0025
184,turning,-6.4241843223571777,449.69622802734375,10.374538421630861,0.042459525167942047,-0.010759796015918255,0.045855239033699036,0.04773394763469696,9.2330722808837891,43.85,B-,-0.00867352206853017,-0.1114631773344137,0.11180013366072616,0.077580605537120734,0.114632,STABLE,UNSTABLE,1,STABLE (Table VII caption),DISAGREE,2.596E-006,1.674E-007,8.397E-006,9.666E-007,0.0025
184,turning,-6.4241843223571777,449.69622802734375,10.374538421630861,0.042459525167942047,-0.010759796015918255,0.045855239033699036,0.04773394763469696,9.2330722808837891,43.85,C+,-0.35132836580006127,5.4574921229695246,5.468788887211697,0.064242444359410747,0.999355,STABLE,UNSTABLE,1,STABLE (Table VII caption),DISAGREE,1.360E-006,3.620E-007,1.045E-005,2.650E-004,0.0155
184,turning,-6.4241843223571777,449.69622802734375,10.374538421630861,0.042459525167942047,-0.010759796015918255,0.045855239033699036,0.04773394763469696,9.2330722808837891,43.85,C-,-0.35132836580006127,-5.4574921229695246,5.468788887211697,0.064242444359410747,0.999355,STABLE,UNSTABLE,1,STABLE (Table VII caption),DISAGREE,1.360E-006,3.620E-007,1.045E-005,2.650E-004,0.0155
184,turning,-6.4241843223571777,449.69622802734375,10.374538421630861,0.042459525167942047,-0.010759796015918255,0.045855239033699036,0.04773394763469696,9.2330722808837891,43.85,D,-0.88010816731720254,0,0.88010816731720254,,0.997158,STABLE,UNSTABLE,1,STABLE (Table VII caption),DISAGREE,1.661E-006,1.676E-007,1.661E-005,5.443E-005,0.0166
184,turning,-6.4241843223571777,449.69622802734375,10.374538421630861,0.042459525167942047,-0.010759796015918255,0.045855239033699036,0.04773394763469696,9.2330722808837891,43.85,E,0.0026538992324121311,0,0.0026538992324121311,,0.689474,UNSTABLE,UNSTABLE,1,STABLE (Table VII caption),DISAGREE,7.470E-006,5.082E-007,7.470E-005,6.760E-006,0.0141
185,turning,-6.4273014068603516,455.97793579101563,10.344182968139648,0.042133953422307968,-0.010630105622112751,0.048765189945697784,0.048358358442783356,8.798609733581543,45.24,A+,-0.38926572240576329,0.65186705708505688,0.75924861722153536,0.51269862542559286,0.252840,STABLE,UNSTABLE,1,STABLE (Table VII caption),DISAGREE,3.782E-004,2.396E-005,7.281E-005,2.345E-004,0.0915
185,turning,-6.4273014068603516,455.97793579101563,10.344182968139648,0.042133953422307968,-0.010630105622112751,0.048765189945697784,0.048358358442783356,8.798609733581543,45.24,A-,-0.38926572240576329,-0.65186705708505688,0.75924861722153536,0.51269862542559286,0.252840,STABLE,UNSTABLE,1,STABLE (Table VII caption),DISAGREE,3.782E-004,2.396E-005,7.281E-005,2.345E-004,0.0915
185,turning,-6.4273014068603516,455.97793579101563,10.344182968139648,0.042133953422307968,-0.010630105622112751,0.048765189945697784,0.048358358442783356,8.798609733581543,45.24,B+,-0.0085687853503561,0.11123008219645553,0.11155964892294494,0.076809002476106961,0.127573,STABLE,UNSTABLE,1,STABLE (Table VII caption),DISAGREE,3.094E-006,2.343E-007,7.510E-006,8.800E-007,0.0023
185,turning,-6.4273014068603516,455.97793579101563,10.344182968139648,0.042133953422307968,-0.010630105622112751,0.048765189945697784,0.048358358442783356,8.798609733581543,45.24,B-,-0.0085687853503561,-0.11123008219645553,0.11155964892294494,0.076809002476106961,0.127573,STABLE,UNSTABLE,1,STABLE (Table VII caption),DISAGREE,3.094E-006,2.343E-007,7.510E-006,8.800E-007,0.0023
185,turning,-6.4273014068603516,455.97793579101563,10.344182968139648,0.042133953422307968,-0.010630105622112751,0.048765189945697784,0.048358358442783356,8.798609733581543,45.24,C+,-0.35684598041542387,5.53359195200909,5.5450860178250085,0.064353551823780775,0.999338,STABLE,UNSTABLE,1,STABLE (Table VII caption),DISAGREE,1.207E-006,1.735E-006,1.040E-005,2.857E-004,0.0161
185,turning,-6.4273014068603516,455.97793579101563,10.344182968139648,0.042133953422307968,-0.010630105622112751,0.048765189945697784,0.048358358442783356,8.798609733581543,45.24,C-,-0.35684598041542387,-5.53359195200909,5.5450860178250085,0.064353551823780775,0.999338,STABLE,UNSTABLE,1,STABLE (Table VII caption),DISAGREE,1.207E-006,1.735E-006,1.040E-005,2.857E-004,0.0161
185,turning,-6.4273014068603516,455.97793579101563,10.344182968139648,0.042133953422307968,-0.010630105622112751,0.048765189945697784,0.048358358442783356,8.798609733581543,45.24,D,-0.89618800350728223,0,0.89618800350728223,,0.996968,STABLE,UNSTABLE,1,STABLE (Table VII caption),DISAGREE,2.969E-006,1.179E-007,2.969E-005,6.183E-005,0.0183
185,turning,-6.4273014068603516,455.97793579101563,10.344182968139648,0.042133953422307968,-0.010630105622112751,0.048765189945697784,0.048358358442783356,8.798609733581543,45.24,E,0.0048288512213578343,0,0.0048288512213578343,,0.648685,UNSTABLE,UNSTABLE,1,STABLE (Table VII caption),DISAGREE,1.113E-005,7.231E-007,1.113E-004,9.090E-006,0.0194
186,turning,-6.4319467544555664,462.71942138671875,10.309223175048828,0.041664589196443558,-0.010443358682096004,0.051736935973167419,0.048890989273786545,8.3463859558105469,46.62,A+,-0.41404480449423464,0.59313736457946042,0.723356781532417,0.572393616905186,0.303767,STABLE,UNSTABLE,1,STABLE (Table VII caption),DISAGREE,4.124E-004,2.711E-005,3.921E-005,2.313E-004,0.0964
186,turning,-6.4319467544555664,462.71942138671875,10.309223175048828,0.041664589196443558,-0.010443358682096004,0.051736935973167419,0.048890989273786545,8.3463859558105469,46.62,A-,-0.41404480449423464,-0.59313736457946042,0.723356781532417,0.572393616905186,0.303767,STABLE,UNSTABLE,1,STABLE (Table VII caption),DISAGREE,4.124E-004,2.711E-005,3.921E-005,2.313E-004,0.0964
186,turning,-6.4319467544555664,462.71942138671875,10.309223175048828,0.041664589196443558,-0.010443358682096004,0.051736935973167419,0.048890989273786545,8.3463859558105469,46.62,B+,-0.0084749333002289325,0.11106584070663408,0.11138871337040727,0.076084309117089369,0.141671,STABLE,UNSTABLE,1,STABLE (Table VII caption),DISAGREE,3.562E-006,2.218E-007,3.597E-006,5.221E-007,0.0017
186,turning,-6.4319467544555664,462.71942138671875,10.309223175048828,0.041664589196443558,-0.010443358682096004,0.051736935973167419,0.048890989273786545,8.3463859558105469,46.62,B-,-0.0084749333002289325,-0.11106584070663408,0.11138871337040727,0.076084309117089369,0.141671,STABLE,UNSTABLE,1,STABLE (Table VII caption),DISAGREE,3.562E-006,2.218E-007,3.597E-006,5.221E-007,0.0017
186,turning,-6.4319467544555664,462.71942138671875,10.309223175048828,0.041664589196443558,-0.010443358682096004,0.051736935973167419,0.048890989273786545,8.3463859558105469,46.62,C+,-0.36272473328274818,5.61516233012875,5.62686566623302,0.064463016321763211,0.999323,STABLE,UNSTABLE,1,STABLE (Table VII caption),DISAGREE,2.549E-006,1.944E-007,1.000E-006,3.096E-004,0.0168
186,turning,-6.4319467544555664,462.71942138671875,10.309223175048828,0.041664589196443558,-0.010443358682096004,0.051736935973167419,0.048890989273786545,8.3463859558105469,46.62,C-,-0.36272473328274818,-5.61516233012875,5.62686566623302,0.064463016321763211,0.999323,STABLE,UNSTABLE,1,STABLE (Table VII caption),DISAGREE,2.549E-006,1.944E-007,1.000E-006,3.096E-004,0.0168
186,turning,-6.4319467544555664,462.71942138671875,10.309223175048828,0.041664589196443558,-0.010443358682096004,0.051736935973167419,0.048890989273786545,8.3463859558105469,46.62,D,-0.9143218216954323,0,0.9143218216954323,,0.996712,STABLE,UNSTABLE,1,STABLE (Table VII caption),DISAGREE,4.927E-006,3.058E-007,4.927E-005,7.010E-005,0.0220
186,turning,-6.4319467544555664,462.71942138671875,10.309223175048828,0.041664589196443558,-0.010443358682096004,0.051736935973167419,0.048890989273786545,8.3463859558105469,46.62,E,0.0075876981323916674,0,0.0075876981323916674,,0.601118,UNSTABLE,UNSTABLE,1,STABLE (Table VII caption),DISAGREE,1.613E-005,8.906E-007,1.613E-004,1.088E-005,0.0246
187,turning,-6.4382672309875488,470.02352905273438,10.268590927124023,0.041045341640710831,-0.010194435715675354,0.054789096117019653,0.049332320690155029,7.8726320266723642,48.000000000000007,A+,-0.44243059464627887,0.53895462962688323,0.69729256691528751,0.63449779280384722,0.357231,STABLE,UNSTABLE,1,STABLE (Table VII caption),DISAGREE,4.452E-004,2.744E-005,1.064E-004,2.127E-004,0.0971
187,turning,-6.4382672309875488,470.02352905273438,10.268590927124023,0.041045341640710831,-0.010194435715675354,0.054789096117019653,0.049332320690155029,7.8726320266723642,48.000000000000007,A-,-0.44243059464627887,-0.53895462962688323,0.69729256691528751,0.63449779280384722,0.357231,STABLE,UNSTABLE,1,STABLE (Table VII caption),DISAGREE,4.452E-004,2.744E-005,1.064E-004,2.127E-004,0.0971
187,turning,-6.4382672309875488,470.02352905273438,10.268590927124023,0.041045341640710831,-0.010194435715675354,0.054789096117019653,0.049332320690155029,7.8726320266723642,48.000000000000007,B+,-0.0083726748458241,0.11105058379679136,0.11136576604002721,0.075181764949336261,0.156522,STABLE,UNSTABLE,1,STABLE (Table VII caption),DISAGREE,3.922E-006,2.294E-007,1.423E-006,5.844E-007,0.0009
187,turning,-6.4382672309875488,470.02352905273438,10.268590927124023,0.041045341640710831,-0.010194435715675354,0.054789096117019653,0.049332320690155029,7.8726320266723642,48.000000000000007,B-,-0.0083726748458241,-0.11105058379679136,0.11136576604002721,0.075181764949336261,0.156522,STABLE,UNSTABLE,1,STABLE (Table VII caption),DISAGREE,3.922E-006,2.294E-007,1.423E-006,5.844E-007,0.0009
187,turning,-6.4382672309875488,470.02352905273438,10.268590927124023,0.041045341640710831,-0.010194435715675354,0.054789096117019653,0.049332320690155029,7.8726320266723642,48.000000000000007,C+,-0.369041174128636,5.7034261444509244,5.7153531101243935,0.06457014413945876,0.999309,STABLE,UNSTABLE,1,STABLE (Table VII caption),DISAGREE,1.596E-006,4.754E-007,1.132E-005,3.345E-004,0.0176
187,turning,-6.4382672309875488,470.02352905273438,10.268590927124023,0.041045341640710831,-0.010194435715675354,0.054789096117019653,0.049332320690155029,7.8726320266723642,48.000000000000007,C-,-0.369041174128636,-5.7034261444509244,5.7153531101243935,0.06457014413945876,0.999309,STABLE,UNSTABLE,1,STABLE (Table VII caption),DISAGREE,1.596E-006,4.754E-007,1.132E-005,3.345E-004,0.0176
187,turning,-6.4382672309875488,470.02352905273438,10.268590927124023,0.041045341640710831,-0.010194435715675354,0.054789096117019653,0.049332320690155029,7.8726320266723642,48.000000000000007,D,-0.93500148227633617,0,0.93500148227633617,,0.996347,STABLE,UNSTABLE,1,STABLE (Table VII caption),DISAGREE,7.933E-006,4.836E-007,7.933E-005,8.001E-005,0.0267
187,turning,-6.4382672309875488,470.02352905273438,10.268590927124023,0.041045341640710831,-0.010194435715675354,0.054789096117019653,0.049332320690155029,7.8726320266723642,48.000000000000007,E,0.010687119846434204,0,0.010687119846434204,,0.548256,UNSTABLE,UNSTABLE,1,STABLE (Table VII caption),DISAGREE,2.126E-005,1.132E-006,2.126E-004,1.129E-005,0.0276
188,turning,-6.44623327255249,477.90081787109375,10.221604347229004,0.040277924388647079,-0.0098812449723482132,0.057895928621292114,0.049675419926643372,7.3803496360778809,49.37,A+,-0.474519147562342,0.49533484153204194,0.68594826819437682,0.69177104100199827,0.403755,STABLE,UNSTABLE,1,STABLE (Table VII caption),DISAGREE,4.609E-004,2.845E-005,7.069E-005,1.815E-004,0.0888
188,turning,-6.44623327255249,477.90081787109375,10.221604347229004,0.040277924388647079,-0.0098812449723482132,0.057895928621292114,0.049675419926643372,7.3803496360778809,49.37,A-,-0.474519147562342,-0.49533484153204194,0.68594826819437682,0.69177104100199827,0.403755,STABLE,UNSTABLE,1,STABLE (Table VII caption),DISAGREE,4.609E-004,2.845E-005,7.069E-005,1.815E-004,0.0888
188,turning,-6.44623327255249,477.90081787109375,10.221604347229004,0.040277924388647079,-0.0098812449723482132,0.057895928621292114,0.049675419926643372,7.3803496360778809,49.37,B+,-0.008202714754502391,0.11128545291139749,0.11158734945789599,0.073509361001512369,0.170946,STABLE,UNSTABLE,1,STABLE (Table VII caption),DISAGREE,3.870E-006,2.302E-007,3.730E-006,1.725E-006,0.0026
188,turning,-6.44623327255249,477.90081787109375,10.221604347229004,0.040277924388647079,-0.0098812449723482132,0.057895928621292114,0.049675419926643372,7.3803496360778809,49.37,B-,-0.008202714754502391,-0.11128545291139749,0.11158734945789599,0.073509361001512369,0.170946,STABLE,UNSTABLE,1,STABLE (Table VII caption),DISAGREE,3.870E-006,2.302E-007,3.730E-006,1.725E-006,0.0026
188,turning,-6.44623327255249,477.90081787109375,10.221604347229004,0.040277924388647079,-0.0098812449723482132,0.057895928621292114,0.049675419926643372,7.3803496360778809,49.37,C+,-0.37578801059700762,5.7984871299161238,5.8106513941821865,0.064672269097619389,0.999298,STABLE,UNSTABLE,1,STABLE (Table VII caption),DISAGREE,2.601E-006,2.471E-006,5.506E-006,3.646E-004,0.0185
188,turning,-6.44623327255249,477.90081787109375,10.221604347229004,0.040277924388647079,-0.0098812449723482132,0.057895928621292114,0.049675419926643372,7.3803496360778809,49.37,C-,-0.37578801059700762,-5.7984871299161238,5.8106513941821865,0.064672269097619389,0.999298,STABLE,UNSTABLE,1,STABLE (Table VII caption),DISAGREE,2.601E-006,2.471E-006,5.506E-006,3.646E-004,0.0185
188,turning,-6.44623327255249,477.90081787109375,10.221604347229004,0.040277924388647079,-0.0098812449723482132,0.057895928621292114,0.049675419926643372,7.3803496360778809,49.37,D,-0.95839079185761689,0,0.95839079185761689,,0.995820,STABLE,UNSTABLE,1,STABLE (Table VII caption),DISAGREE,1.154E-005,5.617E-007,1.154E-004,9.099E-005,0.0320
188,turning,-6.44623327255249,477.90081787109375,10.221604347229004,0.040277924388647079,-0.0098812449723482132,0.057895928621292114,0.049675419926643372,7.3803496360778809,49.37,E,0.013442076946518982,0,0.013442076946518982,,0.495921,UNSTABLE,UNSTABLE,1,STABLE (Table VII caption),DISAGREE,2.491E-005,1.695E-006,2.491E-004,8.236E-006,0.0245
189,turning,-6.4556803703308105,486.41949462890625,10.167150497436525,0.039361096918582916,-0.0095005650073289871,0.061052005738019943,0.049917131662368774,6.8694419860839844,50.73,A+,-0.51069381066793085,0.4702295031360193,0.69420742856446016,0.73565016687301366,0.430980,STABLE,UNSTABLE,1,STABLE (Table VII caption),DISAGREE,4.488E-004,2.947E-005,5.654E-005,1.495E-004,0.0729
189,turning,-6.4556803703308105,486.41949462890625,10.167150497436525,0.039361096918582916,-0.0095005650073289871,0.061052005738019943,0.049917131662368774,6.8694419860839844,50.73,A-,-0.51069381066793085,-0.4702295031360193,0.69420742856446016,0.73565016687301366,0.430980,STABLE,UNSTABLE,1,STABLE (Table VII caption),DISAGREE,4.488E-004,2.947E-005,5.654E-005,1.495E-004,0.0729
189,turning,-6.4556803703308105,486.41949462890625,10.167150497436525,0.039361096918582916,-0.0095005650073289871,0.061052005738019943,0.049917131662368774,6.8694419860839844,50.73,B+,-0.0078849526591127841,0.11184466327309081,0.11212225997145936,0.0703245962141674,0.183817,STABLE,UNSTABLE,1,STABLE (Table VII caption),DISAGREE,3.428E-006,1.676E-007,4.332E-006,3.091E-006,0.0057
189,turning,-6.4556803703308105,486.41949462890625,10.167150497436525,0.039361096918582916,-0.0095005650073289871,0.061052005738019943,0.049917131662368774,6.8694419860839844,50.73,B-,-0.0078849526591127841,-0.11184466327309081,0.11212225997145936,0.0703245962141674,0.183817,STABLE,UNSTABLE,1,STABLE (Table VII caption),DISAGREE,3.428E-006,1.676E-007,4.332E-006,3.091E-006,0.0057
189,turning,-6.4556803703308105,486.41949462890625,10.167150497436525,0.039361096918582916,-0.0095005650073289871,0.061052005738019943,0.049917131662368774,6.8694419860839844,50.73,C+,-0.38300079946776122,5.9011465153563769,5.913562361901298,0.064766510612161834,0.999288,STABLE,UNSTABLE,1,STABLE (Table VII caption),DISAGREE,4.921E-006,1.932E-006,6.526E-006,3.965E-004,0.0194
189,turning,-6.4556803703308105,486.41949462890625,10.167150497436525,0.039361096918582916,-0.0095005650073289871,0.061052005738019943,0.049917131662368774,6.8694419860839844,50.73,C-,-0.38300079946776122,-5.9011465153563769,5.913562361901298,0.064766510612161834,0.999288,STABLE,UNSTABLE,1,STABLE (Table VII caption),DISAGREE,4.921E-006,1.932E-006,6.526E-006,3.965E-004,0.0194
189,turning,-6.4556803703308105,486.41949462890625,10.167150497436525,0.039361096918582916,-0.0095005650073289871,0.061052005738019943,0.049917131662368774,6.8694419860839844,50.73,D,-0.98457608996412416,0,0.98457608996412416,,0.995111,STABLE,UNSTABLE,1,STABLE (Table VII caption),DISAGREE,1.507E-005,9.729E-007,1.507E-004,1.016E-004,0.0378
189,turning,-6.4556803703308105,486.41949462890625,10.167150497436525,0.039361096918582916,-0.0095005650073289871,0.061052005738019943,0.049917131662368774,6.8694419860839844,50.73,E,0.014881054366897666,0,0.014881054366897666,,0.452067,UNSTABLE,UNSTABLE,1,STABLE (Table VII caption),DISAGREE,2.500E-005,1.434E-006,2.500E-004,1.831E-006,0.0127
190,turning,-6.4662618637084961,495.73291015625,10.103364944458008,0.038285013288259506,-0.00904565304517746,0.064274527132511139,0.05005437508225441,6.3359622955322266,52.09,A+,-0.55198715583578917,0.47297132212723031,0.726905559039456,0.75936570985258856,0.427021,STABLE,UNSTABLE,1,STABLE (Table VII caption),DISAGREE,3.968E-004,2.747E-005,5.485E-005,1.776E-004,0.0670
190,turning,-6.4662618637084961,495.73291015625,10.103364944458008,0.038285013288259506,-0.00904565304517746,0.064274527132511139,0.05005437508225441,6.3359622955322266,52.09,A-,-0.55198715583578917,-0.47297132212723031,0.726905559039456,0.75936570985258856,0.427021,STABLE,UNSTABLE,1,STABLE (Table VII caption),DISAGREE,3.968E-004,2.747E-005,5.485E-005,1.776E-004,0.0670
190,turning,-6.4662618637084961,495.73291015625,10.103364944458008,0.038285013288259506,-0.00904565304517746,0.064274527132511139,0.05005437508225441,6.3359622955322266,52.09,B+,-0.0073858831623339529,0.11274677139747435,0.11298843184433524,0.065368489869029447,0.195119,STABLE,UNSTABLE,1,STABLE (Table VII caption),DISAGREE,2.523E-006,2.495E-007,2.118E-006,4.486E-006,0.0090
190,turning,-6.4662618637084961,495.73291015625,10.103364944458008,0.038285013288259506,-0.00904565304517746,0.064274527132511139,0.05005437508225441,6.3359622955322266,52.09,B-,-0.0073858831623339529,-0.11274677139747435,0.11298843184433524,0.065368489869029447,0.195119,STABLE,UNSTABLE,1,STABLE (Table VII caption),DISAGREE,2.523E-006,2.495E-007,2.118E-006,4.486E-006,0.0090
190,turning,-6.4662618637084961,495.73291015625,10.103364944458008,0.038285013288259506,-0.00904565304517746,0.064274527132511139,0.05005437508225441,6.3359622955322266,52.09,C+,-0.39077587119706969,6.013210515434233,6.0258946625740695,0.064849436154953088,0.999279,STABLE,UNSTABLE,1,STABLE (Table VII caption),DISAGREE,7.649E-006,3.733E-007,6.849E-006,4.325E-004,0.0207
190,turning,-6.4662618637084961,495.73291015625,10.103364944458008,0.038285013288259506,-0.00904565304517746,0.064274527132511139,0.05005437508225441,6.3359622955322266,52.09,C-,-0.39077587119706969,-6.013210515434233,6.0258946625740695,0.064849436154953088,0.999279,STABLE,UNSTABLE,1,STABLE (Table VII caption),DISAGREE,7.649E-006,3.733E-007,6.849E-006,4.325E-004,0.0207
190,turning,-6.4662618637084961,495.73291015625,10.103364944458008,0.038285013288259506,-0.00904565304517746,0.064274527132511139,0.05005437508225441,6.3359622955322266,52.09,D,-1.0135288097396042,0,1.0135288097396042,,0.994302,STABLE,UNSTABLE,1,STABLE (Table VII caption),DISAGREE,1.676E-005,1.470E-006,1.676E-004,1.110E-004,0.0434
190,turning,-6.4662618637084961,495.73291015625,10.103364944458008,0.038285013288259506,-0.00904565304517746,0.064274527132511139,0.05005437508225441,6.3359622955322266,52.09,E,0.014186226461334859,0,0.014186226461334859,,0.422891,UNSTABLE,UNSTABLE,1,STABLE (Table VII caption),DISAGREE,2.044E-005,1.320E-006,2.044E-004,7.000E-006,0.0061
191,turning,-6.4769830703735352,505.80398559570313,10.029494285583496,0.037063959985971451,-0.0085203135386109352,0.067507520318031311,0.050080686807632446,5.788029670715332,53.430000000000007,A+,-0.59902967658623618,0.510784109474248,0.78723373906509575,0.76092988252463967,0.385293,STABLE,UNSTABLE,1,STABLE (Table VII caption),DISAGREE,3.071E-004,1.978E-005,4.675E-005,2.851E-004,0.0924
191,turning,-6.4769830703735352,505.80398559570313,10.029494285583496,0.037063959985971451,-0.0085203135386109352,0.067507520318031311,0.050080686807632446,5.788029670715332,53.430000000000007,A-,-0.59902967658623618,-0.510784109474248,0.78723373906509575,0.76092988252463967,0.385293,STABLE,UNSTABLE,1,STABLE (Table VII caption),DISAGREE,3.071E-004,1.978E-005,4.675E-005,2.851E-004,0.0924
191,turning,-6.4769830703735352,505.80398559570313,10.029494285583496,0.037063959985971451,-0.0085203135386109352,0.067507520318031311,0.050080686807632446,5.788029670715332,53.430000000000007,B+,-0.0067815504797180994,0.11391866936022804,0.11412034286538891,0.059424554022916874,0.206047,STABLE,UNSTABLE,1,STABLE (Table VII caption),DISAGREE,1.717E-006,1.494E-007,2.551E-006,5.324E-006,0.0115
191,turning,-6.4769830703735352,505.80398559570313,10.029494285583496,0.037063959985971451,-0.0085203135386109352,0.067507520318031311,0.050080686807632446,5.788029670715332,53.430000000000007,B-,-0.0067815504797180994,-0.11391866936022804,0.11412034286538891,0.059424554022916874,0.206047,STABLE,UNSTABLE,1,STABLE (Table VII caption),DISAGREE,1.717E-006,1.494E-007,2.551E-006,5.324E-006,0.0115
191,turning,-6.4769830703735352,505.80398559570313,10.029494285583496,0.037063959985971451,-0.0085203135386109352,0.067507520318031311,0.050080686807632446,5.788029670715332,53.430000000000007,C+,-0.39903631249075289,6.1341750891590117,6.1471403110019534,0.064914137680666,0.999273,STABLE,UNSTABLE,1,STABLE (Table VII caption),DISAGREE,4.230E-007,1.713E-006,2.195E-006,4.752E-004,0.0219
191,turning,-6.4769830703735352,505.80398559570313,10.029494285583496,0.037063959985971451,-0.0085203135386109352,0.067507520318031311,0.050080686807632446,5.788029670715332,53.430000000000007,C-,-0.39903631249075289,-6.1341750891590117,6.1471403110019534,0.064914137680666,0.999273,STABLE,UNSTABLE,1,STABLE (Table VII caption),DISAGREE,4.230E-007,1.713E-006,2.195E-006,4.752E-004,0.0219
191,turning,-6.4769830703735352,505.80398559570313,10.029494285583496,0.037063959985971451,-0.0085203135386109352,0.067507520318031311,0.050080686807632446,5.788029670715332,53.430000000000007,D,-1.0443777724166163,0,1.0443777724166163,,0.993663,STABLE,UNSTABLE,1,STABLE (Table VII caption),DISAGREE,1.494E-005,9.676E-007,1.494E-004,1.194E-004,0.0467
191,turning,-6.4769830703735352,505.80398559570313,10.029494285583496,0.037063959985971451,-0.0085203135386109352,0.067507520318031311,0.050080686807632446,5.788029670715332,53.430000000000007,E,0.01127367091207878,0,0.01127367091207878,,0.410060,UNSTABLE,UNSTABLE,1,STABLE (Table VII caption),DISAGREE,1.360E-005,5.406E-007,1.360E-004,1.447E-005,0.0254
192,turning,-6.48651647567749,516.9071044921875,9.9422836303710938,0.035677935928106315,-0.00791426096111536,0.070787988603115082,0.049990963190793991,5.2180585861206064,54.77,A+,-0.65407406605577156,0.58671600458932038,0.87866293533298956,0.74439701477551812,0.308766,STABLE,UNSTABLE,1,STABLE (Table VII caption),DISAGREE,1.942E-004,1.433E-005,5.305E-005,4.198E-004,0.1384
192,turning,-6.48651647567749,516.9071044921875,9.9422836303710938,0.035677935928106315,-0.00791426096111536,0.070787988603115082,0.049990963190793991,5.2180585861206064,54.77,A-,-0.65407406605577156,-0.58671600458932038,0.87866293533298956,0.74439701477551812,0.308766,STABLE,UNSTABLE,1,STABLE (Table VII caption),DISAGREE,1.942E-004,1.433E-005,5.305E-005,4.198E-004,0.1384
192,turning,-6.48651647567749,516.9071044921875,9.9422836303710938,0.035677935928106315,-0.00791426096111536,0.070787988603115082,0.049990963190793991,5.2180585861206064,54.77,B+,-0.006181141630502417,0.11526223458484733,0.11542785293571352,0.053549827648140931,0.218551,STABLE,UNSTABLE,1,STABLE (Table VII caption),DISAGREE,1.072E-006,1.222E-007,2.531E-006,5.701E-006,0.0128
192,turning,-6.48651647567749,516.9071044921875,9.9422836303710938,0.035677935928106315,-0.00791426096111536,0.070787988603115082,0.049990963190793991,5.2180585861206064,54.77,B-,-0.006181141630502417,-0.11526223458484733,0.11542785293571352,0.053549827648140931,0.218551,STABLE,UNSTABLE,1,STABLE (Table VII caption),DISAGREE,1.072E-006,1.222E-007,2.531E-006,5.701E-006,0.0128
192,turning,-6.48651647567749,516.9071044921875,9.9422836303710938,0.035677935928106315,-0.00791426096111536,0.070787988603115082,0.049990963190793991,5.2180585861206064,54.77,C+,-0.40794150969366705,6.2672673129402749,6.2805299017822351,0.064953358406574083,0.999268,STABLE,UNSTABLE,1,STABLE (Table VII caption),DISAGREE,6.056E-006,1.637E-006,1.232E-005,5.238E-004,0.0237
192,turning,-6.48651647567749,516.9071044921875,9.9422836303710938,0.035677935928106315,-0.00791426096111536,0.070787988603115082,0.049990963190793991,5.2180585861206064,54.77,C-,-0.40794150969366705,-6.2672673129402749,6.2805299017822351,0.064953358406574083,0.999268,STABLE,UNSTABLE,1,STABLE (Table VII caption),DISAGREE,6.056E-006,1.637E-006,1.232E-005,5.238E-004,0.0237
192,turning,-6.48651647567749,516.9071044921875,9.9422836303710938,0.035677935928106315,-0.00791426096111536,0.070787988603115082,0.049990963190793991,5.2180585861206064,54.77,D,-1.0775588531695111,0,1.0775588531695111,,0.993484,STABLE,UNSTABLE,1,STABLE (Table VII caption),DISAGREE,9.582E-006,9.167E-007,9.582E-005,1.294E-004,0.0490
192,turning,-6.48651647567749,516.9071044921875,9.9422836303710938,0.035677935928106315,-0.00791426096111536,0.070787988603115082,0.049990963190793991,5.2180585861206064,54.77,E,0.0067731668333768326,0,0.0067731668333768326,,0.409499,UNSTABLE,UNSTABLE,1,STABLE (Table VII caption),DISAGREE,7.266E-006,1.930E-008,7.266E-005,1.892E-005,0.0390
193,turning,-6.4922957420349121,529.12725830078125,9.8394689559936523,0.034133315086364746,-0.0072294827550649643,0.074076950550079346,0.049777645617723465,4.6310992240905771,56.1,A+,-0.71822333147153294,0.69903291695149294,1.0022433700712519,0.71661569726370222,0.215573,STABLE,UNSTABLE,1,STABLE (Table VII caption),DISAGREE,8.420E-005,9.029E-006,7.637E-005,5.563E-004,0.1788
193,turning,-6.4922957420349121,529.12725830078125,9.8394689559936523,0.034133315086364746,-0.0072294827550649643,0.074076950550079346,0.049777645617723465,4.6310992240905771,56.1,A-,-0.71822333147153294,-0.69903291695149294,1.0022433700712519,0.71661569726370222,0.215573,STABLE,UNSTABLE,1,STABLE (Table VII caption),DISAGREE,8.420E-005,9.029E-006,7.637E-005,5.563E-004,0.1788
193,turning,-6.4922957420349121,529.12725830078125,9.8394689559936523,0.034133315086364746,-0.0072294827550649643,0.074076950550079346,0.049777645617723465,4.6310992240905771,56.1,B+,-0.0056649404278470063,0.11663589820576845,0.11677338866504404,0.048512255168825111,0.233413,STABLE,UNSTABLE,1,STABLE (Table VII caption),DISAGREE,5.075E-007,1.406E-007,1.621E-006,5.367E-006,0.0127
193,turning,-6.4922957420349121,529.12725830078125,9.8394689559936523,0.034133315086364746,-0.0072294827550649643,0.074076950550079346,0.049777645617723465,4.6310992240905771,56.1,B-,-0.0056649404278470063,-0.11663589820576845,0.11677338866504404,0.048512255168825111,0.233413,STABLE,UNSTABLE,1,STABLE (Table VII caption),DISAGREE,5.075E-007,1.406E-007,1.621E-006,5.367E-006,0.0127
193,turning,-6.4922957420349121,529.12725830078125,9.8394689559936523,0.034133315086364746,-0.0072294827550649643,0.074076950550079346,0.049777645617723465,4.6310992240905771,56.1,C+,-0.41746178201563505,6.41339761359198,6.4269699928870807,0.064954680429137282,0.999265,STABLE,UNSTABLE,1,STABLE (Table VII caption),DISAGREE,1.040E-006,1.326E-006,5.533E-006,5.823E-004,0.0258
193,turning,-6.4922957420349121,529.12725830078125,9.8394689559936523,0.034133315086364746,-0.0072294827550649643,0.074076950550079346,0.049777645617723465,4.6310992240905771,56.1,C-,-0.41746178201563505,-6.41339761359198,6.4269699928870807,0.064954680429137282,0.999265,STABLE,UNSTABLE,1,STABLE (Table VII caption),DISAGREE,1.040E-006,1.326E-006,5.533E-006,5.823E-004,0.0258
193,turning,-6.4922957420349121,529.12725830078125,9.8394689559936523,0.034133315086364746,-0.0072294827550649643,0.074076950550079346,0.049777645617723465,4.6310992240905771,56.1,D,-1.1138977332631712,0,1.1138977332631712,,0.993829,STABLE,UNSTABLE,1,STABLE (Table VII caption),DISAGREE,3.964E-006,4.808E-007,3.964E-005,1.458E-004,0.0502
193,turning,-6.4922957420349121,529.12725830078125,9.8394689559936523,0.034133315086364746,-0.0072294827550649643,0.074076950550079346,0.049777645617723465,4.6310992240905771,56.1,E,0.00165474817843366,0,0.00165474817843366,,0.415062,UNSTABLE,UNSTABLE,1,STABLE (Table VII caption),DISAGREE,2.308E-006,1.414E-007,2.308E-005,1.942E-005,0.0441
195,turning,-6.4869661331176758,547.4259033203125,9.6724987030029315,0.031833477318286896,-0.0061986404471099377,0.078419439494609833,0.049287836998701096,3.8287425041198726,57.85,A+,-0.81926316109199293,0.89972315693404692,1.2168376581310312,0.6732723593961728,0.108189,STABLE,STABLE,0,STABLE (Table VII caption),AGREE,4.592E-005,5.162E-006,1.199E-004,7.324E-004,0.2797
195,turning,-6.4869661331176758,547.4259033203125,9.6724987030029315,0.031833477318286896,-0.0061986404471099377,0.078419439494609833,0.049287836998701096,3.8287425041198726,57.85,A-,-0.81926316109199293,-0.89972315693404692,1.2168376581310312,0.6732723593961728,0.108189,STABLE,STABLE,0,STABLE (Table VII caption),AGREE,4.592E-005,5.162E-006,1.199E-004,7.324E-004,0.2797
195,turning,-6.4869661331176758,547.4259033203125,9.6724987030029315,0.031833477318286896,-0.0061986404471099377,0.078419439494609833,0.049287836998701096,3.8287425041198726,57.85,B+,-0.0051099137761192685,0.11833696845173008,0.11844724277561354,0.043140841917270197,0.256188,STABLE,STABLE,0,STABLE (Table VII caption),AGREE,3.657E-007,6.624E-008,1.000E-006,4.865E-006,0.0153
195,turning,-6.4869661331176758,547.4259033203125,9.6724987030029315,0.031833477318286896,-0.0061986404471099377,0.078419439494609833,0.049287836998701096,3.8287425041198726,57.85,B-,-0.0051099137761192685,-0.11833696845173008,0.11844724277561354,0.043140841917270197,0.256188,STABLE,STABLE,0,STABLE (Table VII caption),AGREE,3.657E-007,6.624E-008,1.000E-006,4.865E-006,0.0153
195,turning,-6.4869661331176758,547.4259033203125,9.6724987030029315,0.031833477318286896,-0.0061986404471099377,0.078419439494609833,0.049287836998701096,3.8287425041198726,57.85,C+,-0.43106841858417788,6.63144573721247,6.6454414862440938,0.064866784167233932,0.999262,STABLE,STABLE,0,STABLE (Table VII caption),AGREE,1.444E-006,4.290E-006,3.021E-006,6.732E-004,0.0382
195,turning,-6.4869661331176758,547.4259033203125,9.6724987030029315,0.031833477318286896,-0.0061986404471099377,0.078419439494609833,0.049287836998701096,3.8287425041198726,57.85,C-,-0.43106841858417788,-6.63144573721247,6.6454414862440938,0.064866784167233932,0.999262,STABLE,STABLE,0,STABLE (Table VII caption),AGREE,1.444E-006,4.290E-006,3.021E-006,6.732E-004,0.0382
195,turning,-6.4869661331176758,547.4259033203125,9.6724987030029315,0.031833477318286896,-0.0061986404471099377,0.078419439494609833,0.049287836998701096,3.8287425041198726,57.85,D,-1.1706369412078759,0,1.1706369412078759,,0.994725,STABLE,STABLE,0,STABLE (Table VII caption),AGREE,4.367E-007,4.362E-007,4.367E-006,1.821E-004,0.0706
195,turning,-6.4869661331176758,547.4259033203125,9.6724987030029315,0.031833477318286896,-0.0061986404471099377,0.078419439494609833,0.049287836998701096,3.8287425041198726,57.85,E,-0.0048720224570447781,0,0.0048720224570447781,,0.422732,STABLE,STABLE,0,STABLE (Table VII caption),AGREE,6.746E-007,3.287E-008,6.746E-006,1.766E-005,0.0558
196,turning,-6.4640579223632813,563.17877197265625,9.5166168212890643,0.029903298243880272,-0.0053309174254536629,0.081641346216201782,0.0487452931702137,3.208869457244873,59.16,A+,-0.90868721273478092,1.0882217928998337,1.4177232173911216,0.64094824828145014,0.056182,STABLE,STABLE,0,STABLE (Table VII caption),AGREE,1.276E-004,8.156E-006,5.655E-005,8.659E-004,0.2160
196,turning,-6.4640579223632813,563.17877197265625,9.5166168212890643,0.029903298243880272,-0.0053309174254536629,0.081641346216201782,0.0487452931702137,3.208869457244873,59.16,A-,-0.90868721273478092,-1.0882217928998337,1.4177232173911216,0.64094824828145014,0.056182,STABLE,STABLE,0,STABLE (Table VII caption),AGREE,1.276E-004,8.156E-006,5.655E-005,8.659E-004,0.2160
196,turning,-6.4640579223632813,563.17877197265625,9.5166168212890643,0.029903298243880272,-0.0053309174254536629,0.081641346216201782,0.0487452931702137,3.208869457244873,59.16,B+,-0.0047438730011654332,0.11946414786349713,0.11955829940160027,0.039678324507030724,0.274645,STABLE,STABLE,0,STABLE (Table VII caption),AGREE,3.232E-007,8.211E-008,1.000E-006,4.225E-006,0.0100
196,turning,-6.4640579223632813,563.17877197265625,9.5166168212890643,0.029903298243880272,-0.0053309174254536629,0.081641346216201782,0.0487452931702137,3.208869457244873,59.16,B-,-0.0047438730011654332,-0.11946414786349713,0.11955829940160027,0.039678324507030724,0.274645,STABLE,STABLE,0,STABLE (Table VII caption),AGREE,3.232E-007,8.211E-008,1.000E-006,4.225E-006,0.0100
196,turning,-6.4640579223632813,563.17877197265625,9.5166168212890643,0.029903298243880272,-0.0053309174254536629,0.081641346216201782,0.0487452931702137,3.208869457244873,59.16,C+,-0.44204842270125927,6.8183179856475995,6.8326325059539244,0.064696648373238325,0.999260,STABLE,STABLE,0,STABLE (Table VII caption),AGREE,4.363E-006,2.698E-006,7.819E-006,7.603E-004,0.0326
196,turning,-6.4640579223632813,563.17877197265625,9.5166168212890643,0.029903298243880272,-0.0053309174254536629,0.081641346216201782,0.0487452931702137,3.208869457244873,59.16,C-,-0.44204842270125927,-6.8183179856475995,6.8326325059539244,0.064696648373238325,0.999260,STABLE,STABLE,0,STABLE (Table VII caption),AGREE,4.363E-006,2.698E-006,7.819E-006,7.603E-004,0.0326
196,turning,-6.4640579223632813,563.17877197265625,9.5166168212890643,0.029903298243880272,-0.0053309174254536629,0.081641346216201782,0.0487452931702137,3.208869457244873,59.16,D,-1.2233237169386708,0,1.2233237169386708,,0.995439,STABLE,STABLE,0,STABLE (Table VII caption),AGREE,1.697E-006,2.708E-008,1.697E-005,2.226E-004,0.0545
196,turning,-6.4640579223632813,563.17877197265625,9.5166168212890643,0.029903298243880272,-0.0053309174254536629,0.081641346216201782,0.0487452931702137,3.208869457244873,59.16,E,-0.0091585355954150564,0,0.0091585355954150564,,0.425022,STABLE,STABLE,0,STABLE (Table VII caption),AGREE,1.565E-006,4.142E-008,1.565E-005,1.512E-005,0.0362
197,turning,-6.4119524955749512,581.0400390625,9.3266849517822266,0.027800856158137321,-0.004393349401652813,0.08476121723651886,0.048033736646175385,2.5819754600524902,60.460000000000008,A+,-1.0100600007015741,1.3087257558470906,1.6531740105127477,0.610982264588284,0.026623,STABLE,STABLE,0,STABLE (Table VII caption),AGREE,1.943E-004,1.260E-005,4.798E-005,1.006E-003,0.2142
197,turning,-6.4119524955749512,581.0400390625,9.3266849517822266,0.027800856158137321,-0.004393349401652813,0.08476121723651886,0.048033736646175385,2.5819754600524902,60.460000000000008,A-,-1.0100600007015741,-1.3087257558470906,1.6531740105127477,0.610982264588284,0.026623,STABLE,STABLE,0,STABLE (Table VII caption),AGREE,1.943E-004,1.260E-005,4.798E-005,1.006E-003,0.2142
197,turning,-6.4119524955749512,581.0400390625,9.3266849517822266,0.027800856158137321,-0.004393349401652813,0.08476121723651886,0.048033736646175385,2.5819754600524902,60.460000000000008,B+,-0.0043889625629607411,0.12041882680832319,0.12049878357175231,0.036423293521027834,0.293404,STABLE,STABLE,0,STABLE (Table VII caption),AGREE,4.694E-007,7.688E-008,1.437E-006,3.572E-006,0.0085
197,turning,-6.4119524955749512,581.0400390625,9.3266849517822266,0.027800856158137321,-0.004393349401652813,0.08476121723651886,0.048033736646175385,2.5819754600524902,60.460000000000008,B-,-0.0043889625629607411,-0.12041882680832319,0.12049878357175231,0.036423293521027834,0.293404,STABLE,STABLE,0,STABLE (Table VII caption),AGREE,4.694E-007,7.688E-008,1.437E-006,3.572E-006,0.0085
197,turning,-6.4119524955749512,581.0400390625,9.3266849517822266,0.027800856158137321,-0.004393349401652813,0.08476121723651886,0.048033736646175385,2.5819754600524902,60.460000000000008,C+,-0.4535304323885605,7.02910615537027,7.0437222543600324,0.064387892652613785,0.999259,STABLE,STABLE,0,STABLE (Table VII caption),AGREE,9.829E-007,1.584E-006,8.627E-006,8.698E-004,0.0367
197,turning,-6.4119524955749512,581.0400390625,9.3266849517822266,0.027800856158137321,-0.004393349401652813,0.08476121723651886,0.048033736646175385,2.5819754600524902,60.460000000000008,C-,-0.4535304323885605,-7.02910615537027,7.0437222543600324,0.064387892652613785,0.999259,STABLE,STABLE,0,STABLE (Table VII caption),AGREE,9.829E-007,1.584E-006,8.627E-006,8.698E-004,0.0367
197,turning,-6.4119524955749512,581.0400390625,9.3266849517822266,0.027800856158137321,-0.004393349401652813,0.08476121723651886,0.048033736646175385,2.5819754600524902,60.460000000000008,D,-1.2879199425439221,0,1.2879199425439221,,0.996077,STABLE,STABLE,0,STABLE (Table VII caption),AGREE,1.841E-006,6.798E-009,1.841E-005,2.775E-004,0.0570
197,turning,-6.4119524955749512,581.0400390625,9.3266849517822266,0.027800856158137321,-0.004393349401652813,0.08476121723651886,0.048033736646175385,2.5819754600524902,60.460000000000008,E,-0.012783555112203642,0,0.012783555112203642,,0.423345,STABLE,STABLE,0,STABLE (Table VII caption),AGREE,1.374E-006,3.468E-007,1.374E-005,1.271E-005,0.0303
198,turning,-6.3109245300292969,601.62060546875,9.0909633636474609,0.025517074391245842,-0.0033987178467214108,0.087702974677085876,0.047124508768320084,1.9551353454589844,61.75,A+,-1.1231092667732616,1.5633068030320096,1.924916254157083,0.58345876832188159,0.011596,STABLE,STABLE,0,STABLE (Table VII caption),AGREE,2.478E-004,1.721E-005,1.716E-004,1.159E-003,0.2082
198,turning,-6.3109245300292969,601.62060546875,9.0909633636474609,0.025517074391245842,-0.0033987178467214108,0.087702974677085876,0.047124508768320084,1.9551353454589844,61.75,A-,-1.1231092667732616,-1.5633068030320096,1.924916254157083,0.58345876832188159,0.011596,STABLE,STABLE,0,STABLE (Table VII caption),AGREE,2.478E-004,1.721E-005,1.716E-004,1.159E-003,0.2082
198,turning,-6.3109245300292969,601.62060546875,9.0909633636474609,0.025517074391245842,-0.0033987178467214108,0.087702974677085876,0.047124508768320084,1.9551353454589844,61.75,B+,-0.0040291230169746464,0.12114451560391071,0.12121149901388102,0.033240435517699812,0.312010,STABLE,STABLE,0,STABLE (Table VII caption),AGREE,4.256E-007,8.070E-008,1.328E-006,2.696E-006,0.0067
198,turning,-6.3109245300292969,601.62060546875,9.0909633636474609,0.025517074391245842,-0.0033987178467214108,0.087702974677085876,0.047124508768320084,1.9551353454589844,61.75,B-,-0.0040291230169746464,-0.12114451560391071,0.12121149901388102,0.033240435517699812,0.312010,STABLE,STABLE,0,STABLE (Table VII caption),AGREE,4.256E-007,8.070E-008,1.328E-006,2.696E-006,0.0067
198,turning,-6.3109245300292969,601.62060546875,9.0909633636474609,0.025517074391245842,-0.0033987178467214108,0.087702974677085876,0.047124508768320084,1.9551353454589844,61.75,C+,-0.46528768653140962,7.2702988074295787,7.2851724331377152,0.063867765766940227,0.999258,STABLE,STABLE,0,STABLE (Table VII caption),AGREE,1.334E-006,7.361E-007,1.000E-006,1.011E-003,0.0420
198,turning,-6.3109245300292969,601.62060546875,9.0909633636474609,0.025517074391245842,-0.0033987178467214108,0.087702974677085876,0.047124508768320084,1.9551353454589844,61.75,C-,-0.46528768653140962,-7.2702988074295787,7.2851724331377152,0.063867765766940227,0.999258,STABLE,STABLE,0,STABLE (Table VII caption),AGREE,1.334E-006,7.361E-007,1.000E-006,1.011E-003,0.0420
198,turning,-6.3109245300292969,601.62060546875,9.0909633636474609,0.025517074391245842,-0.0033987178467214108,0.087702974677085876,0.047124508768320084,1.9551353454589844,61.75,D,-1.3686995254811751,0,1.3686995254811751,,0.996639,STABLE,STABLE,0,STABLE (Table VII caption),AGREE,1.301E-006,2.075E-007,1.301E-005,3.537E-004,0.0633
198,turning,-6.3109245300292969,601.62060546875,9.0909633636474609,0.025517074391245842,-0.0033987178467214108,0.087702974677085876,0.047124508768320084,1.9551353454589844,61.75,E,-0.015746563281847512,0,0.015746563281847512,,0.417901,STABLE,STABLE,0,STABLE (Table VII caption),AGREE,1.343E-006,7.378E-008,1.343E-005,1.034E-005,0.0245
199,turning,-6.1292886734008789,625.7099609375,8.7928657531738281,0.023054597899317745,-0.0023783431388437748,0.090318858623504639,0.045980054885149,1.344302773475647,63.019999999999996,A+,-1.2445536368877526,1.8533397064294512,2.2324385372319964,0.55748618209703382,0.004612,STABLE,STABLE,0,STABLE (Table VII caption),AGREE,2.894E-004,2.070E-005,1.131E-004,1.323E-003,0.1987
199,turning,-6.1292886734008789,625.7099609375,8.7928657531738281,0.023054597899317745,-0.0023783431388437748,0.090318858623504639,0.045980054885149,1.344302773475647,63.019999999999996,A-,-1.2445536368877526,-1.8533397064294512,2.2324385372319964,0.55748618209703382,0.004612,STABLE,STABLE,0,STABLE (Table VII caption),AGREE,2.894E-004,2.070E-005,1.131E-004,1.323E-003,0.1987
199,turning,-6.1292886734008789,625.7099609375,8.7928657531738281,0.023054597899317745,-0.0023783431388437748,0.090318858623504639,0.045980054885149,1.344302773475647,63.019999999999996,B+,-0.0036620859154698868,0.12151828108602813,0.12157344903948077,0.030122415251052314,0.330040,STABLE,STABLE,0,STABLE (Table VII caption),AGREE,3.512E-007,6.733E-008,1.000E-006,1.571E-006,0.0043
199,turning,-6.1292886734008789,625.7099609375,8.7928657531738281,0.023054597899317745,-0.0023783431388437748,0.090318858623504639,0.045980054885149,1.344302773475647,63.019999999999996,B-,-0.0036620859154698868,-0.12151828108602813,0.12157344903948077,0.030122415251052314,0.330040,STABLE,STABLE,0,STABLE (Table VII caption),AGREE,3.512E-007,6.733E-008,1.000E-006,1.571E-006,0.0043
199,turning,-6.1292886734008789,625.7099609375,8.7928657531738281,0.023054597899317745,-0.0023783431388437748,0.090318858623504639,0.045980054885149,1.344302773475647,63.019999999999996,C+,-0.47675650250514151,7.54988014956254,7.5649181777094867,0.063022030285791453,0.999254,STABLE,STABLE,0,STABLE (Table VII caption),AGREE,1.650E-006,1.110E-006,2.250E-006,1.207E-003,0.0487
199,turning,-6.1292886734008789,625.7099609375,8.7928657531738281,0.023054597899317745,-0.0023783431388437748,0.090318858623504639,0.045980054885149,1.344302773475647,63.019999999999996,C-,-0.47675650250514151,-7.54988014956254,7.5649181777094867,0.063022030285791453,0.999254,STABLE,STABLE,0,STABLE (Table VII caption),AGREE,1.650E-006,1.110E-006,2.250E-006,1.207E-003,0.0487
199,turning,-6.1292886734008789,625.7099609375,8.7928657531738281,0.023054597899317745,-0.0023783431388437748,0.090318858623504639,0.045980054885149,1.344302773475647,63.019999999999996,D,-1.4715414381784608,0,1.4715414381784608,,0.997149,STABLE,STABLE,0,STABLE (Table VII caption),AGREE,6.679E-007,8.710E-008,6.679E-006,4.644E-004,0.0760
199,turning,-6.1292886734008789,625.7099609375,8.7928657531738281,0.023054597899317745,-0.0023783431388437748,0.090318858623504639,0.045980054885149,1.344302773475647,63.019999999999996,E,-0.018033250335655324,0,0.018033250335655324,,0.409281,STABLE,STABLE,0,STABLE (Table VII caption),AGREE,1.089E-006,6.953E-008,1.089E-005,7.741E-006,0.0188
